Author,Comment,Likes,Published At
@user-xe9es4fj8u,미3누 화이링,0,2024-09-05T22:31:55Z
@user-ye7ef8kw2m,텃세만 ㅈㄴ 부리고 바로 잘라버림? 2주째 안보이느,0,2024-07-30T18:46:54Z
@user-zr2kn8ez4o,미미미누는 봐야지,0,2024-07-18T09:59:44Z
@Jaeyoung002,솔까 공부 지식 빼놓곤 저 중 제일 최고지 않나,1,2024-07-07T11:44:10Z
@graceoh3839,"티쳐스 출연자도 대본이나 설정이 있는건지. ㅎㄹ양 편은 뭔지 모르게 공감이 안돼고 불편한 느낌이 들어요. 그냥 목표가 정승제 쌤 티칭같이 느껴졌어요.  자극적인  설정에 문제 상황을 짜낸 것 같고. 미미미누  데려왔으면 포지션을 확실하게 해주던지 ,구박하고 텃새부리는 느낌 정말 보기 불편했습니다.",4,2024-06-30T16:15:15Z
@user-fy9et2fq3e,헐 대박,0,2024-06-30T15:34:13Z
@haechanfan,미미미누 나온다길래 기대하면서 조정식 걱정도 했는데 편해보여서 다행이다,4,2024-06-29T02:42:47Z
@user-tp5xl9xu4h,시즌1은 보다 말다 했는데 시즌2  꼭 챙겨봐야겠네요 (초1키워요)~,1,2024-06-28T04:59:25Z
@icelandicaurora9459,어머 ㅎㅎ 시즌2  기대됩니다,0,2024-06-27T11:25:11Z
@worldgame10000,혼자 고등학교만 이론상 8년동안 살았던 사람,0,2024-06-27T08:49:17Z
@ya1775,미미미누 화이팅!!!,1,2024-06-27T03:07:00Z
@건들지마-p2n,진짜 ㅋㅋ 고3중에 미미미누를 모르는 사람이 있나 ? 싶을정도로 입시하면 미삼누아니냐,1,2024-06-26T00:37:45Z
@plaguedoctor8603,5수?<br>11수의 케케케인님을 아니?,0,2024-06-25T11:30:14Z
@user-yp3sk4jy7z,ㅋㅋㅋㅋ 미누~ 흥해라~,1,2024-06-25T10:30:11Z
@user-sx1kq6zj5o,미3누 너무 기대되고 대한민국 교육과 입시는 미3누 빠지면 안됩니다.<br>제작진 섭외 잘 했어요.,0,2024-06-25T06:58:56Z
@minjaekim7742,국어샘도 부르세요,0,2024-06-25T04:33:36Z
@user-vm6ss8ph2m,찰떡섭외,0,2024-06-24T15:31:56Z
@user-rr5pr9m,이제 우리엄마도 미미미누 알겠네..ㅋㅋㅋㅋㅋ,0,2024-06-24T13:39:58Z
@user-cp1hd4dg5e,미미미누 나오니깐 재밌을듯..,0,2024-06-24T12:51:35Z
@최령-j5u,헐! 무조건 봐야지😂😂🎉,0,2024-06-24T12:15:09Z
@user-id6pu4uz6t,미미미누는 ❤,0,2024-06-24T11:49:24Z
@user-rh9cm3rl3o,미미미누한테 컨설팅 받으면 오수미누 되는거 아님?,0,2024-06-24T05:10:22Z
@mph5788,ㅋㅋㅋㅋㅋㅋ소름돋아,0,2024-06-24T04:40:04Z
@user-pf1xv1ig5s,너무 기대됩니다 쟈미있을듯 ㅋㅋㅋㅋㅋ,0,2024-06-24T01:00:41Z
@TV-jm2jb,윤도영샘도,0,2024-06-24T00:29:23Z
@sdurmeianm,기대된다❤,0,2024-06-23T15:59:46Z
@sunhee9,이번에 아이가 대학 압학했어요 ㅎㅎㅎㅎ 근데 뒤늦게 미미미누 입덕 했어요 ~~~미미미누 분량 많았으면 ❤,1,2024-06-23T12:32:13Z
@user-yc8lv9xn8u,"패션 이과, 허수책상ㅋㅋㅋㅋ 단어 개웃기넼ㅋㅋㅋ",1,2024-06-23T06:59:20Z
@syaosyao-kh6sm,5수까지 했으면 와. .. 본인 같은 실수를 반복하지 않게 도와주는거 너무 좋다. 시즌2 기대^^,31,2024-06-23T03:43:55Z
@user-no8eh8dg4n,기대됩니다,1,2024-06-22T12:17:22Z
@albbanoo3,와 제작진 일 잘하네 꼭 봐야겠다,10,2024-06-22T07:43:06Z
@lhjserena,미3누가 나오는 티처스 기대됩니다.,1,2024-06-22T00:13:14Z
@user-vu6iy2wg4d,왜 잘생겻냐,0,2024-06-21T14:22:54Z
@user-zj4bz7kk7c,미3누 댓글 지운거임? ㅠ,0,2024-06-21T14:14:49Z
@user-ft6eo1ux5u,짧게봐도 재밌네요😊😊,0,2024-06-21T08:13:13Z
@yein_05,솔직히 미미미누도 메가에서 일하면 인기 많을듯,1,2024-06-20T18:19:09Z
@김미애-r5q,학생들 소식도 궁금합니다,1,2024-06-20T18:09:24Z
@user-jc5ug6ub6g,와 재밌겠다,2,2024-06-20T16:58:26Z
@user-si6ow6sb8q,미미미누는 뭔 티처스예요?,1,2024-06-20T14:01:08Z
@nakng17,아 티처스 ㅋㅋㅋㅋㅋ 캐스팅 미쳤다 ㅋㅋㅋㅋㅋ 갑자기 웃음 큰 한스푼 더했네,1,2024-06-20T11:43:16Z
@user-dy6lf6bc8m,얘 나오면 수능에 연관이 전혀없는 나도 보고싶어짐 그만큼 재밌고 잘하더하,1,2024-06-20T06:00:22Z
@user-un4yh1xk8n,섭외 잘했다. 칭찬하다 제작진😊,1,2024-06-20T03:28:05Z
@Erudam,ㅋㅋㅋ작가분들 빵빵터지네요 ㅋㅋㅋㅋㅋ,1,2024-06-20T03:00:28Z
@생크림-g5c,지상파방송사 보고있나??? 윤도영쌤 섭외가능할지는 모르겠지만.......  도영쌤 나와서 입시상담해버림 끝,2,2024-06-20T00:55:27Z
@생크림-g5c,윤도영쌤과 미누님의 올어바웃은 진짜 지상파로 가야된다,15,2024-06-20T00:54:21Z
@생크림-g5c,우리나라에서 고딩이 젤 잘아는 사람 미누다. 이건 팩트야.,1,2024-06-20T00:53:54Z
@user-us9vv7km9o,와.. ㅈ나 재밋겠다,1,2024-06-19T19:00:09Z
@rvelrkr4286,부산집주소지체장애인얼굴박은영박장원박은교신희정박성아빠박성규신영기권구현박숙희가족형제자식자손친척족보아는사람들 언제?어디서?어떻게?죽어서?청송묻혔니?꼴좋다통쾌하다,0,2024-06-19T04:45:06Z
@dbb01013,티처스에 고귀한 GE☆GE☆GE☆이가 등장하다니 웅장이 가슴해지는구나,0,2024-06-19T01:54:45Z
@lizzplaylist,미쳤닼ㅋㅋㅋ 썸네일만 보고 게스트인가 했는데 찐합류네 찰떡이닼ㅋㅋㅋㅋㅋ 보고싶어지넼ㅋㅋㅋㅋㅋㅋ,0,2024-06-19T01:25:11Z
@Sep_33,와우,0,2024-06-18T15:48:21Z
@user-yy9vv2bp8r,와 이거 개재밌겠네ㅋㅋㅋ,0,2024-06-17T16:51:59Z
@user-on2os5kj9j,"<a href=""https://www.youtube.com/watch?v=2gPV4kamoxo&amp;t=20"">0:20</a> 작가, 연츨들 앞에서 원맨쇼 하는 게 진짜 웃기네<br>진짜 좋아할 듯 ㅋㅋㅋㅋㅋㅋㅋㅋㅋㅋㅋ",3,2024-06-17T15:00:07Z
@user-tn4cc9sr2f,수험생 중 미3누 안보는 사람은 있어도 미3누가 누군진 알더라,0,2024-06-17T14:29:22Z
@happyhappyday-ts7fh,셋다 고대네…,0,2024-06-17T11:36:12Z
@user-eg2im1yf7p,와 나오면 바로봐야지….,0,2024-06-17T11:33:55Z
@user-ol4nq4vz6f,너무 재밌겠다 ㅜㅠㅠㅠ 드디어 티처스,1,2024-06-17T00:41:42Z
@user-pj7id6he6v,공부도 잡고 재미도 잡고 미3누 선택 굳이다 ~~~,1,2024-06-16T17:32:21Z
@user-pj7id6he6v,징맨드립 개웃기다 ㅋㅋㅋㅋㅋㅋㅋ,1,2024-06-16T17:31:29Z
@user-le9pu2rn9y,시즌2 기다렸어요,0,2024-06-15T11:31:03Z
@stevenchoi-tr1yl,😮😮😮,0,2024-06-15T08:44:46Z
@little_moonight,아니 대학 들어가서 미3누 입문하는거 ㄱㅊ?,0,2024-06-15T07:31:11Z
@user-mg1wd5df4u,빨리 보고싶네..,1,2024-06-15T04:21:41Z
@jamescho6278,김민정 강사님도 불러주세요.,1,2024-06-15T04:18:32Z
@user-gk4bc5fp6h,가가감자 이건 봐여지,0,2024-06-14T15:08:33Z
@JM-pr1vi,ㅋㅋ,0,2024-06-14T12:22:15Z
@user-uq7fw9ol5d,와우<br>미누 드디어 방송 진출이네요.,1,2024-06-14T05:31:44Z
@honey_tips_,"입시 준비 진짜 힘들지만 영상 보면서 많이 배우고 있어요! 조언이 큰 힘이 되네요 (+공부하다 보면 손목 아플때 많잖아요? 저도 그래서 tfcc보호마사지기 써봤는데, 집중도 잘되고 성적도 올랐어요!) 우리 모두 목표 대학 꼭 가자!!!👍",2,2024-06-14T03:34:44Z
@user-de4nc7qp4r,입시 주둥잌ㅋㅋㅋㅋ,2,2024-06-13T15:11:28Z
@user-de4nc7qp4r,고3한정 차은우,2,2024-06-13T15:10:22Z
@user-oy7fx6if4p,미미미누 잘되서 보기좋다,0,2024-06-13T14:41:36Z
@이서이-c1r,들어갈틈이 없는게 아니라 비집고 들어가서 아예 자리를 잡겠는데ㅋㅋ😂,2,2024-06-13T13:54:28Z
@anik4882,미누님 나오면 무조건 본방사수♡,1,2024-06-13T13:35:15Z
@런승현,있으면 좋겠다고 생각했는데 나왔넼ㅋㅋ,0,2024-06-13T13:16:27Z
@user-pc8ty4dg6n,봐야지,0,2024-06-13T09:01:33Z
@jeonsuji2643,학부모팬인데 우리 미누쌤 잘 되는거 보니 넘 좋네요~매일매일 갱신하는 느낌임ㅜㅜ시즌2 본방사수 하겠습니다ㅎ,7,2024-06-13T04:01:14Z
@SH-iw5cw,수학-정승제<br>영어-조정식<br>입시-김민우 let&#39;s go,2,2024-06-13T03:42:15Z
@user-en4kl9vj7p,완전 기대되요❤❤,0,2024-06-12T14:04:08Z
@user-xp5zt1if5d,솔직히....장연란좀 빠지자...왜 나오는지...,3,2024-06-12T13:44:07Z
@user-mb8so7do5q,입시판 잘 모르는 부모님 나왔을때 미누가 맞춤설명 ㅈㄴ잘해줄거같음 사회성 ㅈㄴㅆㅅㅌㅊ라,5,2024-06-12T12:24:31Z
@strawberrytea74,입시주둥이😂😂😂,1,2024-06-12T06:57:48Z
@user-fr9pn7co7x,완전 본방사수!!! 너무 기다려짐!!,1,2024-06-12T06:51:42Z
@user-gz6gs6gg3d,미ㅣㅁ미미미미누❤❤❤❤❤,2,2024-06-12T04:57:39Z
@user-cv7dg8yo2p,너무 기대돼요. 시즌 1도 완벽했는데 시즌 2 상상 초월 미미미누가 합세할 줄이야!!!! 제작진 분들 아이디어 최고입니다,1,2024-06-11T00:45:48Z
@bubbleijanix,와~미3누~~역시역시~,0,2024-06-11T00:45:42Z
@user-ih2sl7ir8w,미쳤다고❤️🥰😘🥰🥰❤️❤️💗❤️‍🔥💗❤️‍🔥❤️‍🔥❤️🥰😍🥰미3누🥰😍😘🥰❤️❤️❤️‍🔥🥰😘😍😍🥰,1,2024-06-10T17:23:00Z
@yhgyeong0412,미친 ㅋㅋㅋ재밌겠다 ㅋㅋ,1,2024-06-10T14:52:38Z
@kyuhyun1106,티처스에 국어쌤 하나 넣어주지 평가원 막내딸 유명한쌤,1,2024-06-10T08:10:22Z
@정재훈-s5w,설렌다,0,2024-06-10T02:13:54Z
@user-oy9io4rr9f,말하는 감자가 티비에 나온다니 세상 좋아졌네요,0,2024-06-10T00:53:39Z
@user-vs1kd1zo5j,미5누 헬스터디 빚내서 찍나..?,0,2024-06-09T20:38:15Z
@kazusang1972,완전기대❤,1,2024-06-09T19:51:37Z
@naughtybilly3426,입시는<br>미미미누❤,2,2024-06-09T15:36:44Z
@user-xl1yt5xd8k,이왜진...ㅋㅋㅋㅋ,0,2024-06-09T12:57:02Z
@user-ux3ts4np2k,미누형 성공했네;;,1,2024-06-09T12:50:46Z
@pinky85,5년간의 짬바와 윤도영의 입시정보까지 더해진 입시괴물,0,2024-06-09T11:47:16Z
@manuvidan,찐 전문갘ㅋㅋㅋㅋㅋㅋㅋㅋㅋㅋㅋㅋㅋㅋㅋㅋㅋㅋㅋㅋㅋㅋ<br>고3을 제일 잘 아는...<br>매년 수능 리허설을 찍는 남자....,1,2024-06-09T06:37:47Z
@user-fr5ht7hf2o,와 이거 언제 해.,0,2024-06-09T06:26:54Z
@user-lx3un7sq1q,"헉!!!!!!대박 티처스,미미미누를 즐겨보던 사람인데 미미미누가 티쳐스에 나온다고요?방학때 정주행해야지!!",0,2024-06-09T05:47:53Z
@user-xs8yr9uu9r,이거 언제 나와요??,2,2024-06-09T05:41:38Z
@kttwiz,시즌2인건가요 ?  언제 시작하는데요 ❤,1,2024-06-09T03:36:37Z
@kttwiz,와 티처스…대세를 알아보는구나 ㅋㅋ 물들어올때 노 씨게 저어버리네 ㅋㅋㅋㅋ 미미미누 섭외를 해버리다니. 미미미누랑 전현무 조합도 기대됨,854,2024-06-09T03:34:54Z
@user-kl3qq1wr3z,미미미누는 진짜 어느 채널을 가든 보임ㄷㄷ,0,2024-06-09T02:14:01Z
@Yankeki,드디어 미누~~~왜 이제왓노 ㅠ,0,2024-06-08T18:47:10Z
@user-sh1wi3mt7e,미삼누 지짜 말잘하고 영특해ㅜ 더떠라,0,2024-06-08T17:18:00Z
@Goyangi1004,티처스가 돌아왔다 ㅜ ㅜ 너무너무 오래 기다렸어요❤❤❤❤❤,0,2024-06-08T14:38:11Z
@송주현-v9g,고3이라 ㄹㅇ 개꿀잼,0,2024-06-08T14:30:25Z
@일하기싫어24,정승제 쌤: 수포자 담담<br>조정식 쌤: 영포자 당담<br>미3누 쌤: 허수생 담당(???),2,2024-06-08T12:25:51Z
@user-pe4iq8xm4x,ㅋㅋㅋ 어른들 사이에 있으니까 진짜 애기같네,2,2024-06-08T09:26:38Z
@user-vm8cg9rc2q,미미미누 쌤이 나오면 무조건 본방<br>사수 한다.,1,2024-06-08T09:13:09Z
@user-xx6qm3dh8w,궁금해서 그런데 댓글창 왜 차단한거예요?,0,2024-06-07T22:06:44Z
@user-hz8tf9ee1i,미뉴 ㅠㅠ 돈 마니 벌자 더 더 더 잘 돼라 ❤,0,2024-06-07T21:28:50Z
@SEJ2N,미미미누 이생퀴 죵나 열심히 사네 ㄹㅇ,0,2024-06-07T18:24:46Z
@Rock-im9ou,대한민국 입시 오징어 게임보다 재밌네 ~,1,2024-06-07T14:57:03Z
@user-yl7jp9gu1z,첫방언제임,0,2024-06-07T14:11:34Z
@user-mr9te2pr2p,역시 미미미뉴 ㅋㅋㅋㅋㅋ,0,2024-06-07T11:42:03Z
@user-sq1vq6bb8o,티처스 최고네 이건 솔직히 말해서 계속해서 나와야지 전 안나와서 마지막화 줄 알았는데 새로 돌아오다니 감격이다,5,2024-06-07T07:10:47Z
@hak-hyeonkim3254,사전제작인가보네,0,2024-06-07T06:07:40Z
@user-rk8fx6py3j,조정식쌤 너무 잘생겼다,0,2024-06-07T05:57:49Z
@임채현-k8r,티처스에 국어 쌤도 있으면 좋겠다 ebs 윤혜정쌤이요 이쌤 은근 뼈 잘때리던데 ㅋㅋ,19,2024-06-07T05:28:54Z
@spoemsjh0229,이야 진짜 성공했다... 논란 없이 쭉 잘 됐으면 하는 유튜버인데,1,2024-06-07T05:04:53Z
@user-gr4is6sy8n,내 댓글 와 저있누,0,2024-06-07T02:42:24Z
@Discreetvlrt,이영상 누르자마자 광고도 미미미누 광고 ㅋㅋ,0,2024-06-07T02:26:46Z
@PETBOY,쓰레기 수능 점수 잘받아 보겠다고 인생몰빵하는 한국 학생들 너무 불쌍,0,2024-06-07T02:26:27Z
@sio7947,와 티처스 가뜩이나 졸잼인데 미미미누 나오면 난리나겠따 ㅋㅋㅋㅋㅋㅋㅋㅋㅋㅋㅋㅋㅋㅋㅋㅋㅋㅋ,11,2024-06-06T18:17:46Z
@momlovesange,미미미누 진짜 올해 티비 출연 자주하는군요! 캬아~~~,0,2024-06-06T17:42:29Z
@user-ii5ge1to9l,와 미누형이 티처스를?? ㄷㄷ 대박이네 ㅎㄷㄷ 나 저형 분당에서 실물로 봤는데 개잘생긴 존잘임 ㄹㅇ 키만 8센치 더컸으면 완벽한 형인데 ㄲㅂ,0,2024-06-06T17:40:05Z
@wuus_0,아 진짜 미3누 넘 좋아ㅜㅜㅜㅜㅜ미치도록 사랑한다 민우야,8,2024-06-06T17:19:01Z
@라빔,진짜 너무 좋다...넘어갈게요,8,2024-06-06T16:35:02Z
@hojikim1410,미미미누 ㅋㅋㅋㅋㅋ 기대됨,0,2024-06-06T15:07:42Z
@user-zy5cb9dy7l,이거 부모님이 되게 좋아함 ㅋㅌㅋ,0,2024-06-06T13:52:53Z
@qpskaueaiqh179,티처스가 신이 되가는 과정,0,2024-06-06T13:07:24Z
@user-zj3xe4bu2i,미쳤다 최애 프로그램이랑 최애의 만남이라니,3,2024-06-06T12:08:39Z
@Ejhsb3167,아..장영란좀 안나왔으면 좋겠다,2,2024-06-06T11:22:08Z
@user-yq7ub4zi7m,진짜 미미미누 성공했다,0,2024-06-06T11:20:48Z
@user-ch6it9xp8j,입시 제갈량 ㅋㅋㅋㅋ,1,2024-06-06T08:59:30Z
@user-rt2oh7eb8x,ㅋㅋㅋㅋㅋㅌㅋㅋㅋㅋ개웃4ㅣㅁ,0,2024-06-06T07:18:50Z
@donj-xn4tk,5수흙감자 ㅅㅂ ㅋㅋ,0,2024-06-06T07:11:15Z
@anotherlife4575,5수 고대 행정 미미미누랑<br>고대 법대생 출신 조정식쌤 만남 기대된다ㄷㄷ,0,2024-06-06T07:04:24Z
@user-ru2cw5od2c,와ㅠㅠ 미미미누 대박이다ㅠ,5,2024-06-06T06:14:43Z
@Eris01741,허루ㅜ너무 기대됨ㅠㅠㅜㅠㅜ미3누가 티처스에 나온다니ㅠㅜㅠ,13,2024-06-06T05:24:30Z
@coronis0,아진짜개웃기네,0,2024-06-06T04:22:02Z
@이준호-l7b,ㅋㅋㅋㅋㅋㅋㅋㅋㅋㅋㅋ아 기대된다 개인적으로 현우진 안나온건 좀 아쉽 피식대학도 나왔으면서 뭐 정기적으로 촬영해야하는 방송은 어려울 수 있겠지,0,2024-06-06T02:47:51Z
@user-so5pn6rv4u,5수짬바가 있지 ㅋㅋㅋㅋㅋ,0,2024-06-06T01:44:59Z
@user-to1rr3nu2z,윤도영 한스쿱 첨가해서 약간 매워진게 개웃기네 진짜,442,2024-06-06T01:20:53Z
@al1dayfortenus,또 다른 곳 출연하니까 잘생겨짐,0,2024-06-05T23:54:12Z
@user-io2uk8ek7t,기대된다ㅋㅋㅋㄱㅋ,0,2024-06-05T22:43:39Z
@user-xc9qr8dc6l,이번 친구? 넘어갈께요,0,2024-06-05T20:35:46Z
@user-jh5yf4px4v,미미미누의 등장만으로 가슴이 웅장해진다,1,2024-06-05T20:04:11Z
@sjk2074,나중에 정치한다 진짜,0,2024-06-05T18:17:49Z
@07dltjgu,개좋은데?!! 미미미누 승승징구하자 진짜 안 질려,0,2024-06-05T18:09:23Z
@user-rj6nj5bg7q,"제작진,, 또 재미있으려고 작정했네,,",2,2024-06-05T16:57:06Z
@granadajoy7024,티쳐스 시즌2인거임? 15화라니까 햇갈리네,3,2024-06-05T16:49:54Z
@user-rl4fr4jt5y,초등 학부모인데 미미미누 입덕해서 영상 모조리 보고있어요😝,31,2024-06-05T15:23:44Z
@2young553,선생님들과 미미미누님과의 만남이라…진짜 신기한데 좋아요🧡🧡🧡,14,2024-06-05T15:11:08Z
@user-dd4wr7gc9o,미누형랑 정식티가 한자리에 ㅋㅋㅋㅋ,0,2024-06-05T15:11:02Z
@Tyui3267,오,0,2024-06-05T15:04:47Z
@user-dz2xy2on3m,누가 김유연 나왔으면 좋겠다 했었는데 미미미누가 나오네요 추천추천,0,2024-06-05T14:52:50Z
@andyoh4133,조정식 + 미미미누 조합 드디어 성사되네 ㅋㅋㅋ<br>예전에 이슈가 살짝 있었던지라 만날 수 있을까 했는데<br>이 조합 매우 기대된다 ㅋㅋㅋ,35,2024-06-05T14:15:19Z
@박영수-n8h,라인 미쳤닿ㄷㄷ,0,2024-06-05T14:15:04Z
@user-sn5pk1zg8b,와 저 사이에서도 입이 돌아간다고 이사람 진짜 재능있네,0,2024-06-05T14:10:31Z
@user-ho7pd3pd5y,다 내가 좋아하고 존경하는 선생님들,0,2024-06-05T14:08:22Z
@user-cj8fy7fd2v,경력직 최강자 ㅎㅎ,0,2024-06-05T14:06:48Z
@user-pv7no5vt8n,한회에먀 나오는거아니고 조정식 정승제쌤이랑 어깨를 나란히하는 티쳐신분인가요?,1,2024-06-05T13:35:56Z
@user-pv7no5vt8n,와대박 미3누 티쳐스 나오는지 지금 알았음 와 대박 ㅋㅋㅋ,1,2024-06-05T13:32:35Z
@user-nz7wq2sf1d,출연하고 싶어요….,1,2024-06-05T13:25:25Z
@user-ds5tz6sg3k,역시 미3누,1,2024-06-05T13:09:01Z
@dol12354,우왕 미미미누 나오면 본방으로 봐야겟담,37,2024-06-05T13:05:41Z
@CHACHAYENU-620,그럼 미미미누도 담당 티처 할수 있나요?,0,2024-06-05T13:05:36Z
@user-pw4ou9ur7q,ㅈㄴ기대됨ㅋㅋㅋㅋㅋ ㅋㅋㅋ,1,2024-06-05T12:55:20Z
@Skyblue1207a,꿀잼예약 ㅋㅋㅋㅋ,0,2024-06-05T12:25:23Z
@user-nb9qy1jo5t,아오 ㅋㅋㅋㅋ,1,2024-06-05T12:22:12Z
@KH-ix4mi,미미미누 쩐다,0,2024-06-05T12:19:08Z
@user_abcdxsla,이건 무조건 본다,7,2024-06-05T12:18:11Z
@user-zf8fv6nb4v,그래서 언제 나오는데….ㅠㅠㅠㅠ,3,2024-06-05T12:13:46Z
@roha_0209,티처스 본방의 이유를 찾았다,5,2024-06-05T12:07:49Z
@user-ei2nb4of2q,그러면 n수생도 신청 가능한가요?,2,2024-06-05T12:07:35Z
@wolf1004roy,진짜 대박이다 미미미미밈미미ㅣ미미미미미ㅣ미미미미누우!😆✨,8,2024-06-05T12:07:08Z
@carol-sf6qz,"수시 학종, 논술, 정시 수능  군수<br>문과긴해도 별거 다해본놈이긴 함 ㅋㅋ",3,2024-06-05T11:39:45Z
@user-xd3zj8vf6u,"고3이 아닌데,,, 미미미누.. 잘생겨보인다..",1,2024-06-05T11:37:32Z
@horan1060,오 미3누 나온다!!ㅎㅎ 학원강사도 미3누 즐겨봅니다 ㅎㅎㅎㅎ,10,2024-06-05T11:21:47Z
@ghostfantom7887,찌졌다!!!,0,2024-06-05T11:12:17Z
@김예드,티쳐스 1&quot;5&quot;회 미미미누 출연...ㄷㄷ,30,2024-06-05T10:37:48Z
@16xo46,와 미미미누면 ㄹㅈㄷ네 ㅋㅋㅋㅋㅋㅋㅋㅋㅋㅋ 이럼 무조건 보지,10,2024-06-05T10:29:45Z
@tobethebestican,재수계의 현역 미쓰리누,1,2024-06-05T10:19:04Z
@user-he8fy7yp3w,ㅈㄴ기대된다,1,2024-06-05T10:06:33Z
@user-eb4xu1gy1j,와우. 미미미누다!!!,1,2024-06-05T09:53:43Z
@yeonny_sy,공부에 입시를 더한다... 너무 좋다 티처스 ㅜㅜ,61,2024-06-05T09:51:11Z
@alldhf,도긩이 빙의한 독감자 미3누 미쳤다,2,2024-06-05T09:47:39Z
@user-us6ur1yo8y,&quot;나도 5수하면 고대 걍가지&quot;하는애들 뺨 ㅈㄴ마려움걍 ㅋㅋ 빡대가리련들 10수해도 너넨 못가😢,0,2024-06-05T09:47:09Z
@곰돌이-p6q,아니 미미미누 왤케 잘생겼음 하,3,2024-06-05T09:38:14Z
@user-bi9zi6tw2o,와 미3누 나오네 대박이다,5,2024-06-05T09:32:53Z
@user-yw8nb5ue4u,다시 안하나했는데 다행히 돌아왔네요,9,2024-06-05T09:32:40Z
@user-rd6pm9kh2m,자 이럼 이제 헬스터디 할 이유 없어지고,2,2024-06-05T09:30:52Z
@diffypro5082,괜히 윤도영 선생님께서 &quot;미누쌤&quot;이라고 부르는게 아니긴 해,296,2024-06-05T09:25:20Z
@user-kb5uw7lh3x,섭외  대박~~~~미미미누님  짱,31,2024-06-05T09:23:26Z
@user-we8ki9xr2t,큰 거 온다~~~,1,2024-06-05T09:13:53Z
@user-zd7nu7hy9b,섭외 잘했네 ㅋㅋㅋ,23,2024-06-05T09:13:34Z
@AlJalTtak,고3의 시점은 미3누지 ㄹㅇㅋㅋ,5,2024-06-05T09:11:43Z
@user-ij7oj7hm5g,Goat.,0,2024-06-05T09:06:33Z
@qlflsljrfls,이게 최애티쳐지....,3,2024-06-05T09:04:43Z
@베이-u5c,민철쌤 조교와 만난 정식쌤,1,2024-06-05T09:01:18Z
@ipadair-n7o,수학 영어 그리고 입시까지 하나씩 잘하는분있으니까 마지막 쌤은 역시 강민철,63,2024-06-05T08:51:52Z
@쀏쀏쀏쀏,세 번에도 뜻을 이루지 못하면 그것은 니 운명이다,2,2024-06-05T08:46:35Z
@user-lm7gt7ti9y,와 작가 진짜 다 여자네....,2,2024-06-05T08:46:24Z
@anastasiaa2723,섭외 좋으다~,0,2024-06-05T08:45:23Z
@Mmarrioo,옆에서 조정식쌤 ㅋㅋㅋㅋㅋㅋㅋㅋㅋㅋ 흐뭇하게 미소를 지으시면서 쳐다보고있음 ㅋㄱㅋㅋㄱㅋㄱㅋㄱㄱㅋㄱㅋㄱㅋㄱㅋㄱㅋ,1724,2024-06-05T08:36:43Z
@커피물조절장인,징맨 드립이 개웃기네 ㅋㅋㅋㅋㅋㅋ 겸손해 미3누 ㅠㅠ,4,2024-06-05T08:34:05Z
@user-no2bu3ck6j,오우 감자씨 ㅋㅋㅋ,11,2024-06-05T08:11:06Z
@user-mw8rp6qb2v,와 대박   티처스 기다리고 있었는데 미미미누님이 나온다니 너~~무 좋네요👍👍👍  귀에 쏙쏙 박히는 미누님 목소리 기대되요^^,48,2024-06-05T08:10:55Z
@anik4882,와 미미미누 나오나요^^<br>너무 좋아요,4,2024-06-05T08:01:45Z
@woojinhee_archive,감자 잘생겼다,12,2024-06-05T07:55:57Z
@dontsaymy,이거지~,9,2024-06-05T07:53:38Z
@즈려,티처스는 지금 당장 수학의왕 김성은을 고용하도록.,4,2024-06-05T07:44:48Z
@eppuck3799,이야 미미미누 이제 케이블까지 진출 ㄷㄷ,91,2024-06-05T07:43:36Z
@Yun_jiyeon,와 존잼이겠다,0,2024-06-05T07:41:14Z
@user-xd6dd6ic4d,티쳐스 또 하는건가요?………. 그럼 신청 해도 안 늦었을지ㅠㅠㅠ,27,2024-06-05T07:37:31Z
@user-my2pv5ov9j,다다다다다다 팩트 찝어내기 전문가로~!!!,1,2024-06-05T07:33:52Z
@user-zl5dh8qb3l,10년째 고3 ㄷ,0,2024-06-05T07:33:38Z
@likegucci,이러다 교육부장관까지 하겠어 . ❤❤,315,2024-06-05T07:33:18Z
@yooonhaaa,ㅋㅋㅋ 미미미누가 여기 나오네 오히려 좋지,3,2024-06-05T07:30:19Z
@user-vs2ie8zs8x,조정식이랑 미미미누 너무 안어울린다 ㅋㅋㅋㅋㅋㅋㅋㄱㅋ,5,2024-06-05T07:25:40Z
@user-ub6kl4sf6h,"미미미누의 왼팔 오른팔 정승제 조정식, 너무 귀하다",770,2024-06-05T07:08:18Z
@6v622,ㅋㅋㅋㄴㅋㅋㅋㅋㅋ승제쌤 성대모사햇던 미미미누가 승제쌤과 만나다니,690,2024-06-05T06:44:28Z
@user-hb4vo6pd7n,징먄ㅋㅌㅋㅋㅋㅋㅋ,0,2024-06-05T06:41:42Z
@user-hb4vo6pd7n,아 미미미누 오면 무조건 봐야지,170,2024-06-05T06:41:17Z
@S_M0922,오수 감자 너무 귀여운거 아니냐고..,461,2024-06-05T06:40:46Z
@sjwklwq,라이브에서 말한게 이거였구나😂,9,2024-06-05T06:28:44Z
@user-wr1mv7oy5b,맨탈 담당이신가보네요. 기대됩니다,98,2024-06-05T06:01:14Z
@parkdy809,이건 ㄹㅇ 개꼴값,0,2024-06-05T05:52:36Z
@goodday3150,미미미누덕에 시청률 더 상승할듯 ㅎㅎ 섭외 잘하셨네요😊😊,182,2024-06-05T05:43:45Z
@jhjh7710,머지 국어 담당인가여ㅋㅋㅋㅋㅋㅋ,3,2024-06-05T05:39:00Z
@user-rf7pr9ne6d,미미미누가 아무리 수시로 대학 갔어도 정시 성적 되게 좋았던 걸로 기억함. 게다가 입시를 그렇게 오래 열심히 겪어본 사람인만큼 잘 알더라. 무시하지마쇼!!,857,2024-06-05T05:29:36Z
@user-zx8px5br9f,와,0,2024-06-05T05:18:19Z
@user-wt4ld7wy5f,아니 솔직히 미3누가 제일 고3을 잘 알긴해,3543,2024-06-05T05:13:54Z
@TheStory0721,완전 섭외 대박~!!,219,2024-06-05T05:10:31Z
@user-rx6xg8bc5t,입시라면 미미미누지ㅋㅋㅋㅋ,2333,2024-06-05T04:54:15Z
@CabinLEWA_TKE,"미미미누, 전설이 오셨다",217,2024-06-05T04:31:43Z
@user-ss7dx4qv5n,김유연도 불러줭,11,2024-06-05T04:26:48Z
@user-vs4cz6yd6k,헐 머야 미누 tv까지 나오는거임? 나~ 작년 고3학부모인데...<br>미누꺼 가끔 홀린듯이 본다는,159,2024-06-05T04:22:12Z
@_trbl,근데 이채널 다른영상 댓글들 왜 다 막아놨나요 개답답하게,4,2024-06-05T04:22:03Z
@Studysiwon,미미미누도 티처스에 나오나요?,52,2024-06-05T03:42:09Z
@urownsummer,뜨자마자 개처럼 달려갈 준비 완료,3,2024-06-05T03:34:52Z
@user-mj5xf2lx5s,개센거왔다 ㅋㅋㅋ,25,2024-06-05T03:14:01Z
@user-pr5qi1zb5p,미미미누 수시생이고 정시 실패한 사람인데 티처는 좀..,16,2024-06-05T03:12:53Z
@user-cg1dp7jo9o,응 미미미누 수시로 고대갔어 ㅋㅋㅋ,84,2024-06-05T03:05:38Z
