Author,Comment,Likes,Published At
@user-oy7rk1us9x,". ..., . 죄삼다",1,2024-09-06T08:06:51Z
@정한영-n6q,재밌어서 한번더 보러 왔는데 시작하기전 광고에 정승제선생님 등장..ㅋㅋ,1,2024-07-31T01:51:48Z
@floyd_floyd,수능 정말 아무것도 아니다...라고 말하고싶은데<br>정말 그렇지 않다.<br><br>끝까지 후회로 남더라<br>그게 수능을 못친 그 사실이 화가 나는게 아니라<br>그간 공부를 소홀히한 그 세월에 화가나는거라서<br><br>인생엔 정말 수 많은 길이있고<br>그걸 찾아갈 능력만 있다면<br>수능그거 아무것도 아니다...라고 말할수있는데<br>사실 따지고 보면 그런사람들이 많지 않다.<br><br>수능이 인생의 시작이 아니라 인생의 한계를 정하는 시험이라고 본다면<br>그 한계로 가는 그 길말고<br>또 다른 자기의 길을 만든다면....<br>내가 그어논 그 한계점에서 후회하는 내가 아니라<br>또 다른 길에서 그 한계보다 훨씬더 앞으로 나아간 나를 볼수도 있을텐데<br>정말 그랬으면 좋겠다.,0,2024-07-23T12:35:43Z
@user-ex2dj6vo5x,"<a href=""https://www.youtube.com/watch?v=e1S5SpWthWE&amp;t=75"">1:15</a> 와 정식쌤 ..... ㅎㄷㄷ",1,2024-07-09T04:43:44Z
@user-fn3cd2vx8r,수능도 안치는 나는 내일이 시험인데 이걸 왜 보고있을ㄲ,0,2024-07-01T15:54:39Z
@user-ic2mc5co6l,썸네일 표정 개킹받아 ㅋㅋ,0,2024-06-27T10:22:47Z
@MS.junseohyeon,정식쌤은완벽한t,0,2024-06-18T06:59:25Z
@zun-d6159,처음부분에 &#39;아~&#39; 소리나는거 뭐지?,0,2024-05-07T08:36:12Z
@G3We17,역시 정식‘T’,2,2024-02-28T03:08:49Z
@TV-kp4zs,수능 친 언니 오빠들 수고했어요!😊,5,2024-02-08T01:14:00Z
@kyuhyun1106,진짜 정식쌤 멘트는 수능이 끝난 지금도 인생의 모토가 된가 같아요  수능까지 같이 달렸더라면 대학 간판이 바뀌었겠죠? 그래도 후회는 안해요<br>진짜 참 선생님 조정식쌤  공부 하느라 힘들때마다<br>달리게 해준 선생님..사랑해요,1,2024-02-05T16:13:42Z
@user-yy5wt8xg8t,무섭다...벌써 2년후면 수능이란게....,1,2024-02-03T10:01:15Z
@user-gt7rh2oz2o,이제 조정식사생팬도 나온다.,6,2024-01-26T09:37:50Z
@중학생스터디중2,조정식 <del>teacher</del> T야?,1,2024-01-21T23:41:15Z
@user-lh6bl5ml1f,정식쌤 졵나 T ㅋㅋㅋㅋㅋㅋ,0,2024-01-18T02:05:17Z
@일하기싫어24,"조정식 쌤이 아빠이면 <br>&quot;아빠, 이번 영어 시험 망쳤어(F)&quot; 이러면 &quot;너가 공부 안 했으니 그렇지?(T)&quot; 이런 듯? ㅋㅋㅋㅋ<br>&quot;아빠, 이번 영어 시험에서 이부분에서 막혔어(T)&quot; 이러면 &quot;너의 약점이 여기에 있네. 다음에는 이 부분을 더 공부해자(T)&quot; 이런 듯? ㅋㅋㅋㅋ",3,2024-01-13T04:49:40Z
@boeul_17,아 승제쌤은 너무나 완벽한 F고<br>정식쌤은 너무나 완벽한 T여서 너무 웃기다 진짜..ㅋㅋㅋㅋㅋㅋㅋㅋㅋㅋㅋㅋ,9,2023-12-28T11:30:40Z
@lenakim5516,"개인적으로 정식쌤 같은 영어 선생님 있음 되게 좋을 것 같다, 정승제쌤도 좋긴 한데 너무 쎄시다는ㅋㅋ부담스러움ㅋㅋ<br>나도 쌤한테 할말 다 하고 쌤이랑 친하게 지냈을 것 같음,어쨌든 선생님 이라는 존재는 잘 가르치고 못가르치고를 떠나서 학생들이 좋아하면 되는것 같음",12,2023-12-19T07:19:14Z
@user-pl6pt2fl8r,끝나고 봤습니다 정식쌤ㅋㅋ,1,2023-12-18T06:59:28Z
@user-xd1xc2hn4y,진짜 지나고 보면 찐으로 암것도 아닌데 나도 수능때 기억을 되돌아보면 솔직히 승제T처럼 아무것도 기억이 안나는데...<br><br>진짜 덜도 말도 잘 본다기보다는 최선을 다한만큼 결과가 나오게 해주세요 진짜 공감이 간다,4,2023-12-13T08:59:19Z
@이탈-j2n,SKY와 비SKY의 답변 차이일 뿐임,2,2023-12-11T13:01:52Z
@wldhel05,네 정식님 수능전에 이영상 살짝봤고<br>수시 최초합했어요!!!<br>그당시엔 ..찔렸지만😂😂😂,3,2023-12-07T05:50:52Z
@user-tr8nf9tl9g,"정승제쌤은 F고 조정식쌤은 확신의 T네ㅋㅋㅋㅋ😂 수능 보신 여러분, 그동안 수고하셨고 원하는 점수 안 나왔더라도 너무 낙담말아요ㅎㅎ 우리는 수능이라는 작은 점 하나를 찍었을 뿐 당신들에겐 예쁜 길들이 펼쳐질 거예요!",433,2023-11-29T12:45:27Z
@user-xk2pn3jt6n,조정식  잘생곃다❤,1,2023-11-25T03:01:56Z
@user-mu3iy8fq3d,"고3 여러분, 대단한 성과를 이루셨습니다! 수능이 끝나고 여러분은 이제 새로운 문을 열어가는 중요한 단계에 서 있습니다. 이 순간을 축하하며, 앞으로의 여정에서 여러분이 꿈꾸는 모든 것들이 이루어지길 기원합니다. 축하하며, 더 큰 성공을 향해 달려가길 응원합니다!",56,2023-11-24T01:13:32Z
@J1112Y,저희 언니<br>수학 빼고 다 1등급.. ㅋㅋㅋ<br>수학이 4~5등급이예요,7,2023-11-20T12:31:50Z
@user-ic7dx2sq1p,team 04들아 출격하자,1,2023-11-19T13:53:30Z
@user-zf1ci7bv1r,정식쌤 존나 고맙습니다..영어 90점 최저 4합5까지 죄다 박살냈습니다,74,2023-11-18T04:27:22Z
@user-ku3kr7vn9m,어차피 의치한스카이 아니면 거기거 거기더라 자기성적이 의치한스카이 갈 급이<br>아니면 그냥 맘편하게 봐도 된다 진심이다,3,2023-11-17T06:19:27Z
@Lukas9C4,수능 전에 놀았던 1인 ㅋㅋ,1,2023-11-17T01:02:17Z
@adorable_Marceline88,수능 보신 모든 분들 수고하셨습니다!,19,2023-11-16T08:14:04Z
@lnaeaenlw2545,맞아요 진짜 인생에 전부 같지만 되돌아보면 진짜 별 거 아니더라구요 그냥 마음 편히 먹으시고 평소처럼 준비했던 것보다 더 잘보시고 수능 잘보세요~,45,2023-11-15T16:55:07Z
@joteun7,고만고만한 대학은 그게 그거다 너무 쫄지는 말 길,3,2023-11-15T14:56:58Z
@user-ib1df5to4b,얘들아 수능 화이팅해라 수능이 전부는 아니다 괜찮다 이딴말은 못하겠다 <br>내가 괜찮지 니네가 괜찮겠냐? <br>근데..... 진짜 마음만은 꼭 응원한다 <br>웃긴 이야기 일수있지만 공부한거보다 2배 3배더 좋은결과 있길바라고 <br>화이팅이다,41,2023-11-15T13:56:28Z
@user-sy8vc7mm4n,"가보자. 3합8. 국어3, 영어2, 정법2 가보자!!!",2,2023-11-15T13:21:18Z
@lowpo4892,가보자고...,3,2023-11-15T13:15:50Z
@user-qg3wi2pe3f,덕분에 학교 안간다,2,2023-11-15T12:27:44Z
@user-wq1cm5ox5w,근데 정승제 대학 어디 나옴?,8,2023-11-15T11:47:07Z
@WHC03,"2023.11.15 오후 8시 16분을 지나고 있네요,, D-1일 벌써 내가 수능이라니,, 공부하러 갑니다",19,2023-11-15T11:17:31Z
@user-sf7mi4nz8k,조정식 종강할 때 이 멘트로 해주면 안되나<br>지금까지 수능의 그날까지 함께&#39;한&#39; 러닝메이트 조정식이였습니다,286,2023-11-15T10:57:15Z
@user-nz7yy1yz4e,쫄리지만.. 이겨내고 최고의 결과를 만들어낼게요 24학번 간다👍,35,2023-11-15T10:03:01Z
@user-vc9oe3ht3s,11월 모의고사 보는 현역이면 개추ㅋㅋ,27,2023-11-15T09:29:06Z
@sameek3906,다들 얼마나 쫄리면 이걸 보고 있을까ㅠ<br>조회수가 후루룩 올라가네ㅋㅋㅋ <br>우리모두 수능 화이팅!!!!,26,2023-11-15T08:26:03Z
@user-lovegoodbye10,올해 대학교 들어와서 맘편히 보고있네요 ㅋㅋ<br>고3 05년생분들 수능성적이 다가아니라는걸 깨달았으면 좋겠고<br>충분히 좋은성적 나올거라고 생각합니다. 2024 수능 화이팅!,105,2023-11-15T08:23:34Z
@yoons_meiosis,형은 방송 출연같은거 안하잖아 😂,3,2023-11-15T07:50:15Z
@user-tm9cz2yv3j,보고있습니다..,9,2023-11-15T07:35:09Z
@user-lw7ul7ew2m,죄송해요....보고 있었습니다...이제 진짜 할게요 ㅎㅎ,14,2023-11-15T07:30:19Z
@user-ug5fe5kx5x,후회없이 치고 오자 다들🥹🍀❤️,26,2023-11-15T07:11:45Z
@KRZGZ,화이팅하세요 형 누나들🎉,10,2023-11-15T06:45:31Z
@냠-z9s,고2는 1년남았당,9,2023-11-15T06:33:27Z
@tami_1231,아귀여웤ㅋㅋㅋㅋ,4,2023-11-15T06:21:13Z
@리라리라-v5h,정식 선생님 풀커리 타고 여기서도 또뵙네요 하하...,10,2023-11-15T06:05:08Z
@i.enam_or,보고있는데요..,325,2023-11-15T05:32:07Z
