Author,Comment,Likes,Published At
@user-we6op7nd8s,근데 지금은 정식쌤만 티처스담당학생 100점 만듬ㅋㅋ,1,2024-09-09T11:35:44Z
@10_ah-s2h,너모 귀여우심ㅜㅜ,0,2024-09-01T09:31:06Z
@푸돌이곰,엘지 두산한테 스윕,1,2024-08-27T10:21:53Z
@daneqwr,"<a href=""https://www.youtube.com/watch?v=jv3oaNyEFhM&amp;t=69"">1:09</a> 아뭐야 왤케 귀여우심ㅋㄱㅋㄱㅋㄱㅋㄱㅋ",0,2024-08-25T15:55:15Z
@user-dd5xj2cf1n,두 분이 의외로 안 맞네 ㅋㅋ 뭔가 벽이 느껴진다 ㅋㅋㅋㅋ 더 웃겨 ㅋㅋ,0,2024-08-20T23:06:52Z
@user-xw7vc5jz1v,나만 스플래시 데미지에사 터졌낰ㅋㅋㅋㅋ,0,2024-08-17T14:57:14Z
@Lovelymememe,왜 귀엽누 ..... ㅋㅋㅋㅋㅋㅋㅋㅋㅋ😅,0,2024-08-13T09:39:19Z
@lazybird3056,조정식쌤 ㅋㅋㅋㅋ 아닠ㅋ 스플래시 데미지 뭐욬ㅋㅋㅋ 아 진짴ㅋㅋㅋㅋ,0,2024-08-12T15:18:06Z
@lizlong_2,"<a href=""https://www.youtube.com/watch?v=jv3oaNyEFhM&amp;t=278"">4:38</a> 앜ㅋㅋㅋㅋㅋㅋㅋㅋㅋ",0,2024-08-10T14:12:47Z
@정승제불륜녀,"<a href=""https://www.youtube.com/watch?v=jv3oaNyEFhM&amp;t=70"">1:10</a> 녜엥..녜엥..녜엥..녜엥..녜엥..녜엥..녜엥..녜엥..녜엥..녜엥..녜엥..녜엥..녜엥..녜엥..녜엥..녜엥..녜엥..녜엥..녜엥..녜엥..녜엥..녜엥..녜엥..녜엥..녜엥..녜엥..녜엥..녜엥..녜엥..녜엥..녜엥..녜엥..녜엥..녜엥..녜엥..녜엥..녜엥..녜엥..녜엥..녜엥..녜엥..녜엥..녜엥..녜엥..녜엥..녜엥..녜엥..녜엥..녜엥..녜엥..녜엥..녜엥..녜엥..녜엥..녜엥..녜엥..녜엥..녜엥..녜엥..녜엥..녜엥..녜엥..녜엥..녜엥..녜엥..녜엥..녜엥..녜엥..녜엥..녜엥..녜엥..녜엥..녜엥..녜엥..녜엥..녜엥..녜엥..녜엥..녜엥..녜엥..녜엥..녜엥..녜엥..녜엥..녜엥..녜엥..녜엥..녜엥..녜엥..녜엥..녜엥..녜엥..녜엥..녜엥..녜엥..녜엥..녜엥..녜엥..녜엥..녜엥..녜엥..녜엥..녜엥..녜엥..녜엥..녜엥..녜엥..녜엥..녜엥..녜엥..녜엥..녜엥..녜엥..녜엥..녜엥..녜엥..녜엥..녜엥..녜엥..녜엥..녜엥..녜엥..녜엥..녜엥..녜엥..녜엥..녜엥..녜엥..녜엥..녜엥..녜엥..녜엥..녜엥..녜엥..녜엥..녜엥..녜엥..녜엥..녜엥..녜엥..녜엥..녜엥..녜엥..녜엥..녜엥..녜엥..녜엥..녜엥..녜엥..녜엥..녜엥..녜엥..녜엥..녜엥..녜엥..녜엥..녜엥..녜엥..녜엥..녜엥..녜엥..녜엥..녜엥..녜엥..녜엥..녜엥..녜엥..녜엥..녜엥..녜엥..녜엥..녜엥..녜엥..녜엥..녜엥..녜엥..녜엥..녜엥..녜엥..녜엥..녜엥..녜엥..녜엥..녜엥..녜엥..녜엥..녜엥..녜엥..녜엥..녜엥..녜엥..녜엥..녜엥..녜엥..녜엥..녜엥..녜엥..녜엥..녜엥..녜엥..",6,2024-08-09T11:12:40Z
@user-xd1xc2hn4y,제일 안맞을꺼 같은 두사람이 한 프레임에 있으니 웃긴거 ㅋㅋ,0,2024-07-31T09:47:48Z
@stryper444,"<a href=""https://www.youtube.com/watch?v=jv3oaNyEFhM&amp;t=119"">1:59</a> 맙소사 ㅋㅋㅋㅋㅋ",2,2024-07-28T04:51:20Z
@user-ji9zb5dh2x,"<a href=""https://www.youtube.com/watch?v=jv3oaNyEFhM&amp;t=107"">1:47</a> 실제로 됬습니다...",7,2024-07-28T03:04:06Z
@유코미,이 영상 광고로 승제쌤이...ㅋ,0,2024-07-27T01:02:27Z
@러시루,"<a href=""https://www.youtube.com/watch?v=jv3oaNyEFhM&amp;t=168"">2:48</a> 스플래시 데미지ㅋㅋㅋㅋㅋㅋㅋㅋ",0,2024-07-26T03:55:29Z
@user-xd1xc2hn4y,"<a href=""https://www.youtube.com/watch?v=jv3oaNyEFhM&amp;t=208"">3:28</a> 개꿀인데??",3,2024-07-24T04:39:43Z
@user-xd1xc2hn4y,"<a href=""https://www.youtube.com/watch?v=jv3oaNyEFhM&amp;t=173"">2:53</a>-<a href=""https://www.youtube.com/watch?v=jv3oaNyEFhM&amp;t=174"">2:54</a> 아 귀엽다 ㅜ ㅋㅋ",3,2024-07-24T04:38:39Z
@user-rb8bj1yr8z,정식쌤땜에 수능때 똥 참아서 갈게요,0,2024-07-23T15:46:52Z
@구구구_999,"<a href=""https://www.youtube.com/watch?v=jv3oaNyEFhM&amp;t=70"">1:10</a> 여기 왜케 귀엽냐",0,2024-07-22T23:16:25Z
@user-du7dl7wx7k,귀엽고 넘 재밌다 ㅠ 또 해줘여,0,2024-07-21T13:57:48Z
@only_.han.0,조정식사랑해요,0,2024-07-21T02:51:12Z
@urimaginaryfriendo,"<a href=""https://www.youtube.com/watch?v=jv3oaNyEFhM&amp;t=171"">2:51</a> 에서 터져버렸다",1,2024-07-20T16:38:15Z
@jimy-ly6jm,수능에 저런 규정이왜없겠어 ㅋㅋㅋ,1,2024-07-20T09:54:31Z
@jakankim2183,"문과인데 T , 이과인데 F <br>ㅋㅋㅋㅋㅋㅋㅋㅋㅋㅋㅋㅋ",0,2024-07-18T14:06:19Z
@강별-f5g,아니 ㅋㅋㅋ 이쌤들 너무 웃겨 ㅋㅋㅋㅋㅋ<br>첨엔 진짜 카리스마있고 멋있는데<br>이거 보면 엉뚱한면도 있으시고 너무 재밌어요 ㅋㅋㅋㅋㅋㅋㅋ,0,2024-07-18T13:29:23Z
@강별-f5g,영쌤:LG팬이세요?<br>수쌤:녜엥.. <br>진자 겁나 웃겨 ㅋㅋㅋㅋㅋ,0,2024-07-18T13:27:24Z
@그르륵칵칵힛맨뵁,난 정승제ㅋㅋㅋㅋㅎㅋㅎㅋㅎㅋㅎㅋㅋㅋ,1,2024-07-14T17:13:50Z
@soletsgoseethestars_,조정식 대 방정식은ㅋㅋㅋㅋㅋㅋㅋㅋ,7,2024-07-13T04:52:47Z
@Adidas04-o2z,LG랑 두산이랑 비빌만 하댘ㅋㅋㅋㅋㅋㅋㅋㅋㅋㅋㅋㅋ<br>(참고로 두산팬) 비빌만 한데,1,2024-07-10T13:51:08Z
@user-jv3dc9pz2s,녱이 너무 귀여우심ㅋㅋㅋㅋㅋ,1,2024-07-10T09:44:23Z
@아슈님,로그함수 지수함수 도랏ㅋㅋㅋㅋㅋㅋㅋㅋㅋㅋㅋㅋㅋㅋㅋㅋㅋㅋㅋㅋㅋㅋㅋㅋㅋㅋㅋㅋㅋㅋㅋㅋㅋㅋㅋㅋㅋㅋㅋㅋㅋㅋㅋㅋㅋㅋㅋㅋㅋㅋㅋㅋㅋㅋㅋㅋㅋㅋㅋㅋㅋㅋㅋㅋㅋ,1,2024-07-06T13:47:17Z
@user-uj5wv3wz5u,이성적인 문과 vs 감정적인 이과 <br>이거 귀하거든요..,1,2024-07-06T08:22:29Z
@user-ng8od6ig8d,"<a href=""https://www.youtube.com/watch?v=jv3oaNyEFhM&amp;t=61"">1:01</a> 표정 개웃기네 ㅋㅋㅋㅋㅋㅋㅋ",0,2024-07-03T16:57:41Z
@user-tq6nq4mo4w,똥 지려버리는거 농담이죠???😅😅😅,0,2024-06-29T12:28:40Z
@또또라스,"<a href=""https://www.youtube.com/watch?v=jv3oaNyEFhM&amp;t=140"">2:20</a> 아니ㅋㅋㅋ 이게 뭔대화죠?ㅋㅋ조정식쌤 &quot;어차피 수능은 상대평가이란 말이에요 나는 쪽팔리고 마는건데 주변에 있는 애들 완전 스플래시 데미지로 초토화가 됄거에요&quot; 라고 말하실때 뿜었습니닼ㅋㅋㅋㅋㅋㅋ 상상도 못한 답변ㅋㅋㅋㅋ 승제쌤은 또 그걸 납득(?)하고 계시곸ㅋㅋㅋㅋ &quot;그걸론 퇴장시키진 않겠네요&quot;ㅋㅋㅋㅋ 두분 조합 너무 좋아요ㅋㅋㅋㅋ 이런거 또 올라왔으면 좋겠네요ㅋㅋ",9,2024-06-28T13:51:38Z
@yein_05,"<a href=""https://www.youtube.com/watch?v=jv3oaNyEFhM&amp;t=277"">4:37</a> ㅋㅋㅋㅋㅋㅋㅋㅋㅋㅋㅋㅋㅋ아 너무 웃겨",2,2024-06-20T18:17:07Z
@yein_05,"<a href=""https://www.youtube.com/watch?v=jv3oaNyEFhM&amp;t=233"">3:53</a> 오 ㅋㅋㅋㅋ <a href=""https://www.youtube.com/watch?v=jv3oaNyEFhM&amp;t=237"">3:57</a> ㅋㅋㅋㅋㅋ",0,2024-06-20T18:16:12Z
@yein_05,정식쌤 보니까 드라마에 일타스캔들쌤 같음,0,2024-06-20T18:15:44Z
@yein_05,승제쌤은 그냥 웃겨 정식쌤은 이상하게 웃겨,0,2024-06-20T18:13:54Z
@yein_05,"승제쌤은 N,F<br>정식쌤은 S,T",0,2024-06-20T18:12:20Z
@user-tu9pm2zj5y,귀여우셔~😂😂😂시크도도하고 예민한 듯 배려심 깊은 분~~밝고 화통하면서 예리하신 분~~두 분 다 인간적으로도 매력👍가득하심,0,2024-06-18T02:23:04Z
@user-bf9cq6si4m,조정식 쌤은 그냥 T다,2,2024-06-15T12:07:55Z
@user-xd1xc2hn4y,절대 친해질 수 없을꺼 같은 조합을 한 프레임에서 보니 웃기다,0,2024-06-12T05:29:04Z
@user-jk9cx5xo5m,아ㅏ쿠키영상 미티뎃넼ㅋㅋㅋㅋㅋㅋㅋ빵터졋,1,2024-06-01T02:38:02Z
@user-wg2xt7nw4y,내 친구 1.25배속으로 연습해요 라고 과외 쌤 한테 칭찬받으려고 애기했다가 욕 먹었어욬ㅋ,0,2024-05-29T11:21:32Z
@O_Sechang,"<a href=""https://www.youtube.com/watch?v=jv3oaNyEFhM&amp;t=160"">2:40</a> 이건 그냥 ㅁㅊ거잖아 ㅋㅋㅋㅋ",1,2024-05-29T05:28:23Z
@레마,???: 뜰거면 맞다이로 들어와,2,2024-05-27T06:24:00Z
@user-go9gi1jv2t,ㅋㅋㅋ 스플래시 대미지,0,2024-05-21T07:17:08Z
,둘이 결혼해라~~,2,2024-05-17T13:55:31Z
@user-ln2iu5nv4c,ㅋ 넘잼,0,2024-05-15T04:59:34Z
@user-ji8bt9tj2n,아 웃겨 뒤질거같아 어떻게 이렇게 두명을 뽑았냐 진짜 ㅋㅋㅋㅋㅋㅋㅋㅋㅋㅋㅋㅋ 케미 미쳤어 아 ㅠㅠㅠㅠㅠㅠㅠㅠㅠ,2,2024-05-11T17:01:24Z
@user-br1vt1gq3x,"<a href=""https://www.youtube.com/watch?v=jv3oaNyEFhM&amp;t=176"">2:56</a> 아 여기서 뿜었다 ㅋㅋ",9,2024-04-27T10:20:04Z
@hairyharry1088,"<a href=""https://www.youtube.com/watch?v=jv3oaNyEFhM&amp;t=252"">4:12</a> 승제쌤 반응 개맛집ㅋㅋㅋㅋㅋㅋ",15,2024-04-16T19:48:17Z
@Ikwkks,수능때 똥 마려우면 어케 할건지를 물어보는데 한명은 수학적으로 대답하고 한명은 그냥 지린다고 대답하는데 일타강사들이 저렇게 말하니까 ㅈㄴ웃기네 그냥ㅋㅋㅋㅋㅋㅋ,1,2024-04-07T18:30:07Z
@user-vs1kd1zo5j,먹이 두배 더준다니깐 이투스는 매몰차게 냅다 던져버리는 그저 Fish...,0,2024-04-06T15:54:31Z
@lim-np3jf,"<a href=""https://www.youtube.com/watch?v=jv3oaNyEFhM&amp;t=216"">3:36</a> 조정식이 말했다. &quot;귀여운건 잘생긴게 아니에요. 못생긴겁니다.&quot;",30,2024-04-06T13:38:09Z
@user-uo7sf2lf7m,급똥을 로그 지수로 봐버리는.. 와 ㄷㄷ,2,2024-04-06T05:07:19Z
@susonhwa2169,두분 티키타가 꿀잼각,0,2024-04-03T14:37:00Z
@user-xp5jb5dy6e,ㅋㅋ 지려버리는거 너무 웃김,1,2024-03-30T00:26:29Z
@user-xn3ky3zz3i,아 케미 너무 대박이에요 진짜 ㅋㅋㅋㅋㅋㅋ<br>두분 방송 같이 오래 해주세요 ㅋㅋㅋㅋㅋ,1,2024-03-26T21:04:56Z
@user-gm6cy5rm1p,"<a href=""https://www.youtube.com/watch?v=jv3oaNyEFhM&amp;t=170"">2:50</a> 아 조정식쌤 너무 웃김ㅜㅋㅋㅋㅋㅋㅋㅋㅋㅋㅋㅋㅋ 일부러 지려버린대",331,2024-03-24T19:16:59Z
@UNITER15,"<a href=""https://www.youtube.com/watch?v=jv3oaNyEFhM&amp;t=273"">4:33</a> 아 ㅋㅋㅋㅋㅎㅋㅎㅋㅋㅎㅋㅎㅋ",7,2024-03-24T04:18:45Z
@user-kv1tq6ef7j,"<a href=""https://www.youtube.com/watch?v=jv3oaNyEFhM&amp;t=278"">4:38</a> 구도 ㅈㄴ 웃기네 ㅋㅋㅋㅋㅋㅋㅋㅋㅋㅋㅋㅋㅋㅋ",10,2024-03-21T13:25:42Z
@user-hm4rt5fm1h,일타강사들은 입담도 장난아니네ㅋㅋㅋㅋㅋㅋ 하긴 제 아무리 뛰어나도 실력만으로는 일타까지 올라가지 못하지ㅋㅋㅋ,7,2024-03-07T14:29:47Z
@user-vd9yu6qb6r,엘지 우승했습당,1,2024-02-29T15:46:13Z
@4evernmore,아 조정식 같은 부류가 정승제 같은 부류랑 만날 일이 없을 거 같아서 개웃김 ㅋㅋㅜ,12,2024-02-27T19:04:00Z
@user-lc5tk5tj2c,오케이 됐어요,1,2024-02-25T05:31:21Z
@user-kt9od5jn8x,영상 끝날때 나오는 배경음악 혹시 아시는분?,1,2024-02-22T12:09:50Z
@user-rz4ys2or6i,조정식쌤 진짜 무슨 귀여운 쿠키 캐릭터처럼 생기셨어요ㅠㅠㅠㅠ 악 내 심장,4,2024-02-20T16:46:34Z
@user-mv9ns5pt4n,"<a href=""https://www.youtube.com/watch?v=jv3oaNyEFhM&amp;t=163"">2:43</a> 부터 조정식 쌤 보는 생선님 표정이 너무<br>&#39;저 사람은 뭐지&#39;  표정 ㅋㅋ",550,2024-02-19T13:17:36Z
@Songhs_0105,수능에서 영국식 발음고 아니고 미국식 발음고 아닌 표준 발음을 쓴다고? 영어에는 표준이 없고 수능에서 나오는 영어는 미국식 발음인데요? 그리고 연음이 없다고? 이건 뭔 개소리야 ㅋㅋ 연음이 없으면 듣기 연습을 왜해 존나 쉬울듯,0,2024-02-14T09:26:10Z
@user-ul4qo7dq3k,강민철도 나오면 좋겠노 ㅋㅋㅋㅋ 조정식 강민철 친하던데 ㅋㅋㅋ,2,2024-02-14T08:46:40Z
@jxon_.,아씩ㅋㅋㅋㅋ 스카에서 보다가 로그함숰ㅋㅋㅋ에 터졌네 ㅋㅋㅋ 이거이거 위험해,4,2024-02-14T08:45:09Z
@user-xg7ik9sj2k,승제형 웃을때 보고만 있어도 진짜 기분 좋아지네 ㅋㅋㅋㅋㅋ,0,2024-02-12T13:12:30Z
@noche2228,아 ㅠㅠ 너무 좋아 어쩌지,0,2024-02-12T04:32:04Z
@user-oe2lh9yy1l,"<a href=""https://www.youtube.com/watch?v=jv3oaNyEFhM&amp;t=70"">1:10</a>",0,2024-02-11T02:59:10Z
@leakim_kai3008,나 이거 우울할때마다 볼래,0,2024-02-10T16:59:20Z
@hyemiin696,조정식 방정식은 진짜 ㅋㅋㅋㅋㅋㅋㅋㅋㅋㅋㅋㅋㅋㅋ,2,2024-02-04T13:51:11Z
@iamlucky77777,"<a href=""https://www.youtube.com/watch?v=jv3oaNyEFhM&amp;t=69"">1:09</a> ㅋㅋㅋ말투뭔디여",1,2024-02-02T13:05:43Z
@user-md8tm6qz1u,멋진 수업이군요^^,0,2024-02-02T04:02:40Z
@kangbin1207,지려버린다는거 개웃기네 ㅋㅋㅋㅋㅋ,2,2024-02-01T14:40:53Z
@BPM_12,"<a href=""https://www.youtube.com/watch?v=jv3oaNyEFhM&amp;t=69"">1:09</a>",0,2024-02-01T03:22:24Z
@내아이큐삼십,14회에는 꼭 도전학생분 100점 나올수 있게 해주세요,0,2024-01-31T09:48:17Z
@user-ng2sh5ys1k,"조정식 ㄹㅇ 눈이 은은하게 돌아있음ㅋㅋㅋㅋㄴㄴㅋㅋㅋㅋㅋㅋㅋㅋㅋㅋ <a href=""https://www.youtube.com/watch?v=jv3oaNyEFhM&amp;t=155"">2:35</a>",314,2024-01-31T05:33:53Z
@user-dz9cc5fh2w,티처스 보고 정승제 쌤 팬 됐어요. 이 광폭한 사교육 판에서 진짜 공부를 느끼게 해주고 싶어하시는 진정성이 뭉클했습니다. 그래서 더 힘드실 것 같지만 건강하게 오래오래 좋은 가르침 주시면 좋겠어요. 설민석쌤과 절친이시라니 더블로 더 좋아요 ♡,2,2024-01-30T13:44:38Z
@787_mw,"<a href=""https://www.youtube.com/watch?v=jv3oaNyEFhM&amp;t=70"">1:10</a> 귀여워 죽겠다",1052,2024-01-30T05:48:38Z
@MY_NAME_IS_JIWOO_,BGM 스트레이키즈 Question 감사합니다🫶,2,2024-01-30T04:21:35Z
@sookkyungsuh2665,"<a href=""https://www.youtube.com/watch?v=jv3oaNyEFhM&amp;t=155"">2:35</a> 스플래시 데미지ㅋㅋㅋ",3,2024-01-30T03:48:17Z
@user-bc1rb9uh3s,저희 아들 이투스 패스로 혼공했네요.<br>승제쌤 감사합니다~^^,0,2024-01-29T18:58:25Z
@user-kd6nt1ql1d,둘이 티키타카 재밋다 ㅋㅋ,2,2024-01-29T06:59:37Z
@user-df4my7fo3d,난 학벌 좋은 조정석쌤 한표 뇌지능은 정해져있음👍👍,0,2024-01-28T15:21:50Z
@user-nb2ku4jw3i,승제샘 교재 팔아서 과외받고싶다  ㅋㅋㅋ,1,2024-01-27T15:32:56Z
@user-ms4kq1sh5h,노래 진짜 잘한다,0,2024-01-27T07:11:34Z
@게임후라,티쳐스가 ㅈㄴ 재밌긴함,7,2024-01-26T13:00:58Z
@fafago7842,정승제선생님은 소속되어 있는 곳이 없으면 여기저기서 영입제안 왔을 듯..,0,2024-01-25T05:52:49Z
@user-rb2sv3eo5k,아니 조정식 개호감이네 상대방 항상 배려해서 말씀하시는게 느껴짐,4,2024-01-24T15:24:28Z
@mrdd1809,지수함숰ㅋㅋㅋㅋ 스플레쉬 데미지ㅋㅋㅋㅋ,3,2024-01-24T10:07:43Z
@user-ro9ti5vt2y,승제쌤이 너무 사랑스러워서 미칠거같아요<br>제가 왜이러는걸까요<br>고3되면 다 이렇게 되는건가요<br>정말혼란스럽습니다,3,2024-01-24T08:21:19Z
@user-xn5pz9bt9n,그냥 그냥 둘이 사귀세욬ㅋㅋㅋ,3,2024-01-24T05:29:24Z
@YOUTUBEEEEE11,ㅈㄴ웃기네 ㅋㄱㅋㅋㄲㅋㅋ,1,2024-01-24T01:45:10Z
@Jieundlwlrma,조정식 스플래시 데미지에서 개터졌네 ㅋㅋㅋㅋㅋㅋㅋㅋㅋ,4,2024-01-23T17:11:34Z
@xho_.c,ㅋㄱㅋㄱㅋㄱㅋㅋㅋㅋ정승제쌤너무좋앜ㅋㅋㅋㅋ,1,2024-01-21T14:10:32Z
@mr.screwbar,현우진 버스 가즈아,0,2024-01-21T09:22:45Z
@Biiiiiiiiiiiiiin,로그지수함수가 개웃기네 ㅋㅋㅋㅋㅋㅋㅋㅋ,2,2024-01-21T01:54:49Z
@rulurala2023,정승제랑 결혼하고 싶다,1,2024-01-20T15:39:40Z
@뚜뚜누나,TMI: 아직 담당학생 100점이 없다.,1,2024-01-20T15:10:07Z
@yeondalrae,아 너무 웃곀ㅋㅋㅋㅋ,1,2024-01-20T13:57:10Z
@user-uh1bo7we1f,형 솔직히 말해봐 이거 하려고 1년동안 어그로 끈거지,1,2024-01-19T06:50:25Z
@user-zz3xt9mx8o,너무우ㅛ겨 ㅠㅠㅠㅠㅠㅠㅠ,2,2024-01-19T04:18:48Z
@Lgtwins2023-,Lg우승,0,2024-01-18T11:03:47Z
@user-on9fq7hi9g,티와 에프,0,2024-01-18T04:48:40Z
@user-bp2wh6bh4d,승제는 수학시험 정식은 영어시험으로 붙는줄,0,2024-01-17T12:30:31Z
@user-yy5wt8xg8t,조정식쌤 원래 관심없었는데 왜 점점 잘생겨보이는거죠..<br>티처스 보고 처음알았는데,5,2024-01-17T06:03:00Z
@user-df3lj9fk7m,여기 댓 왜이러냐.... 아니  1타 아니다 부터 시작되서 오만 쌤들 다 불러와서  지들끼리 싸우고 있노,0,2024-01-17T05:00:32Z
@user-kc8ni6wn3t,근데 지리면 고소당하지 않을까요😅,0,2024-01-15T15:10:37Z
@user-kc8ni6wn3t,아니 정식쌤 뭐이리 ㅋㅋ논리적이야 극T네 ㅋㅋㅋㅋ,1,2024-01-15T15:07:56Z
@user-vo6ss1bd8x,마지막 수능 금지곡 이름 몬가요?😅,0,2024-01-15T08:54:06Z
@일하기싫어24,조정식쌤 T 100%다 ㅋㅋㅋ,0,2024-01-15T08:36:47Z
@Galaxy-zc2gx,오늘도 가만히 있어도 1타를 굳건히 지키는 띵학T,0,2024-01-13T19:41:36Z
@Lee_yechan07,정승제 이 개 미친놈이네 ㅋㅋㅋ 사랑한다,1,2024-01-12T19:17:04Z
@user-ut3rt5dv9g,"아,,두분의 티키타카 너무 좋앜ㅋㅋㅋㅋㅋ너무 웃곀ㅋㅋㅋㅋㅋ 근데 나 점점 정식쌤 팬이 되겠어ㅋㅋㅋㅋㅋㅋ",38,2024-01-11T14:20:36Z
@joj-cu1kx,진짜 둘다 너무 좋다.. 둘이 너무 잘맞아…,46,2024-01-10T15:05:17Z
@user-pu2qe3ck9z,조정식 걍 닥쳤으면;,2,2024-01-10T02:06:20Z
@user-eh1ph6ym3f,지리는 순간 모두를 망하게 할수는 있지만 끝나고....뒷감당 불가능....,3,2024-01-07T16:46:44Z
@woodangtang1,티쳐스 진짜 재밌어요. 매주 꼬박 챙겨봄. 시즌제 가즈아 🎉,35,2024-01-02T22:27:57Z
@user-bf9ty3xp8l,쌤들 귀여워ㅠㅠ 진짴ㅋㅋㅠ<br>조정식쌤 잘생겼다ㅓ,6,2024-01-02T07:42:49Z
@user-qt5dz6sy3q,이 둘 조합 귀엽기만하다,3,2023-12-27T16:31:30Z
@user-ld1us7ww2c,정승제T 조정식T 찐팬입니당 고등학교 여학생이예요 조정식T보고 방정식 생각했었는데 여기 나오네여 ㅋㅋ 저희 담임쌤하고 조정식T MBTI가 같더라구여 신기해요 ㅋㅋㅋㅋㅋ 두분의 앞날을 응원할게여 늘 건강만 하시고 행복만 하셨으면 좋겠어요 그리고 정승제T 앙탈 부리실때 너무 귀여우시고 조정식T ㅋㅋㅋㅋ 팩폭 날릴때   그런 스타일 ㅋㅋㅋㅋ 그리고 너무 잘생겼어요 조정식T ㅋㅋ 말투 궁금하잔낭 ㅋㅋㅋ,5,2023-12-27T03:45:08Z
@user-ld1us7ww2c,한 분야에 뛰어나신분들 보면 이런 사람들 생각못한 다른면을 보는게 너무 재밋다 ㅋㅋㅋㅋ,27,2023-12-27T03:43:53Z
@yoopni,이 영상 풀버전 보는 방법 없나요?ㅠㅠㅠ,0,2023-12-26T19:23:49Z
@parkson-mw1gk,"<a href=""https://www.youtube.com/watch?v=jv3oaNyEFhM&amp;t=64"">1:04</a> 악마의 질문이다ㅋㅋㅋㅋㅋㅋㅋㅋㅋㅋㅋㅋ우승 축하해요 승제쌤",21,2023-12-26T13:40:01Z
@user-zb1nf8rm1y,티처스 보고 정승제 선생님에 대해 훨씬더 호감 갖게됨..  생각보다 더 인간미 있고 더 열정적이고 따뜻한 면모 보여 호감급상승..😊,233,2023-12-26T13:10:52Z
@missbutton0203,와우 정말 멋져요^^ 두분 모두 건강하시길 바라는 찐팬으로서 언제나 화이팅입니다^^,22,2023-12-26T08:43:04Z
@Da0.ri_Uz,"ㅋㅋㅋㅋㅋㅋ 아니 다시 보고 있는데 왜 다시 봐도 웃음꽃이 만개가 되는지,, 특히 비하인드 너무 웃겨요 😂 정식쌤이 승제쌤이 노래 하시는 거 들으시고 잘 하신다고 하니까 분위기가 달달.... 😏 <a href=""https://www.youtube.com/watch?v=jv3oaNyEFhM&amp;t=278"">4:38</a> ㅋㅋㅋ 아 너무 기여우셔 두분 다 ㅋㅋㅋ",51,2023-12-24T04:41:40Z
@Love.football.fan11,지린다라..... 참고하겠습니다,0,2023-12-23T04:43:10Z
@user-og3xu9ex3o,아 두 분 대화하시는거 왜이렇게 웃기냐…..,19,2023-12-20T15:35:46Z
@user-og3xu9ex3o,"같이 계시는거 너무 신기하고 좋음ㅋㅋㅋㅋㅋㅋ맨날 따로 각자의 강의 각자의 사이트에서만 봤었는데..티쳐스 짱,,,",494,2023-12-20T15:28:50Z
@rito8687,조정식 vs 방정식 ㅁㅊ네ㅋㅋㅋㅋㅋ 진짜 뿜었다 ㅋㅋㅋ,1264,2023-12-20T08:57:31Z
@thstnrhks,"로그함수로 마려운 경우, 지수함수로 마려운경우.. ㅋㅋㅋ",0,2023-12-19T11:37:06Z
@구과자,댓글좀 열어주세요 진짜 답답하다답답해,0,2023-12-18T06:08:06Z
@millersong3529,이 프로그램 댓글 다 막아놓고 있는게 개웃기던데. 진짜 방송나와서 비전공자가 전문가인 척 아무말 대잔치... 어후 할많하않,0,2023-12-17T23:40:54Z
@lej-uv3iw,극 F 선생님이랑 극 T 선생님 같아 ㅋㅋㅋㅋ 두 분 케미 좋으시네 ㅋㅋ,13,2023-12-17T15:17:58Z
@Da0.ri_Uz,"요즘 티처스 한번 보니까 계속 보고 싶어서 매일 찾아보고 정주행 하는 중인데 ㅋㅋㅋㅋ 승제 쌤이랑 정식 쌤이랑 케미도 너무 좋고 진짜 확신의 F 랑 T의 만남이라서 볼 때마다 웃음 터져요 진짜,,, ㅋㅋㅋ 😂😂 두 분이 일타강사이신 이유가 있다... 앞으로도 화이팅 입니다!!! 티처스 앞으로 잘 챙겨보고 저도 보면서 많이 배우도록 하겠습니당 😏",286,2023-12-17T08:33:38Z
@user-mx3yp2fp5d,정승제 웃는게 웃김ㅋㅋ,2,2023-12-15T14:42:04Z
@y0bxxn.x,와,0,2023-12-15T13:40:26Z
@boyfriend8953,조정식 vs 방성식 ㅋㅋㅋㅋㅋㅋㅋㅋ,0,2023-12-14T20:46:28Z
@gorgeous4806,넘 재밌네요 ㅋㅋ 밸런스 또 해주세요 ㅋㅋ,9,2023-12-14T18:45:25Z
@gksehdalss,똥은 싸구오는게 맞다 어차피 그정도 급똥이면 그냥 앉자마자 지릴것 같아서 괜춘할드ㅛ여,0,2023-12-14T16:40:45Z
@user-pr2mx4mv1c,저 영상 풀버전 어디서 보지..??,1,2023-12-14T11:37:24Z
@lovelysmarthi08,"수능은 맘 편했는데, 재수는 우울증으로 인해 다 찍고나옴(16-&gt;17)",1,2023-12-13T20:59:17Z
@user-ty9nc3kb1t,"<a href=""https://www.youtube.com/watch?v=jv3oaNyEFhM&amp;t=172"">2:52</a> 다 죽어봐 개웃기네 ㅋㅋㅋㅋㅋㅋㅋㅋㅋ",44,2023-12-13T14:05:29Z
@ganadara9900,"수험생도 아닌데 이게 왜케 재밌는지ㅋㅋ쌤들 넘 멋있어 <a href=""https://www.youtube.com/watch?v=jv3oaNyEFhM&amp;t=275"">4:35</a> ㅋㄱㄴ개웃겨",171,2023-12-13T11:57:51Z
@user-ul6df5uy6k,잃부러 지리면 그 반애들 한테 다 고소먹을삘인데 ㅋㅋ,0,2023-12-13T05:55:06Z
@빵빵-x2l,정승제 이투스 나가면 이투스 망하는데 ㅋㅋㅋㅋㅌ,2,2023-12-12T15:35:33Z
@user-di9vf9rx8o,아 여기에 이지영쌤은 합류 안하시냐..ㅋㅋㅋㅋㅋㅋㅋㅋㅋㅋㅋ,0,2023-12-11T15:39:41Z
@user-iq3ns1gj7l,앜ㅋㅋㅋㅋㅋ 너무조하...😢,1,2023-12-10T20:25:19Z
@theessenceofstudy1666,똥 마려운 건 진짜 멘탈 나감,0,2023-12-10T14:16:49Z
@user-go1wu5mx4s,이래서 사생팬이 반했군<br>매력 개쩌시네요:),11,2023-12-10T11:21:25Z
@송동현-u5v,어질어질하다,0,2023-12-10T10:30:33Z
@user-oz2hf1uk6k,와 두개 합친 147이였네,0,2023-12-10T09:44:03Z
@yeo1_oo,승제쌤 사랑합니다❤,2,2023-12-09T20:43:27Z
@voudraisdormir,여기서 지네들끼리 1타 정하는거 진짜 웃음만 나오네ㅋㅋㅋㅋㅋ 정해봤자 자신한테 잘 맏는 강의 듣는게 더 이득인거고 아무리 까내려도 너네들보다 훨씬 더 좋은 인생 살고계심 그리고 1타 정할 시간에 하루빨리 공부해서 입시판 좀 떠나셈 제발,8,2023-12-07T10:20:04Z
@jangsarah2496,앜ㅋㅎㅋㅎㅋㅎㅋ 쌤들 말빨진짜 ㅋㅎㅋㅎㅋㅎㅋㅎㅎㅋㅎㅋㅋ 겁나 재밌어,6,2023-12-07T09:02:06Z
@sunny10_oh59,티쳐스 출연신청 해놓고 약속 안지키고 성적이 향상도 안되는 학생들은 방송을 내보내지 마세요.<br>보니까 공부는 뒷전이고 방송 출연이 목적인듯 보이고 멘탈을 들먹이며 오만가지 핑계를대며 해보려는 의지가 없는 학생을 보는거 몹시 불편합니다.<br>일타 강사가 출연해 공부하는 방법과 미션을 줬으면 뮌가 달라진걸 보여 줘야지 아무것도 달라진게 없는 장면을 굳이 시청자들한테 보여줄 필요가 있을까 싶네요~~~,5,2023-12-06T13:28:19Z
@user-df7ku8qv1y,1타다 아니다 이 소리 하기전에 저 쌤들 수업 듣고 그 과목 일등급 맞는 애들이 얼마나 많은지 좀 생각해봐라 1타아니여도 누구나 다 1등급 맞을 수 있게 커리짜놓는다 문제는 1타를 듣냐 아니냐가 아니라 니들 마음가짐이 1타 2타  쓸데없는 순위나 맥이고 이 선생 듣다 저 선생 듣다 방황한다는거다 똑바로 한 분 커리 잘 듣고 준비해라,6,2023-12-06T07:51:43Z
@woojame,둘다 귀여우심 😂😂😂,1,2023-12-06T04:24:44Z
@user-qz4mx9mn6b,둘이 안맞을거 같은데 은근 케미가 좋음 ㅋㅋ,42,2023-12-05T05:13:44Z
@yarko256,미사여구로 지 잘났다고 하고 쓸데없는 소리하는 강사들~,0,2023-12-02T23:18:21Z
@Vkeowj,이거 풀버전은 어딨음???,0,2023-12-02T17:03:20Z
@user-gw4kg4se6f,Splash damage ㅋㅋㅋㅋㅋㅋㅋㅋㅋㅋㅋㅋㅋㅋㅋㅋㅋㅋ drop that shit,0,2023-12-01T15:53:57Z
@yarko256,역시 서울로 출세해서 학원을 해야대ㅋㅋ,0,2023-11-30T22:39:02Z
@jjjj6364,조정식 쌤 볼 때마다 드는 생각인데 토마스 기차 닮으심,24,2023-11-30T14:20:32Z
@user-ku2si7rp6v,지수함수 로그함수 미쳤낰ㅋㅋㅋㅋㅋㅋㅋㅋㅋㅋㅋ,3,2023-11-30T06:36:45Z
@namiiii_5,두분 케미가 너무좋아요,2,2023-11-30T04:36:04Z
@user-lm4uh3hv3k,불편해하는 새키들은 뭐지? 열등감있어서 그런가,0,2023-11-29T16:31:38Z
@ca_ground,정식쌤 너무 웃기다ㅋㅋㅋㅋㅋㅋ,24,2023-11-29T05:39:52Z
@user-tr8nf9tl9g,두 쌤 다 스타강산데 조합도 조합인데 은근 케미 미쳤네?,87,2023-11-28T08:43:27Z
@user-rk5kc4kt6f,빌런 학생도 가끔 뽑아줬으면ㅋㅋㅋㅋ,5,2023-11-28T07:48:13Z
@user-xc1vn6el6w,우진버스 vs 병신패스 리더,2,2023-11-28T02:16:12Z
@user-wl3lj4qx3c,하아씨 조정식 개 싸이코넼ㅋㅋㅋㅋㅋㅋㅋㅋㅋㅋㅋㅋㅋ,0,2023-11-27T17:48:00Z
@user-qz1gi2if6t,"승제쌤 <a href=""https://www.youtube.com/watch?v=jv3oaNyEFhM&amp;t=264"">4:24</a> ㅋㅋㅋㅋㅋ",1,2023-11-26T10:08:57Z
@JocoMo-ct5od,웃기다,0,2023-11-26T09:51:31Z
@Fodbekdwld27,아닠ㅋㅋㅋㅋㅋ지수함수 로그함수 비유가 ㄹㅇㅋㅋㅋㅋㅋㅋ,13,2023-11-26T03:42:54Z
@shinryu3499,이두분 조합 땜에 티쳐스 봅니다<br>특히 너무나 깔끔한 분석과 팩폭<br>그리고 승제샘의 나랑잘래? 두근두근,591,2023-11-26T03:04:21Z
@user-xm8mq6js7v,왜 이 영상 댓글에서 관련성이 떨어지는 강민철쌤과 김동욱쌤 얘기가 보이는 건데 ㅋㅋㅋㅋㅋ,7,2023-11-25T08:37:56Z
@bompp8113,아 조정식 당근마켓썰 더듣고싶은뎈ㅋㅋㅋㅋ궁금해 ㅜㅜ,21,2023-11-25T05:04:17Z
@niangniang2011,나 승제샘이 강사분들이랑 대화하는 거 첨 봄,4,2023-11-24T14:35:34Z
@user-xh4or4vw2k,서로 최대한 똑똑해 보이려고 발악해고 생각을 짜내는 느낌임 ㅋㅋㅋㅋㅋㅋ,11,2023-11-24T03:41:30Z
@user-sl4uv7jf2d,조정식샘이 걱정인형샘 맞나..? 저 10년 전 수험생 때 저 샘 들었던 거 같은데,0,2023-11-24T00:30:58Z
@486hyunsun75,티처스 존잼,1,2023-11-23T05:24:38Z
@user.tokito-h3i,정승제 현우진 투샷 죽기전에 보고싶다,2,2023-11-22T16:30:32Z
@user-us9pj5vo4x,아까 처음에 공리주의 어쩌고하더니 수능장에선 왜 그냥 지려버리냐고ㅋㅋㅋㅋㅋㅋㅋㅋ,26,2023-11-22T11:10:06Z
@CHIYOUNGLEE,잠실은 엘지땅 독도는 한국땅ㅋㅋㅋㅋ 새침하기 그지없음ㅋㅋㅋㅋ,3,2023-11-22T05:54:12Z
@user-on3fh7bs7h,더 보고 싶다 이둘 영상 ㅎㅎ ❤❤,2,2023-11-21T14:02:37Z
@user-lt6zw2rs7z,승제쌤은 명품 안사시나보다<br>둘중에 누가 더 잘벌까,2,2023-11-20T22:14:50Z
@에엉,마지막이야 조정식이 현우진에게 받는 낙수효과가 얼마나 큰데 ㅋㅋㅋㅋ당연하지,3,2023-11-20T15:01:16Z
@user-ts9ql3rn9t,두분응원합니다,0,2023-11-20T13:31:13Z
@spchebsdmvl5435,1원이라도 더 주시면 어디든 ㅋㅋㅋㅋㅋㅋㅋㅋㅋㅋ 아 최고,83,2023-11-20T00:27:39Z
@user-yr7ht2jo7i,이투스 들을까 메가 들을까...<br>두 분다 듣고 싶은데..,4,2023-11-18T11:10:14Z
@clara_schumann_,선생님들이 이 프로에 나오는게 아깝다. 한국 사회는 아직도 선진국이 되려면 멀었고 이런 프로가 방송까지 할 일인가? 공부가 뭐라고 학군이 뭐라고. 이 좁은 땅에서 우물 안 개구리.<br>한국 부모들은 애들 학업 보다 예절과 인성부터 가르치길.,6,2023-11-18T06:05:42Z
@Roo_t,둘이 조합 재밌네 ㅋㅋㅋㅋㅋㅋㅋㅋㅋㅋㅋㅋ,20,2023-11-18T04:52:48Z
@user-cp2zt8vp7n,둘다 애매한 1타들..,1,2023-11-18T04:18:59Z
@user-idealgyu486,생선님은 이적 아니되옵니다. 제가 생선님 강의 들으려고 이투스 패스를 샀는데..,4,2023-11-18T03:26:32Z
@gorgeous4806,쌤들 겁나 웃곀ㅋㅋㅋㅋㅋㅋㅋㅋㅋㅋㅋㅋㅋㅋㅋ,65,2023-11-17T20:36:57Z
@user-er7uw9mc7r,정쌤 인간적이라서 좋네❤,69,2023-11-17T17:06:26Z
@myong7835,너무 재밌어요.,0,2023-11-17T00:12:22Z
@Oyy477,강민철 vs 김동욱,0,2023-11-16T23:15:20Z
@1_._1-h2j,승제쌤 우승했답니다!! 그리고 지영쌤과 함께 중계에 잡히셨다는,6,2023-11-15T18:21:10Z
@user-ei8xd3tj6u,전 정승제쌤이 더 잘생겼다 봄❤,4,2023-11-15T09:45:21Z
@user-zm4mf8jh2y,무조건 정승제지 조정식은 너무 싸가지 없음,4,2023-11-15T09:43:16Z
@user-po5nr2fw2y,아니 미쳤냐곸ㅋㅋ <br>둘이 생각보다 재밌음.. ㅋㅋㅋㅋ<br>뭐 정승제때문에 재밌어 진거같긴한디..<br>진짜 정승제 개 웃겨.. ㅠㅠ,35,2023-11-15T07:35:21Z
@user-hq7ws6jq7q,유튜브 보면서 웃고있는 현우진 이명학은 개추~,6,2023-11-15T03:05:20Z
@user-ic2bg7kj9p,"<a href=""https://www.youtube.com/watch?v=jv3oaNyEFhM&amp;t=260"">4:20</a> 우진버프 없이 띵학이 못 이길 거 같은 정식이면 개추 ㅋㅋ",50,2023-11-15T02:29:10Z
@user-rm8br5jq4w,정승제 샘<br>👍 👍 👍 👍 👍 👍 👍 👍 👍 👍 👍 👍 👍 👍 👍 👍 👍 👍 👍 👍 👍 👍 👍 👍,2,2023-11-14T05:11:25Z
@bom2184,찐 문과감성대 이과감성인듯ㅋㅋㅋㅋㅋㅋㄱㅋ 정식쌤 배려남 👍,27,2023-11-14T04:08:43Z
@user-uu3ub3bp1m,왠지 이과F와 문과T의 만남 같음 ㅋㅋㅋㅋ 넘 잼있어요 두분 ㅎㅎ,3439,2023-11-14T00:31:55Z
@geulseul,승제쌤❤️❤️LG 29년만에 우승 축하요🎉🎉🎉,40,2023-11-13T14:19:19Z
@user-by3uo4sd5k,다같이 죽자 쎄다,0,2023-11-13T05:57:14Z
@tv-kr7ip,근데..조정식은 모르고 수학도 선행하는애들다받아 강의를헀던거아닌가?그러면서 중2가 중2거를 푸는세상이면좋겠다했던거같은데<br>참..언제부터강사들이..미친세상이다<br>쇼맨십만살아서는<br>채널A가 보기싫어진다,1,2023-11-12T11:40:09Z
@user-of2pv6sl4z,ㅋㅋㅋㅋㅋ 조합이 ㅋㅋㅋ 한 번봐야겠다,6,2023-11-12T10:34:57Z
@Ruel327,이걸보니 학생들에게 열심히 글 읽는 반응 법을 가르치는 코동욱 선생님이 대단하게 느껴진다.,453,2023-11-12T04:01:41Z
@afternoonbot,댓글들 1타강사 진위여부 가지고 싸우고 자기들이 무슨 강사 자아의탁 한거마냥 말하고 별 같잖은 걸로 싸우는거 진짜 하찮네..,10,2023-11-11T10:36:55Z
@user-uv6te9xm4b,학원강사가 선생이냐???,1,2023-11-11T07:36:59Z
@user-uv6te9xm4b,이프로 만든거 누구니??<br>제목부터 뒷꼴땡기고<br>나온 패널들 별로고 <br>돈독들은 학원강사들 진짜 짜증남,2,2023-11-11T07:36:33Z
@dosauchida,둘다 2타인데 ㅋㅋ,0,2023-11-11T05:05:59Z
@user-md6be2rs6o,진짜 아 그냥 이 화면 자체로 너무 웃김 진짜 결도 전공도 회사도 너무도 다른 사람들 둘… 상상도 못한 조합…,355,2023-11-10T13:59:42Z
@Zerozerozero11-o1g,조정식 왜 정국닮음?,4,2023-11-10T02:33:52Z
@studywithsally1004,와 ㅋㅋㅋ 두 분의 콜라보라니❤,5,2023-11-09T18:32:44Z
@kiddo0622,두분다 왤케 귀여우세요 ㅋㅋㅋㅋ❤,17,2023-11-09T04:02:03Z
@gamstrawberry1004,승제쌤 사랑해여 힛❤ 승제쌤 덕분에 수학이 재밌어졌어여 ❤❤❤,36,2023-11-09T01:49:25Z
@DIVE_reng,조정식쌤은 현실판 최치열 보는 느낌ㅋㅋ,68,2023-11-09T01:38:47Z
@user-cr8zy8iq5f,"메가의 2세대  영어강사 1세대 김기훈 로즈리 2세대 조정식 1세대 수학강사 학석원, 박승동, 삽자루 2세대 정승제, 현우진",2,2023-11-08T12:45:31Z
@user-ys9ty5et1x,아 진짜 웃기다 ㅋㅋㅋㅋㅋㅋㅋㅋㅋㅋㅋㅋㅋㅋㅋㅋㅋㅋㅋㅋㅋㅋㅋㅋ,40,2023-11-08T00:59:08Z
@user-cj8ei6eq6u,더데유데 해설 듣다가 갑자기 집중력 하락해서 유튜브 들어왔더니 바로 이게 뜨네 ㅋㅋㅋㅋㅋㅋ.........닥치고 다시 해설 들으러 갈게요 쌤...,0,2023-11-07T13:04:11Z
@kiddo0622,티쳐스 1화 봤는데 너무 재밌고 유익함 ㅋㅋㅋㅋㅋ❤,65,2023-11-07T02:13:05Z
@user-ld4es7nq7c,"<a href=""https://www.youtube.com/watch?v=jv3oaNyEFhM&amp;t=139"">2:19</a> 반응해라 제자여",6,2023-11-07T01:11:17Z
@Happymong24,팩트<br>수학1타는 현우진<br>영어1타는 이명학이다<br>하늘에 두명의 1타가 있을수는없는법,8,2023-11-06T15:00:42Z
@paulpaik6808,생선님. 강의 완강이나 해주십쇼.,4,2023-11-06T14:09:46Z
@acktericks,승제쌤 올해 담금질 커리는 다 끝내심?,2,2023-11-06T11:01:54Z
@wkadhkfk,ㅋㅋㅋㅋㅋ 입담 쥐리는 분들을 데려오셨네..,4,2023-11-06T09:07:52Z
@jharden_,새삼 논리국어 최인호쌤이 대단하다고 느껴지네요,66,2023-11-05T01:28:26Z
@snulaw,역시 국어는 김동욱,1,2023-11-04T15:59:15Z
@JJCAFE_RAinly,저런 방송이 문제다 더욱 사교육 일으키는 한심하다.,1,2023-11-04T00:02:49Z
@oppicial737,저 실제로 수능 전날 술먹고 수능날 토했다가 수능 망쳤습니다. 제주변사람들에게 손배소도 당했구요.. 인생 나락가싫으면 절대 똥오줌 같은거 지리지마세요,6,2023-11-03T12:46:06Z
@xaviercole8233,정승제는 강사보다 미디어노출을 하고싶은거같은데 걍 연예인을 하세요,9,2023-11-03T06:35:39Z
@user-ll7jd2bl3g,여기서 이런 토론을 하는 두분을 보니 문득 김젬마의 물리2 강의가 대단하다고 생각한다.,16,2023-11-03T05:14:17Z
@xxhin616,민철이 형 이거 보고있는거 알아요 우기분 좀 올려주세요,2,2023-11-03T00:20:50Z
@jewoojang7761,문득 지금도 열심히 파이널을 찍으며<br>대치동국어현강 1위를 지키고있는 빅토리T가 대단해보인다.,123,2023-11-02T08:38:51Z
@funny_zzz08,교수 감금한 놈이 뭐 잘했다고 기어나오냐 걍 강의나 해라 주접싸지 말고,2,2023-11-02T05:44:47Z
@user-ii6xq6xg7l,조정식쌤 현강수강생이였는데 강의력 진짜 탑임,582,2023-11-01T11:35:55Z
@user-wf3pb3zj6t,지수함수 로그함수ㅋㅋㅋㅋㅋ 급똥이 거기까지 가는거냐고😂ㅋㅋㅋㅋㅋㅋ,21,2023-10-31T15:34:20Z
@냠-z9s,조정식 방정식에서 터짐 ㅅㅂㅋㅋㅋㅋㅋㅋㅋㅋㅋㅋㅋㅋㅋㅋㅋㅋㅋㅋ,13,2023-10-31T15:14:05Z
@Michaelcoffee,조정식쌤은 약감 호빵 같은 느낌이고 정승제쌤은 붕어빵 같은 느낌이지 ㅎㅎ,6,2023-10-31T13:08:52Z
@yoons_meiosis,@woojinmath:형은 방송출연 같은거 안하잖아 🫢,0,2023-10-31T04:56:32Z
@eeeeeeeeeeeeeeeeeeeeeekeee,에휴 강사나 열심히 하지 수능시장 위기니까 이제 다들 방송 눈독들이는구나,4,2023-10-31T03:02:32Z
@동자승,감금 1타 ㄷㄷ,0,2023-10-30T23:10:46Z
@배연경,정승제 선생님 보면 왜자꾸 강수진 성우님이 생각날까용 ㅋ 티처스 기대됩니다,6,2023-10-30T10:34:33Z
@Grace-vx5wk,조정식이다…… 헐,1,2023-10-28T15:55:34Z
@user-zr3zm3yc6q,본업이나 잘하자 승제야 제발,4,2023-10-27T17:17:31Z
@chutzpah4434,정식쌤은 매주 회당<br>대학 시절 썰 하나씩 풀면 시청자수 더 뽑을 수 있음,2262,2023-10-27T11:30:51Z
@user-ir2qs2jl6k,정승제 선생님 .... 방송 찍을 시간에 강의 계획대로 찍어주세요 ..젭알 ...<br>2024 현역인데 3모 전에 적어도 개때잡 완강 해주실줄 알고 시작한 커리인데 선택 과목 완강도 안해주시고 그와중에 휴강 하시길래 힘들어서 그렇겠지... 라고 생각해도 방송은 꼬박꼬박 나오시길래.... 정말 ... 아직도 못했다는 심리적 압박은 심했습니다  심화 개념이 보통 2월에 끝나야 하는데 8월달까지 강의를 들어야 하기에 담금질 도움이 되었지만 너무 늦게 끌지 않았나하는 생각이 들었습니다 노베는 아니여서 2월에 빨리 끝내고 양치기 했으면 지금 달랐을까 내가 커리를 잘못 선택했나 좀 만 더 알아볼걸 이라는 수많은 걱정을 하게 만들었습니다 물론 선생님의 강의엔 흡수력이 있어서 끝까지 듣고 복습까지 했습니다 .. 강의가 좀만 더 빨리 끝났으면 복습을 더 빨리 끝내고 양치기 할수 있지 않을까요 ot를 보고 선택 한 커리 이지만 이렇게 늦게 끝내 주실줄은 몰랐습니다.. 이 댓글을 보시면 한 번쯤 더 생각 해보실수 있을거라 생각하고 남겨봅니다..,39,2023-10-26T21:47:20Z
@6amwakeup,다들 강민철 이던데 독서부터 문학에다 언어와 매체까지 다 반응시켜버리는 나만의 반응선생님 김동욱 선생님이 더 대단하게 느껴진다,407,2023-10-26T15:13:07Z
@ntrstnvids,아니 진짜 전혀 예상할수없는 조합이네 ㅋㅋ<br>뭔가 안맞는다고는 생각하지 않았는데<br>그렇다고 한자리에 계신다는 생각을 못하겠음ㅋㅋ,303,2023-10-26T11:19:40Z
@dominico100,예고편만 봐도 기대되네요~,20,2023-10-26T08:59:09Z
@cba8184,1타호소인,0,2023-10-26T08:40:02Z
@user-sc5ch2ki9e,이런거 보면 현우진이 업계 압도적 1타인게 드러난다,8,2023-10-26T05:52:54Z
@goyobird,두 분 잘 맞는 듯,14,2023-10-26T04:44:48Z
@Hyunseok__,수험생들 자아의탁해서 자기들끼리 대결하는거ㅜㅈㄴ 웃기네 ㅋㅋ,26,2023-10-26T04:31:52Z
@ACatinaFog,강사분들이 나와서 얘기하는데 왜 이리 재밌는 거야,34,2023-10-26T04:18:50Z
@user-vw9te3xp1p,"야, 이게 대체 뭐가 중요한데? 우기분 실시.",7,2023-10-26T01:00:45Z
@heung_orib,주예지 VS 박광일 보고싶어요,5,2023-10-25T21:58:11Z
@bologbolog,"확실히 이걸 보니 답이 나왔네. 이런 열띤 토론을 하는 와중에도 강의 준비와 수험생이좋아하는 국어 강사 1위가 되기 위해, 그리고 서연고 대학생이 뽑은 가장 도움된 국어 강사가 되기 위해 오늘도 고군분투하시는 강민철 선생님이 새삼 대단하게 느껴지네.",654,2023-10-25T18:02:15Z
@user-hv8sg4wt5z,아니 그냥 두 분이서 이렇게 얘기하고 있는 앵글이 너무 웃김 ㅋㅋㅋㅋㅋㅋ,79,2023-10-25T16:25:57Z
@wwzm9,오 문관데 ㅇㅈㄹㅜㅜ 진짜개웃,5,2023-10-25T15:56:53Z
@user-bd3ei3lo9i,조정식쌤 분위기는 빡세고 무서워보이는데 요기서 보니까 디게 귀여우시네 ㅋㅋㅋ 잘생기신듯!!!,113,2023-10-25T15:40:03Z
@Dangun-d9n,조정식쌤 현역때도 해찬 느낌이있다고 생각했는데 지금 더 닮아지셨네,15,2023-10-25T15:16:04Z
@Mincheolgayya..,감금1타 ㄷㄷ,3,2023-10-25T14:11:11Z
@baba-lx2ul,둘다 너무 웃기다 ㅋㅋㅋ,27,2023-10-25T14:00:03Z
@stilloveko651,우진이는 이런거 하지 말기~,7,2023-10-25T13:56:20Z
@foreversj,조정식 업보 덕분에 탈락,0,2023-10-25T06:47:57Z
@hjn677,승재쌤 잘생겼어요❤,6,2023-10-23T20:21:06Z
@user-lf7sg6fu7l,현우진쌤 감사합니다❤,27,2023-10-23T14:07:41Z
@user-xi3bq5sj4u,정승제 1타프레임은 왜 씌워진거냐 진짜<br>매년 담금질 9월 넘어서도 완강 안하고 다른 프로젝트 ㅈㄴ 벌리고 수강생들만 죽어나는데 ㅋㅋㅋㅋㅋㅋㅋ,34,2023-10-22T15:08:47Z
@Chanhee927,뭐임 정식쌤 생각보다 안 깐깐해보이네…. 사람이 웰케 따뜻해보임,287,2023-10-22T09:27:18Z
@user-tu1ns4oc9t,"<a href=""https://www.youtube.com/watch?v=jv3oaNyEFhM&amp;t=135"">2:15</a> 아 ㅋㅋㅋㅋㅋㅋㅋㅋㅋㅋㅋㅋㅋㅋㅋㅋㅋㅋㅋㅋ 답변 퀄리티 도랐네",26,2023-10-22T06:01:15Z
@user-vs2ie8zs8x,우진희 은퇴하면 메가가 승제쌤 모셔오자,53,2023-10-22T00:50:10Z
@Wwe-damagectrl,이투스면 당연히 나와야지 ㅋㅋㅋㅋㅋ,43,2023-10-21T15:59:02Z
@Mega_kmc0219,근데 당근에 파는걸 왜물어보노 돈벌려고 팔겠지 ㅋㅋ,7,2023-10-21T15:33:59Z
@user-oy6re2sp9e,메가vs이투스,0,2023-10-21T15:33:48Z
@Mega_kmc0219,강민철선생님 덕분에 국어등급이올랐습니다. 강민철 선생님 최고의 선생님!,160,2023-10-21T15:29:52Z
@user-jo1tn2xm3p,현우진 듣는김에 듣는...,3,2023-10-21T15:17:57Z
@kimjohn2769,우진쌤 사랑합니다❤❤❤,24,2023-10-21T14:31:54Z
@mesqunclub2104,정싁이는 1타가 아니지 않나~,12,2023-10-21T14:21:29Z
@dl.xxx0,난 저 두 분이 같은 프레임 안에 있는 게 마냥 웃기냐ㅋㅋㅋㅋㅋㅋㅋ 절대 만날 일은 없을 거 같은 사람들끼리...ㅋㅋㅋ,5363,2023-10-20T13:47:43Z
@user-dt1nn8vw1g,세계관 통합인가,8,2023-10-19T19:52:09Z
@user-gy5ht8yf8v,승제쌤 사랑합니다❤❤❤,109,2023-10-19T15:23:17Z
@고사미-l2u,정식쌤 사랑합니다❤️❤️❤️❤️❤️,41,2023-10-19T14:57:37Z
@HyunA_Sings2977,"<a href=""https://www.youtube.com/watch?v=jv3oaNyEFhM&amp;t=271"">4:31</a> 심쿵",48,2023-10-19T08:37:56Z
