Author,Comment,Likes,Published At
@user-np5hy5of6b,나이스 ❤❤,0,2024-09-11T10:13:52Z
@2young553,"<a href=""https://www.youtube.com/watch?v=ZbWMEA1SOmI&amp;t=159"">2:39</a> 미미미누 잘한다~ 역시 트렌드 잘해",0,2024-09-11T03:34:45Z
@kong-k9bv,진짜 셋 케미가 너무 귀여움ㅋㅋㅋㅠㅜㅜ 디져스 더 내놔ㅠㅠㅜㅜ,2,2024-09-10T14:52:39Z
@user-ep6fp8og1k,"미미미누나 진짜 예능캐ㅋㅋㅋㅋ 미<a href=""http://www.youtube.com/results?search_query=%23%EB%88%84"">#누</a> 덕분에 재밌게 본다",0,2024-09-10T13:20:01Z
@Corrie5,6빠❤,0,2024-09-10T12:26:49Z
@avadakadabraYEET,다들 비슷한 생각이네 ㅋㅋㅋ 이거 찍을때 편집없이 걍 길게 쌉소리 다 올려주세요 ㅋㅋㅋㅋ 너무 잼있어,4,2024-09-10T12:09:18Z
@seongeunkim315,디져스 완전 재밌어용 ㅎㅎㅎ,0,2024-09-10T11:59:01Z
@wjdjdjtk,"<a href=""https://www.youtube.com/watch?v=ZbWMEA1SOmI&amp;t=60"">1:00</a> 사내(둘이)연애",4,2024-09-10T10:56:48Z
@phhbkko,ㅋㅋ키ㅣ키킼ㅋㅋ,0,2024-09-10T10:44:31Z
@user-yd4cq6vh3p,승제 배방구 마려우면 개추,0,2024-09-10T09:46:07Z
@SKKim-zl8gr,이제 춤 언제 올라오나여 궁금하네요 ㅋㅋㅋㅋㅋ,0,2024-09-09T22:59:48Z
@LevyisGOD,이런거 보면 미미미누 섭외 잘했네 ㅋㅋㅋㅋ 미3누가 트렌드나 춤 선정같은 조율을 잘 해준다,2,2024-09-09T18:17:38Z
@soomile_11,승제쌤 리얼 비상사태….🚨,8,2024-09-09T15:22:58Z
@Tuuwoop._.,승재쌤 오늘 옷 컨셉이 계란 지단 인건가요?ㅋㅋㅋ,2,2024-09-09T14:33:37Z
@winter101,"아니 저 티라미수케이크 당첨됐는데 이름 잘못보내서 안와요,,, dp를 dP로 적어버림…. 인증가능함다",0,2024-09-09T13:47:52Z
@twilightdusty,👇못말리는 생선님 원하면,3,2024-09-09T12:29:12Z
@monours,정식샘 과한 디올같은 옷보다 흰 티가 왜케 젊어보이고 멋지심..,1,2024-09-09T12:04:54Z
@user-tm3xq4hn4z,양양 토박인데 왜 하필 못본거지ㅠㅠㅠ 봤으면 바로 제보하는건데에,0,2024-09-09T12:00:19Z
@user-wd2vy1vu8x,너무잼있어요.세분조합.굿굿😊,2,2024-09-09T11:53:47Z
@yenalice0227,아니 ㄹㅇ 요즘에 나 리즘이땜에 이머전시에 빠졌었는데 겨우 빠져나왔는데... 승제쌤이 해버리시면......;;;^^,2,2024-09-09T10:59:30Z
@0L7O2V6E-um7hm,&#39;티쳐스 감 다 디져스&#39; 코너 만들어서<br>티쳐스 개선방향 피드백하고 논의하는것도 올려주면 안되나<br>요즘 티쳐스 패턴도 같고 리액션도 점점 억지스러운게 좀 보이는 사람들이 있어서<br>좀 아쉽,3,2024-09-09T09:57:15Z
@user-du8fx2zf1n,정승제 둥지 많이 검색해주세요❤❤,0,2024-09-09T09:54:06Z
@user-du8fx2zf1n,노래마다 승제쌤 얼굴넣는거 개웃기네 ㅋㅋㅋㅋㅋ,0,2024-09-09T09:51:47Z
@user-nb9qy1jo5t,캬ㅏㅏㅏ,1,2024-09-09T09:51:38Z
@user-du8fx2zf1n,진짜 편집자님들 월급 많이주자 ㅋㅋㅋㅋㅋ,1,2024-09-09T09:49:43Z
@user-du8fx2zf1n,"<a href=""https://www.youtube.com/watch?v=ZbWMEA1SOmI&amp;t=36"">0:36</a> 코카인 요청하고 안보겠다는거 개웃김 ㅋㅋㅋㅋ",1,2024-09-09T09:48:49Z
@_10__e.s,아 걍 미미미누 볼때마다 o_0 이거생각남,0,2024-09-09T09:22:36Z
@user-cn4fj2uw5y,킥드럼베이스랑 코카인을 해야 개꿀잼인건데 미삼누 트롤했넼ㅋㅋㅋㅋ아쉽다,1,2024-09-09T08:58:50Z
@user-ex2dj6vo5x,"<a href=""https://www.youtube.com/watch?v=ZbWMEA1SOmI&amp;t=255"">4:15</a> ㅋㅋㅋㅋㅋㅋㅋㅋㅋㅋㅋㅋㅋㅋㅋㅋㅋㅋㅋㅋㅋㅋㅋㅋㅋㅋㅋㅋㅋㅋㅋㅋㅋㅋ",0,2024-09-09T08:57:33Z
@꽤,핳하,0,2024-09-09T08:31:27Z
@ssip_SUNBI,생각보다 ㅈㄴ 빨리 끝나서 놀랐으면 개추,2,2024-09-09T07:54:50Z
@d.y8131,아ㅏ 메이드복 포기 못하는데...,1,2024-09-09T07:39:49Z
@onshimi_potato,진짜 승제쌤 너무 귀여워 ㅜㅜㅜㅜㅜ❤️❤️❤️❤️❤️❤️❤️❤️❤️❤️,1,2024-09-09T06:55:34Z
@wolf1004roy,"<a href=""https://www.youtube.com/watch?v=ZbWMEA1SOmI&amp;t=310"">5:10</a> o_O??",0,2024-09-09T05:33:34Z
@wolf1004roy,"<a href=""https://www.youtube.com/watch?v=ZbWMEA1SOmI&amp;t=271"">4:31</a> 티처…아니 디져스에서 수마일쌤을 보다니…수마일쌤 성공했네🥹🥹🥹",4,2024-09-09T05:32:43Z
@user-lj8sv2gt2r,ㅋㅋㅋㅋㅋㅋㅋㅋ 아 조정씩쌤 멘트가 개윳김 ㅋㅋㅋ,0,2024-09-09T02:26:35Z
@user-ei4kw3ny5i,정승제는 이게 아니라도 챌린지 언젠가는 할거같은데 조정식t가 하는것을 보고싶음 그쌤은 안할거같음,2,2024-09-09T02:09:15Z
@user-xq1tz8fb7m,디져스 너무 좋고 재미있고 사랑해요~ 😍,0,2024-09-09T01:35:15Z
@user-wf3pb3zj6t,ㅋㅋㅋㅋㅋㅋㅋㅋㅋ<br>정식쌤 공부가르칠땐<br>겁나 무서운 쌤이던데 <br>이런 곳에서 방송하는거 보면 또 너무 웃김ㅋㅋㅋㅋ,0,2024-09-09T01:33:59Z
@user-id9zj1re7n,아직 읍나? 나 인스타 소식 보고 바로 달렸는데....헉헉😅😅😅,2,2024-09-09T00:50:47Z
@user-si3em7xf2a,정식쌤 같은 친구 있었으면 좋겠다 😊,0,2024-09-09T00:43:46Z
@user-mu2wz3yq9o,나는 솔로 출현 희망.,0,2024-09-09T00:10:35Z
@user-ni7io6jj3f,"<a href=""https://www.youtube.com/watch?v=ZbWMEA1SOmI&amp;t=242"">4:02</a> 양양에 뭐있음?? 유흥업소가 많은가",1,2024-09-08T22:18:04Z
@inaepark6151,"승제 F의 호랑나비 춤 보고 운전하다가 육성으로 터져서 멈출 뻔했어요! 😂😂댄스 부심 가지실만 해요!👍👍 노래, 춤, 요리, 개그, 💯 💯💯 내 이상형 ❤🤩💖❤️‍🔥",0,2024-09-08T16:16:16Z
@mathmatics7853,미미미누 목소리 불편하다.안듣고싶다.,0,2024-09-08T15:42:58Z
@user-tv4oz5he6v,생선님 기하 개때잡 인강에서 코카인 춤,0,2024-09-08T15:14:15Z
@This.late.night.conversation,채널a 감ㅈㄴ살았네,1,2024-09-08T15:11:39Z
@user-eh1gb5zc9s,아..기대됀다..,0,2024-09-08T15:11:21Z
@user-jz2uj7hn7t,아 이머전시 아쉬운데 걍 승제쌤이 고르는데로 하지 ㅠ,0,2024-09-08T14:16:56Z
@futurekim5197,마카레나가 왠일… ㅋㅋㅋㅋㅋ,0,2024-09-08T13:40:40Z
@user-cn9jv3oq5u,디져스는 따로 올라오는 날이나 시간은 없는 건가요?,0,2024-09-08T13:16:56Z
@QkdEjr,"나 폼푸나 시나모롤신청했는데,,, 이런 티처스같으니라고",1,2024-09-08T13:13:14Z
@준표_BS,이것만 기다렸다면 개추 ㅋㅋㅋ,0,2024-09-08T12:48:39Z
@user-mq4gz8im2z,이머전시 보고 싶어서 채널 들어가서 숏츠 눌러본 사람 개추 ㅋ,1,2024-09-08T12:44:04Z
@user-cs7wz3sp5n,썸네일보고 기대하면서 달려왔으면 개추,0,2024-09-08T12:38:58Z
@lej-uv3iw,진짜 ㅋㅋ 티처스 본방보다 이게 더 재밌다 ㅋㅋㅋ 저 세 분 안 맞는 듯 되게 잘 맞는 것 같아요 ㅋㅋㅋ 두 선생님들 사이에 미누형이 너무 웃겨요 ㅋㅋㅋ,23,2024-09-08T12:38:19Z
@bada1203,구독 불편하게299만 해드렸는데 불편하면 ㄱㅊ,0,2024-09-08T12:37:11Z
@MicheMochi,"승제쌤이랑 동갑인데, 댄스 챌린지 시킬라고 디져쓰 보자마자 팔로했다. ㅋㅋㅋ 뿌듯 😊",3,2024-09-08T12:36:11Z
@user-hs7qb2pb5n,정식쌤 오늘 왤케 훈훈하심..,8,2024-09-08T12:32:34Z
@parksjeong,티처스 미미미누 섭외 진짜 잘했다,206,2024-09-08T12:08:38Z
@parksjeong,이랬는데 사실 여친있는 미미미누면 개추,0,2024-09-08T12:08:23Z
@Jeniqie,세분 친해보여서 보는사람도 편하고 재밌고 ㅎㅎㅎ 넘 좋다,8,2024-09-08T11:59:31Z
@user-my3sh7vk3v,하...승티키 기대한 1인,2,2024-09-08T11:41:17Z
@hyecat_05,"<a href=""https://www.youtube.com/watch?v=ZbWMEA1SOmI&amp;t=272"">4:32</a> 수마일이다!!! 수마일을 여기서 보다니..대박..😃💛",15,2024-09-08T11:33:09Z
@user-lj1uu4kx6j,개같이 벌어서 정승처럼 쓰네,1,2024-09-08T10:56:14Z
@achimyi0709,못 말리는 아가씨 ㅜ 탈락하다니요 ㅠㅠㅠ,0,2024-09-08T10:50:58Z
@user-nb2ge9oi2j,승제쌤 개때잡 기하 마지막 단원 중반부 강의 영상 인트로에서 코카인 추시는 거 독서실에서 보고 계단에서 겁나 웃었었는뎈ㅋㅋㅋㅋㅋㅋㅋ,6,2024-09-08T10:46:10Z
@ssskaidb2937,열심히 비계 팠다,0,2024-09-08T10:43:29Z
@happinessisfrequency,와아 밀당!! 춤 추시는 거 ❤언능 보고시퍼요ㅎ연애는 하지<br>마..(팬심에 스크래취😂기스😢아~야!😅)세오ㅜㅎㅎ,0,2024-09-08T10:19:51Z
@tothetothe6407,저번주에 안 올라와서 아쉬웠어요..😢,3,2024-09-08T10:14:35Z
@netta1,저는 승제쌤의 sticky를 원했습니다.,4,2024-09-08T09:57:04Z
@s23song,디져스 네이밍 누가했냐 ㅋㅋㅋ센스😂,1,2024-09-08T09:53:49Z
@늑대도훈,디져스 분량좀 눌러주세요…,0,2024-09-08T09:50:03Z
@young-duck2024,짧아서 넘 아쉬워용 ㅠㅠ,2,2024-09-08T09:44:52Z
@수아수앙,"너무 힘듭니다 정승제씨 당신도 영원하지는 않겠지요 언젠가는 당신의 노래를 듣는 것도 마지막이 다가올 것이란 걸 저도 알고 있습니다. 당신의 노래를 듣는 하루하루가 즐겁고 당신이 웃으면 나도 웃고, 하루 종일 머릿속엔 정승제 당신밖에 없는데 이 행복의 끝이 올 거란 생각이 드니 문득 너무 불안해집니다. 이게 이루어질 수 없는 짝사랑이고 영원하지 못한 불행한 행복입니다. 차라리 당신을 처음부터 몰랐더라면 이러지 않았을까요? 다시 돌아간다면 그래도 정승제 당신을 알게 되는 삶이 더 행복하겠죠? 제발 떠나지 마세요. 여러분들도 저처럼 고통스러우신가요? 저는 행복합니다, 지금. 하지만 마지막이 다가오지 않았으면 합니다. 깊은 수렁에 빠지고 있습니다. 더 이상 저는 헤어나올 수 없습니다. 그저 끝을 향해 달려가는 경주마 같습니다. 책임지십시오, 나의 사랑 정승제.<br><br>세상에 70억 명의 정승제 팬이 있다면, 나는 그들 중 한 명일 것이다. 세상에 1억 명의 정승제 팬이 있다면, 나 또한 그들 중 한 명일 것이다. 세상에 천만 명의 정승제 팬이 있다면, 나는 여전히 그들 중 한 명일 것이다. 세상에 백 명의 정승제 팬이 있다면, 나는 아직도 그들 중 한 명일 것이다. 세상에 한 명의 정승제 팬이 있다면, 그 사람은 아마도 나일 것이다. 세상에 단 한 명도 정승제 팬이 없다면, 나는 그제서야 이 세상에 없는 것이다.<br><br>정승제, 나의 사랑.<br>정승제, 나의 빛.<br>정승제, 나의 어둠.<br>정승제, 나의 삶.<br>정승제, 나의 기쁨.<br>정승제, 나의 슬픔.<br>정승제, 나의 고통.<br>정승제, 나의 안식.<br>정승제, 나.",29,2024-09-08T09:44:02Z
@song_sari_,헤엑 5분이라뇨ㅠ 좀만 더 길게 해주세용 ㅠㅠㅠㅠ,4,2024-09-08T09:41:40Z
@user-su5qb5dv9x,와 드디어 디져스,0,2024-09-08T09:41:20Z
@user-km8sy2bu7v,"<a href=""https://www.youtube.com/watch?v=ZbWMEA1SOmI&amp;t=40"">0:40</a> 해탈한 승제 FISH",7,2024-09-08T09:41:05Z
@kenniaaaa,다나카ㅋㅋㅋ 왜색이 짙다 이것만 안해주길 바랐는데 선택안되서 다행이네요,1,2024-09-08T09:35:04Z
@user-cc6ri4jm9c,ㅁㅊ 내 댓글 나왔다 미친거 아니야 내가 신청한거 고르셨다 뭐지 이 기분으뉴ㅠㅠㅠㅠㅜㅜ🥹,1,2024-09-08T09:29:46Z
@바베,이머전시 나올거같았다 ㅋㅋㅋ,2,2024-09-08T09:28:09Z
@WO_PANG,감자 오늘 피부가 되게 밝다,0,2024-09-08T09:24:53Z
@user-nv8el1gp3o,눈 감았다 뜨니 영상이 끝났어ㅇ..,0,2024-09-08T09:24:31Z
@angangdjz,왜 3.5화임 ㅋㅋ,0,2024-09-08T09:16:20Z
@4fd_ha,이제 이것도 보기 싫네.. 강사들 나와서 이게 뭐하는거,0,2024-09-08T09:15:03Z
@thechojungsik,릴스보고 궁금해서 왔습니다!,1,2024-09-08T09:12:21Z
@user-kp9bt9or8o,"<a href=""https://www.youtube.com/watch?v=ZbWMEA1SOmI&amp;t=110"">01:50</a> 아 대박 코카인 제가 추천했는데ㅠㅠ 이렇게라도 볼 수 있어서 행복해요ㅠㅠㅠㅠ 감사합니다 관리자님!!!!! 삼대가 행복하세효🥹🎶 엉엉ㅠㅠㅠ 승제쌤이 꼭 싸이 콘서트에서 코카인 추시는 그날만을 기대하겠습니댜!!!!!🩵",16,2024-09-08T09:12:10Z
@greenpull,스티키 기다렸으면 개추,0,2024-09-08T08:55:46Z
@또또라스,승제쌤이 그춤을 추신다니ㅋㅋㅋㅋㅋㅋ 상상만으로도 레전드네요ㅋㅋㅋㅋㅋ기대하겠습니다ㅋㅋㅋㅋㅋ,5,2024-09-08T08:55:41Z
@s0.yng13,아니 너무 짧은데오 제가 디져스만 기다려왓는데오??? 안돼는데요 ㄹㅇ,0,2024-09-08T08:54:06Z
@user-oj3hk2kl7d,3.5화니까 짧겠죠 여러분들!!!!!!!!!!!!,11,2024-09-08T08:48:53Z
@user-uk5nh9gh5d,30대 애기 키우는 아줌만데 맨날 디져스 챙겨봄 ㅋㅋㅋㅋㅋㅋ 육아스트레스 다 날라감,1,2024-09-08T08:46:25Z
@user-munsaemalgogi,영상이 점점 짧아져서 슬프면 ㄱㅊ,0,2024-09-08T08:43:59Z
@user-nb7uw4bp3g,드디어 올라오네 이게.. ㅋㅋㅋ 엄청 기다렸다 근데 너무 짧다 ㅠ,5,2024-09-08T08:41:45Z
@쌀뽀대기,기대가 아주아주 큽니다,2,2024-09-08T08:41:27Z
@baseballedison01,오늘 생선님의 시구를 봤으니 이제 삐끼삐끼만 남았다 ㅋㅋㅋ ❤,5,2024-09-08T08:39:20Z
@Kr_vidio,.,0,2024-09-08T08:38:10Z
@클레오빡돌아-t7b,재밌는건 항상 타이밍 안맞게 공부하기전에 올라오네ㅠ,4,2024-09-08T08:38:08Z
@10_ah-s2h,어떻게 2주마다 한번씩 올라오냐고 ㅜㅜ 1주로 바꾸자,106,2024-09-08T08:37:40Z
@su_zz_.k,ㄷㄱㅈ,1,2024-09-08T08:36:51Z
@user-mm6uz3dw7p,짧아도 짧은대로 ㅈㄴ 돌려봐서 5분이 30분됨<br>ㄹㅇ..떡밥이… 시급하다ㅜㅠ,131,2024-09-08T08:35:27Z
@햄-p2x,이것만 기다렸다,0,2024-09-08T08:33:40Z
@asysuchende,티쳐스는 안 봐도 디져스는 챙겨보는 사람 ㄱㅊ,9,2024-09-08T08:33:30Z
@asysuchende,디져스 분량 15분 기원 정권 찌르기 1일차,5,2024-09-08T08:28:53Z
@user_jshevjdo,5분인거 아쉬우면 개추 ㅋㅋ,5,2024-09-08T08:27:04Z
@Tangerine.Cat_0304,디져스 분량이 점점 짧아져서 아쉬운 1인….. 쌤들 제작진분들 힘드시겠지만 담엔 쫌만 더 늘려주세용 ㅋㅋ 티처스도 매번 본방보며 공부법 실천하고 있는 현 중2입니당 쌤들 항상 감사드려용❤,131,2024-09-08T08:25:15Z
@user-lr1rp7si6d,매일매일 영상 기다립니다…<br>제작진분들 재밌는 영상 감사합니다.❤<br>마니마니 올려주세용❤❤,5,2024-09-08T08:21:30Z
@useralsidhdue,감사해요 티쳐스 디져스 공부가 재미있어졌어요❤❤❤꼭 말하고싶었습니다 ㅠ ㅠ감사해요 ㅠ ㅠ❤🎉🎉,2,2024-09-08T08:19:18Z
@Hamju33,분량이 올라올 때 마다 5분씩 줄어드네요..? 다음엔 제발 15분ㅠㅠ,372,2024-09-08T08:18:20Z
@청설모마크하고싶-d8d,ㄴㅇㅅ 디박 승제쌤 사랑해요,0,2024-09-08T08:18:12Z
@user-bn7vx7ei3d,분량.. 분량을 더 줘..,78,2024-09-08T08:15:53Z
@user-xg7rr8eg3n,많이  기다렸다 ~~..,0,2024-09-08T08:13:11Z
@ywcha0317,생선님 분필 던지는 속도로 달려왔습니다,73,2024-09-08T08:09:50Z
@33ahjkr90,영상 더 줘요....,22,2024-09-08T08:07:56Z
@user-dt7os2cf5v,츄릅,0,2024-09-08T08:07:51Z
@마그네틱-SLR9,드디어 기다리던 승재쌤 춤이 결정된것같네요😂😂,11,2024-09-08T08:07:43Z
@backkkomi,디져스 안 올라왔는지 하루하루 확인하다가 올라와서 급하게 달려왔으면 ㄱㅊ,621,2024-09-08T08:06:07Z
@tre-fh7bw,디져스가 티처스보다 재밌으면 개추,783,2024-09-08T08:05:06Z
@user-po7wu8wt4l,디져스만 기다렸습니다...,15,2024-09-08T08:03:26Z
