Author,Comment,Likes,Published At
@stayleeknow325,아니<br>넘 귀여우신데 ㅠㅠ,0,2024-09-08T06:29:17Z
@점순이임,진짜 아이돌 강국 답네 ㅋㅋㅋㅋㅋㅋㅋㅋ,0,2024-08-20T12:52:02Z
@user-xd1xc2hn4y,이제는 정승제 생선차례다 빨리 진행시켜어잇!!,0,2024-08-19T04:36:43Z
@mozzi100,나무슨 100먕넘게 있는줄알았다…..,0,2024-08-15T13:33:01Z
@user-sq6fi4im2r,"근데탑티어이긴함.. 친근해보이지만 고려대,개 씹 고연봉,수려한 외모,패션센스,사랑꾼... 다가진거아님?..",1,2024-08-13T14:34:05Z
@정승제불륜녀,하미친 최고다 최고 너무 잘생겼어 오열함,2,2024-08-13T11:12:44Z
@user-qr5324,아니 애들아 공부만하다 정신을 놔버린거여??왴ㅋㅋㅋㅋ재밋긴하닼ㅋㅋㅋㅋㅋㅋㅋ,0,2024-08-07T10:43:16Z
@user-pk7in2rh7p,아 정식쌤 손발 어뜨캄,0,2024-08-06T15:40:19Z
@user-pm4sf6uf8n,아 귀여워,3,2024-08-06T01:09:14Z
@user-skrrgirl,정식T 개사랑해ㅠㅜㅠㅠㅜㅜㅠㅠㅜ,10,2024-08-05T06:40:37Z
@user-cu7ns8mz6z,영어선생님계의 아이돌ㅋㅋ(정승제는 팬미팅 안함...?😮😮),1,2024-08-01T12:36:18Z
@user-ln4xs8qb4f,"<a href=""https://www.youtube.com/watch?v=zPi-ft5EAWM&amp;t=106"">1:46</a> ㅋㅋㅋㄱ 진짜로 즐기신듯",6,2024-07-28T13:57:17Z
@user-gv4pt9dt7z,ㅋㅋㅋㅋㅋㅋ해달라는거 다해주는거 겁나 다정하시넼ㅋㅋㅋㅋㅋㅋㅋㅋㅋ,2,2024-07-25T12:11:57Z
@리리TV,무슨 누구 보면 아이돌인줄,3,2024-07-21T05:40:39Z
@그르륵칵칵힛맨뵁,"<a href=""https://www.youtube.com/watch?v=zPi-ft5EAWM&amp;t=84"">1:24</a> <a href=""https://www.youtube.com/watch?v=zPi-ft5EAWM&amp;t=135"">2:15</a> 아닠ㅎㅎ콬ㅎㅋㅋㅋㅋㅋㅋ승제쌤이랑 공통으로 한 말이 다 &#39;미치겠다 진짜&#39; 임ㅋㅎㅋㅎㅎㅋㅎㅋㅋㅋㅋ",81,2024-07-16T23:05:26Z
@aespa1117love,정식쌤 포카 ㅋㅋㅋㅋㅋ 나도 갖고싶당ㅋㅋㅋㅋㅋ,1,2024-07-16T11:06:37Z
@초콜릿크림칩,"<a href=""https://www.youtube.com/watch?v=zPi-ft5EAWM&amp;t=80"">1:20</a> 이렇게 하는거에요? 이거에요?이거를 하는거에요?이게 맞아요? <br>ㄲㅋㅋㅋㅋㅋㅋㅋㅋㅋㅋㅋㅋ<br>진짜 모르겠는 질문..물음표폭탄 개웃기넼ㅋㅋㅋㅋㅋㅋ",9,2024-07-15T15:14:22Z
@user-ex2dj6vo5x,귀여워,2,2024-07-09T01:09:50Z
@Naeviss-mr6cv,뭐여..,1,2024-07-07T16:09:02Z
@eee-pe3kt,남학생들이 해주는것도 잼있겠다ㅋㅋㅋㅋㅋ,2,2024-07-06T23:34:55Z
@08jjprincess,사랑해요 정식 쌤❣️,6,2024-07-03T06:06:33Z
@bleahhhhh,아진짜 조오오오오온나 웃김ㅋㅋㅋㅋ큐ㅠㅠㅠㅠㅠㅠㅠㅠ,37,2024-07-03T00:22:19Z
@시뫄_sim.wa1115,편집점 ㅋㅋ,0,2024-07-01T12:02:02Z
@Kim_sub.scribe,대 정 식,1,2024-06-29T14:57:00Z
@user-tl2el6zj2p,기말망친 중2인데요…귀여워요 아빠뻘인데 귀여워요 어떡하죠,0,2024-06-26T11:55:54Z
@o._.u,왜 귀엽지....??,4,2024-06-24T15:46:28Z
@지나가는버니즈_미르,미미미누랑 캐미 쩔듯 ㅋㅋ,15,2024-06-24T15:13:11Z
@ivwhjsusvw967,82년생  ㅋㅋㅋㅋㅋ  심정 이해간다 ㅎ,3,2024-06-23T11:51:17Z
@0-xk7xi,앜씨 현강 가서 쌤 얼굴 보자마자 현웃 터질 듯..,21,2024-06-23T09:38:52Z
@user-xf3bp1bn2p,난 13년생인데 왜 포카나 팬싸 가고싶냐,0,2024-06-23T08:12:28Z
@user-xf3bp1bn2p,진짜 츤데레의 정석?,2,2024-06-23T08:11:50Z
@kyuhyun1106,ㅋㅋㅋㅋㅋ 존나 귀엽다 ㅠㅠㅠ사람이 어떻게 이렇게 귀엽냐,12,2024-06-18T08:04:28Z
@theMEGASTUDY,🤣🤣🤣🤣🤣,501,2024-06-17T07:20:48Z
@jjyu16,"<a href=""https://www.youtube.com/watch?v=zPi-ft5EAWM&amp;t=153"">2:33</a> 이거 쓰고 예기하니까 집중 안된0ㅋㅋㅋㅋㅋ",6,2024-06-16T23:01:50Z
@jiya-gg2qi,정식쌤  참 괜찮은 분같아서 너무 응원해요😊,16,2024-06-14T09:11:22Z
@아슈님,아 진짴ㅋㅋㅋㅋㅋㅋㅋ기다렸다 정식쌤ㅋㅋㅋㅋㅋㅋㅋㅋㅋㅋㅋㅋㅋㅋㅋㅋ너무 귀여우셔서 웃곀ㅋㅋ큐ㅠㅠㅠㅋㅋㅋㅋㅋㅋㅋㅋㅋㅋㅋㅋㅋㅋㅋㅋㅋ,62,2024-06-14T07:21:19Z
@honey_tips_,영상 진짜 웃기네요ㅋㅋㅋㅋ 요즘 공부 때문에 스트레스 많이받는데 힐링해요🥰 (+ 공부하다 손목 아프면 참지말고 tfcc보호마사지기 쓰세요ㅠ 통증 줄어서 집중 더 잘되고 성적도 올랐어요!) 다들 스트레스 날려버리자! 개추👍,5,2024-06-14T03:31:54Z
@user-wn5ue7td1d,어떻게 강사를 덕질하듯이 좋아할 수 있는거지? 정말 대단들하셔,74,2024-06-13T17:26:30Z
@Haaaahahahaha,ㅋㅋㅋㅋㅋㅋㅋㅋㅋㅋ귀여워요 쌤,2,2024-06-13T15:56:27Z
@I_t_s_y_o_u,조정식쌤 개귀여움ㅠㅠㅜ❤❤❤❤❤❤❤❤❤❤❤❤❤❤❤,19,2024-06-13T14:23:54Z
@user-eb8xq2zk8w,개웃기네 ㅋㅋㅋ 조정식 왤케 웃기냐,13,2024-06-13T13:41:40Z
@user-gp6pf5zd4y,현강에서도 못보는 모습을....,9,2024-06-13T11:49:49Z
@user-cj4jm8xe2v,ㅋㅋㅋㅋㅋㅋㅋ아 개웃긴데 잘생기셔서 하ㅠㅋㅋㅋㅋㅋㅋㅋㅋㅋㅋ 웃기다,12,2024-06-13T07:58:25Z
@user-pi9yo3jt6p,김승리 제발 나와줘…,21,2024-06-13T04:47:14Z
@user-rl7xv5sj4t,강민철 이거보면 조정식 ㅈㄴ 놀릴듯 ㅋㅋㅋㅋㅋㅋ,945,2024-06-12T15:49:06Z
@user-se2kp2fc6n,순한맛 조정식,16,2024-06-12T10:24:04Z
@6amwakeup,조정식이 아니라 강민철 선생님께서 오셨으면 대통령까지 왔을텐데,86,2024-06-11T16:26:24Z
@yoonji-1016,정식쌤 ㅋㅋㅋ 당황해하는거 왜캐 웃기지 ㅋㅋㅋㅋㅋ 내가 인강 영어쌤들중 가장 좋아하고 존경하는 조정식쌤!! 영어는 역시 조정식!!  정식쌤 ㅋㅋ너무 귀여우시다 ㅋㅋㅋ 티처스2 화이팅!!,194,2024-06-11T16:03:00Z
@wolf1004roy,표정이랑 적응 못하시는 거 웃기다 진짜ㅋㅋㅋㅋㅋ(????)<br><br><br><br><br><br><br><br><br>아저씨가 귀여워보이다니 내가 미친건가…..(고3아님)ㅋㅋㅋㅋㅋㅋ,73,2024-06-11T14:29:14Z
@168_July18,진짜 너무 귀엽다..............❤❤❤❤❤❤❤❤❤,36,2024-06-11T14:25:44Z
@crying_jobs,-4세대 아이돌,15,2024-06-11T14:03:27Z
@user-hh6xd3zj5s,아저씨가귀여워보이다니내가미친건가,196,2024-06-11T13:09:19Z
@jhjh7710,뭐하자는 거죠…..?,14,2024-06-11T11:31:41Z
@user-rk8fx6py3j,정식쌤 너무 귀엽네요,17,2024-06-11T11:08:13Z
@134-1love,당황해하는 표정이 너무 많이 나오니까...ㅋㅋㅋㅋㅋㅋㅋㅋ무슨 만화 캐릭터같네요.😂,411,2024-06-11T10:59:58Z
