Author,Comment,Likes,Published At
@noname-gm3hh,근데 의대를 왜 꼭 가야하는거에요…..? 공부잘하면 의대가는게 당연한 거처럼 말씀하시던데 ㅠ,0,2024-09-12T00:31:34Z
@happier244,저런 치열한 게임을 애들만 밀어 넣어놓고 10만원 인강도 아까워서 안시키는 엄마들도 많다는...,1,2024-09-11T13:48:48Z
@TV-ur1dy,듣기만해도 숨막히고 애들이 좀 불쌍한 느낌...서울대의대가 인생의 전부가 아닌데...,0,2024-09-11T12:17:49Z
@user-us2wl1lh6g,"망하는 사람도 많지요 ㅋ 그냥 편히 중딩보내고 고등때 열심히 해서 스카이 가는 애들도 잇고,, 열심히 하다 번아웃 오는 애들도 많고.. 다 애들마다 다릅니다 ㅋ",1,2024-09-11T10:29:25Z
@yoyo-sx3du,200짜리 학원쌤 강의가 궁금하다,0,2024-09-11T08:14:34Z
@coffee-s4k,대구 수성구 이과 전국 1-2등이 우리 이과 1등이었는데 옆에서 문제집 한권 풀고 다 동그라미 치더니 엎드려 잠…. 성격 못나와서 울산대의대 갔음 09학번.,0,2024-09-11T03:04:03Z
@stella79741,무엇보다 예의 바른 아이들이 너무 이뻐보이네요~ 우리나라 아이들 공부 많이해서 안쓰럽지만 ㅠㅠ 지원 부족 국가라서ㅠㅠ꼭 명문대 아니라도 대학가서 교환학생이든 해외경험하면 인생의 길이 넓어진다고 말해주고 싶어요.,1,2024-09-10T18:13:04Z
@Fjekdksac,대치동 부동산 중개사 많이벌겠네,0,2024-09-10T15:34:53Z
@user-go8dz5dh9v,정말 씁슬 ..돈으로 대학보내는 시대<br>불공정한건 사실 같아요 개천에서 용날있는 부모님 시대가 어쩌면 더 공평하고 나았던긋,0,2024-09-10T13:07:25Z
@user-ef8gl3tb9p,"23수능만점은 울산 포항애들이었고,  24수능만점은 선택과목때문에 서울대의대는 못갔는데",1,2024-09-10T10:53:08Z
@janeyoon8369,영란님 넘 웃기고 재밌어요~  ㅎㅎㅎ,0,2024-09-10T06:54:44Z
@user-wd9xd5gn1f,영상 잘 봤는데요.<br>1. 목동에서 학원 교육에 의존하기 보다는 최소한의 학원 치고 빠지기 전략과 자기주도학습으로 목동에서 명문의대 보낸 자녀 이야기 들려드릴 수 있어요.<br>2. 현직 중등교사가 자녀의 자기주도학습을 위해 어떻게 했는지 소소한 팁 나누어드릴 수 있어요.,2,2024-09-10T05:55:36Z
@user-gp5ez6ut2g,"김포에서 국영수 학원만 다니며 서울대 공대 들어간 조카 고맙고, 자랑하고 싶다~😊",3,2024-09-10T05:36:56Z
@jscho1269,목동도 애들 좀 한다하면 대치로 갈아타더라구요.,0,2024-09-10T05:11:11Z
@username03555,다 부모 욕심으로 대치동으로 가는거지<br>공부도 싹이 보여야 푸쉬가 가능한거지<br>그렇지 않은 아이들은 스트레스 받아 자살까지 합니다.,0,2024-09-10T00:13:46Z
@user-ks4qw2yk7f,학군지는 학원비가 훨~~씬 비쌉니다<br>티처스 방송의 부작용이네요,0,2024-09-10T00:12:14Z
@user-jb4rd2zn6g,영란씨 너무 좋아요~~^^,0,2024-09-09T23:47:14Z
@강이-l9m,공부머리는 타고났다고보는데...다만환경에따라 그머리를 어디로쓰느냐에 달린거같아요.😂😂😂😂😂대치동 삼수까지하고도 원하는 대학교못가서 유학보냈더라는...😂😂😂😂억지로하는건 아이에게못할짖.,0,2024-09-09T22:25:30Z
@user-nb7wy5zy4h,이런방송은 안했으면...,0,2024-09-09T21:47:39Z
@meloh2032,서울대나온 남편하는말..다 소용없다..건강이 최고고 아이가 행복한게 최고다..아이들 공부하느라 머리털 빠져 탈모로 고생하는애들 많고 그런아이들 의대가서 힘든 의사생활하며 죽어라 아픈사람들봐가며 돈버는건 고문이다...,5,2024-09-09T11:40:33Z
@jinjunbubu,ㅋㅋㅋ 할많하않..<br>인생길게봐야지 학원다니면서 정작 자아정체성에대한 고민할시간이 없는게문제인듯.. <br>환경조성하는것도 중요하지만 부모가 뒤에서가야해요.  부모가 앞에서 가면 정작 아이가 삶의 방향 잡는 방법을 잃고 성인되어 혼란스러워요<br>재밌게잘봤습니다 😂,0,2024-09-09T10:27:45Z
@codnjswl5243,이런거 왜 찍는거에요? 대한민국 망칠셈인가요?????진짜 이런거 왜 자꾸 부추겨서 대치동에 못들어가면 루져인거마냥 선동하고 진짜.......한심하네요,1,2024-09-09T08:40:18Z
@woolrang2717,"티쳐스 매주 챙겨보는 시청자인데요, 진짜 이런컨텐츠는 장영란씨가 최고인거 같아요~ㅎㅎ 귀에 쏙쏙 박히고 콕콕 집어서 시원시원하게 물어봐주니 너무 좋네요~!! 영상 감사합니다~🫰🏻",3,2024-09-09T07:12:55Z
@툐튼스입니다,대치동 과목당200씩 쓴다는걸 옆동네 살면서도 이제 알았네여~~~ 국영수사과 5과목 기본해도 아이당 월 천만원이네요.,1,2024-09-09T03:28:20Z
@sunhyepark6105,솔직히 너무 물어보고 싶었던 정보예요~<br>정말 좋은 정보 감사드립니다🙇‍♀️🙇‍♀️,0,2024-09-09T02:56:14Z
@user-tw3io5hv6w,재미있게 잘봤습니다<br>2부 궁금합니다<br>대치동 외에 다른동네도 부탁드립니다,0,2024-09-09T00:20:47Z
@user-ns3rj9rh7g,유트버들이 대치동의 가치를 더욱더 올려줘서 영업이 잘 되네요. 전두환대통령처럼 과외금지 하면 대치동사람들이 정권탄핵 외치며 대치동에서 사교육으로 돈버는자들이 광화문에서 촛불집회 할것 같은 느낌. 여기서 잠깐 반1등 검은옷 입은엄마는 진짜 예쁘네요. 탈렌트인줄 알았어요.,0,2024-09-08T14:53:58Z
@user-wn2jm3uu8e,지랄도 ᆢ,0,2024-09-08T14:07:34Z
@user-bk1wv3no5c,"대치동 최상위권(특히 대청중 출신들)은 넘사벽인거 맞는데, 은근 대치동 학교( 단대부고.숙명.경기여고.중대부고,진선여고, 영동고(삼성동),경기고(삼성동) 에서도 어중간한 애들은 가천대(옛 경원대),강남대 많이간다는거는 몰랐지? 물론 집에 돈좀 있다하면 미국으로 보내는데 부모가 그냥 저냥 대기업 다니는 월급쟁이면 저런대학도 많이감. 대학가서도 대치동 출신이라 말도 못하고 ...;;특히 의사 자녀들은 의외로 가까운 일본으로 대학 많이 보냄.",3,2024-09-08T12:31:16Z
@user-hg1bm9gm9d,지겹다 대치동 이런걸 자꾸하니까 다들...더,0,2024-09-08T08:34:32Z
@lakelee2112,재밌게 잘 봤습니다^^,0,2024-09-08T05:42:43Z
@lakelee2112,😂,0,2024-09-08T05:33:04Z
@user-kf4wb3nb1p,공부는 학생이 하는 거 아닌가요….? <br>부모님 공부하란 소리1도 없고 지방 깡촌 시골에서 학원 자기가 알아보고 고심해서 1-2군데 다녀서 대학가고 전문직 된 언니가 더 존경스럽네요 <br>가성비는 이런 거죠,0,2024-09-08T04:41:32Z
@helencho2637,인스타설치는 아줌마 한분계시네ᆢ,3,2024-09-08T03:43:33Z
@user-jq3xi4oq9y,대치동 살지만 애들이 정신이 멀쩡할까싶어요.틱없는 아이가 이상하다할정도니..성적으로좋은대학은 가겠지만 성장하면서 배워야 할 것들을 놓치게 됩니다.인생이 학원이 다라고할정도로 뺑뺑이돕니다.<br>..정신병원이 많을 수 밖에 없는 환경이예요,0,2024-09-08T02:38:22Z
@kinwaite,8시부터 무거운 가방 맨 애들이 왤케 안스럽냐ㅜ,0,2024-09-07T23:40:34Z
@user-rk2xd8dm8z,이런 영상 넘 감사드려요^^,0,2024-09-07T18:04:17Z
@user-bg8sg1ho6o,애는 공부 곧잘 하는 편이지만 난 저렇게 나서주고 애들한테 가이드라인 만들어주고 그런엄마 아닌데 ㅜㅜ 나같은 사람이 대치동 가면 동네 엄마들한테 방치하는 맘으로 저격 당하고 애 왕따 될까봐 무서운 동네네요;;;,1,2024-09-07T16:54:24Z
@decadancehihohi2986,저도 도곡동에서 태어나서 대학시절까지  살았는데 저거 오버예요 유전자가 최고예요 ! 실제로 저래도 대학 수능 일등은 대치동보다 다른 곳이 더 많죠~ 공부는 타고난 머리가 중요합니다. 학원 종사자가 많아도 거기까지 입니다.,12,2024-09-07T11:36:34Z
@tree88,윤석렬이 왜 의대정원 확대를 그렇게 고집하는지 이거보고 일았다. 거기에 자식키우는 부모들 다들 놀아나는구나....,0,2024-09-07T11:26:58Z
@arankang,열심히 사는거지 뭐가 욕심이 그득한지 모르겠는데요.<br><br>오히려 조민같은 케이스.저런 분위기에서 열심히 공부한 애들 박탈감느끼게.<br><br> 머리도 안 되면서 부모 교수직으로 서류 조작해서 권력써가며 학고에 대학관련자만나 장학금 증여한게 더 이상한 욕심인거 같은데...<br><br>그에 비하면 저기 나온 애들은 열심히배우고. 정정당당한 노력을 하고있으며. 아이들 능력함양에 부모가 물심양면으로 지원하는 동네 면학분위기인거죠.,4,2024-09-07T11:09:38Z
@user-co9pp3gn1t,머리좋은 사람들이 관료하고<br>머리나쁜사람들이 국회의원이라고<br>머리나쁜 국회의원들이 만든게 <br>금투세 일명 이재명세가 그리 엉터리로 만들엇다고<br>그래서 학교는 좋은 곳 나와야 한다고 <br>공부는 잘하고 봐야한다고 그러네요<br>맞는 것 같습니다.<br>우리 영란 자녀들도 공부 잘하게 인도 잘해주세요,1,2024-09-07T10:22:36Z
@user-co9pp3gn1t,우와 이런걸 인터뷰를 다 하시다니<br>우리 영란씨 질문 넘 잘하시네요,2,2024-09-07T10:20:03Z
@user-uz3qw7ty6c,이동네 자식들은 공부못해도  유급없는  외국 의대보내고  국내에서 의사함   돈 있음 다되는 딴세상,0,2024-09-07T09:49:19Z
@user-to8hz7vm1k,꼴불견이다..고맙다 딸아~,0,2024-09-07T06:12:15Z
@flowershappy07,요즘 세상도 무서운데.. 음료수 같은 음식 주는건 안했으면 좋겠어요 ㅜㅜ,2,2024-09-07T03:33:22Z
@pretty_woman197,자식 자랑은 대학교 들어갈때까지란 말이 떠오르네요~<br>전교 일등 안해도 더 돈 잘벌고 잘사는 사람들이 많아진 세상입니다 ㅎㅎ,16,2024-09-07T03:31:50Z
@user-dp8nu8zo2r,중학까지는 대치동에서 보내고 입시를 위해서라면 대치동 계시면 망합니다.,3,2024-09-06T23:57:10Z
@user-dc3mj8gh3g,와❤ 장영란씨 늠 시원시원 인터뷰 넘 잘하시네요. 필요한 정보 그득 받아갑니다.,16,2024-09-06T23:44:15Z
@user-xn8mf1zn3b,도움이 됩니다^^,0,2024-09-06T23:01:25Z
@Studysiwon,대치동별로 안부러움.,1,2024-09-06T22:39:05Z
@user-gy3mx8xl2e,이런거좀 안했음..,2,2024-09-06T17:56:16Z
@concertolovers,"대치에는 전문직들이 많~~이 삽니다 (그냥 다 의사,변호사,교수...)<br>그만큼 유전적으로 머리가 좋은 아이들이 많아요<br>그래서 시키는 만큼 잘 따라갑니다 <br>다들 너무 잘하니까 입시에서 경쟁이 불리하고 힘들긴 하고요<br>타 지역 중,고등학생들은 공부 안하나요?? 다들 똑같이 힘들게 겪는게 한국 입시인데요<br>다만 경제적으로 여유도 있다보니 비용 생각하지 않고 서포트 해줄수 있는거구요<br>대치동이 스탠다드가 높은거지 무식한 부모들이 극성 떠는거라 생각하면 착각입니다",5,2024-09-06T16:06:05Z
@minakang8105,대치동 극성맘들 밑에 태어난 아가들 너무 가엾다.,0,2024-09-06T15:28:32Z
@Summer-fz4ot,한글을 늦게 뗐는데 5세.. ㅋㅋㅋㅋㅋ,1,2024-09-06T14:27:31Z
@youngjinmin3998,영라니. 정말 인간비타민!!! 너무 좋아요!!! 텐션 부럽습니다.😊,2,2024-09-06T13:02:34Z
@user-sr9fw5qu9v,잠시나마 호감 이였으나 사교육으로 나라가 망하고 있는데 더 부추기는 이런영상 말고 다른 컨텐츠 없나요?,2,2024-09-06T12:04:55Z
@user-ub2bx7sk2m,"불편할 수 있는 얘기라 조심스럽긴 한데 저희 애가 설대경영대 다니는데 (자랑이 아니라 직접 관찰하고 말씀드리는거라) 설대생들은 공부하라는 잔소리 1도 안해요. 오히려 대학 가서도 밤 세서  공부하고, 엄마가  공부 그만하고 쉬라고 할 정도인데. 그 모습 보면서 결국 스스로 열심히 하는 애들이 sky가지 시켜서 하는 애들은 잘 가야 서성한급이 한계더라고요.",17,2024-09-06T11:07:39Z
@yjmom1641,"도움될거 도움받고,<br>또 도움안되면 그냥 저세상 그런가보다. 하고 보면됩니다. <br>대치갈수 있는 형편안되니,<br>상황에 맞게 적용하면 됩니다.<br>좋은영상 감사요",2,2024-09-06T09:48:18Z
@user-bk9cj9wb6v,근데 5세 한글떼는 것이 늦는건가요? @@,2,2024-09-06T06:24:08Z
@user-cq1wp8rh8p,엄마들 말고 아이들 생각이 궁금해지네요~~!!!,2,2024-09-06T06:23:54Z
@liova22,"<a href=""https://www.youtube.com/watch?v=ucdE7xJDMMc&amp;t=700"">11:40</a>부터 봐요~~",0,2024-09-06T06:06:19Z
@hwanggeumseon,진짜 재밌었어요!! 언니 입시맘 컨텐츠 자주자주해주세용~~,5,2024-09-06T05:16:23Z
@jikim6155,병적인 한국 사교육 부추기는 겁니까 ㅡㅡ,3,2024-09-06T03:37:49Z
@Kkm0618,한과목200,0,2024-09-06T03:31:23Z
@ujkslaldjsmam,진짜 말세다…,2,2024-09-06T01:35:08Z
@user-ye8vj9su2g,재밌게 잘봤어요^^,0,2024-09-06T00:46:00Z
@user-it1cw8gl1m,딴세상<br>가진자들의 세상..ㅋㅋ,1,2024-09-05T23:58:14Z
@user-ht6qf6bc5y,그들만의 리그!! 학원 정보를 물어보면 손절이라는 말이… 너무 치졸한 고 같네요.,0,2024-09-05T23:32:32Z
@megu__korean,현직 강사인데 애들이 그냥 행복했으면 좋겠습니다.,39,2024-09-05T23:26:59Z
@liova22,장영란님 방송도 하고 집도 알아보고... 이사가실듯... 부럽다,4,2024-09-05T21:47:41Z
@user-bj4fe2px2o,대치 안다니고 집에서 가르치고 동네 학원다니면서 이번에 영재고 우선선발시킨 엄마도 있는데 그런 아이들 노하우를 풀어줘야하는거 아닌가요?,8,2024-09-05T21:32:31Z
@hara-s2u,어머님들…? 성형1등? 자식공부1등? 뭐든 1등해서 행복하다면 .. 난 라이딩 저 행렬 보니까 공황장애 온당 ..<br>공부가 게임처럼 재미있는애들테 해당되는 내용이겠네요 ㅎ,0,2024-09-05T21:09:52Z
@user-nq3so8pw1o,헉 2023년 전국수석이 래미안대치팰리스 헐... ㅠㅜ 역시 투자한만큼 대학 가는군요 ㅠㅠ,1,2024-09-05T17:15:18Z
@modesteee,염병하네,0,2024-09-05T16:14:51Z
@jiyoungyun5054,7세교시8세고시 9세고시 팁도 😂촬영 해요,0,2024-09-05T16:12:08Z
@nostalgia4041,이딴 걸 왜 하는 거예요?,1,2024-09-05T14:25:32Z
@vitamin625,궁금한데.. 요즘 입시는 이제 아이 혼자 할 수는 없는건가요??? 사교육을 떠나서 엄마들 정보?? 그런거 없이요....,0,2024-09-05T14:06:29Z
@user-vf8ne6lb7q,대치동 분위기가 저렇구나싶고 별생각없이 재밌게봤는데 댓글들이 날이 서있네요. .,4,2024-09-05T12:43:34Z
@user-rq4bg6wx2o,휘문고 근처 살고 싶어요,0,2024-09-05T12:39:57Z
@user-rq4bg6wx2o,"<a href=""http://3.4.5.6/"">3.4.5.6</a> <br>비수기 ㅠㅠ<br>ㅇㅋ",0,2024-09-05T12:38:47Z
@user-xr5tu3jd7d,이건 대치동 아이들의 이야기도 직접 들어봐야 합니다. 한국의 미래를 위해서요.,7,2024-09-05T11:40:53Z
@user-in4fb4wu5w,대화가 마치… 학교 잘 보낸 엄마가 성공했다는 식의 소통.. ㅜ 질린다,3,2024-09-05T11:03:25Z
@seongsoodong,"오알티를 패드로 읽히지 말고 책으로 읽혀야해요. 10단계부터는 재미없어서 안읽는데 9단계까지 읽으면 어지간한 챕터북 다 재밌게 봐요. 전자북 패드는 효과가 느리고, 책의 연장이 될수 없어요. 방대한 챕터북을 전자북으로 이어 볼거 아니라면 무조건 책에서 책으로 가야합니다. 그리고 대치에는 블로그 유튜브 하는 관종 맘들도 많아서 그들 정보에 치입니다. 대치가 궁금하다고 그런 정보로 글동냥하는 우를 범하지마세요. 대치에서 1년만 살다보면 싹보이는 쓸잡소리예요. 그들 정보가 흡수되면 판단이 흐려지고 가야할 곳을 가야할것 같은 샤머니즘 신경이 지배하게되면서 교육 다 망치게 됩니다. 내아이는 엄마가 더 잘 알기 때문이고 내아이 공부하러 왔으면 직접 투어다니며 알아보고 익히세요.직접 다양한 선생님들로부터 더 알찬 정보를 얻게 됩니다. 실장부터 부장선생까지 두루두루 상담하다보면 고인물 고수도 알아보는 안목이 생기게 됩니다. 브랜드가 같아도 중계 목동 대치 습득케하는 교육질이 참 다르더군요. 이게 대치로 향하는 이유겠죠. 1등엄마가 가볍게 조언했지만 맞는 말이예요. 우선 잘하는 과목이 1.2개가 월등하면 대치입성해도 됩니다.",0,2024-09-05T07:52:41Z
@user-vf1ns7el4o,재밌게 봤어요 ㅎㅎㅎㅎㅎ,0,2024-09-05T05:47:57Z
@user-zl4sd1uu9d,장영란님 말투에서 오은영박사님이 느껴져요~ㅎㅎ,0,2024-09-05T05:19:38Z
@user-qq8yj5cl6c,너무 현실감있는 영상이라 좋았어요~ 역시 장영란!,4,2024-09-05T05:04:41Z
@user-ci9fm7jy3o,교육 유튜브 채널은 댓글들이 보물,2,2024-09-05T04:38:25Z
@user-kk9iz5te9b,대치동 고3 과목당 200씩 든다고 해서 너무 놀랬어요 그럼 5과목 학원비 과외비 1천만원이네요~~헉!!!,2,2024-09-05T03:05:42Z
@LUNA-kh3vu,ㅅ솔직히 과도한 사교육 대치동 스타일 교육 이런게 우리나라 저출생 원인아닌가... 사교육에 줄세우기 교육에 우리나라는 한참 멀었음,1,2024-09-05T01:52:26Z
@user-jl4bj4su4p,애들 병들게 한다는 댓글이 많네요 머리 안되는 애들은 억지로 하려니 뇌가 힘들어 병들겠죠 잘하는 애들은 시키는대로 보통 공부하고 자존감도 있고 합니다 잘하고 욕심있는 애들이 없을거란 전제를 한 댓글들이 좀 웃기네요 본인 기준으로 판단하다뇨… 잘하는 애들은 지방서도 대치 많이 보내고 거기 생활을 즐깁니다,11,2024-09-05T01:18:20Z
@user-bc9gu3kn6r,"영라님.오늘도 일 잘하신다~~ 저 찐텐션, 찐영혼 너무 사랑스럽다.",0,2024-09-05T00:51:44Z
@mj9585,회사땜에독일갔는데 학원이라는게 없음 그래도 여러나라말 그냥배우니 좋겠어,4,2024-09-05T00:48:28Z
@user-wk8cv5hc4s,못 보내니 욕들을 하지<br>솔직히 팁이랄게 없네요<br>보다 갑니다,2,2024-09-05T00:47:48Z
@ismj578,장영란씨 vj 리포터시절 생각납니다 이렇게 거리 인터뷰 넘 오랜만이에요,1,2024-09-05T00:30:41Z
@user-nu3cl6zi4t,1등 애들을 불러야지 밥해주고 돈대주는 엄마들을 왜 불러.. ㅋㅋㅋㅋ,6,2024-09-05T00:04:43Z
@lizzie4477,"장영란 재밌게 잘하네. 이런이야기는 보면 볼수록 다른 세상, 드라마같다. 아이 걱정은 되지만, 또 그냥 재미로 보자면 재미있다.",10,2024-09-04T23:55:29Z
@user-qz7bc1kq4j,장영란씨는 본인이 정보 얻으러간거예요?😅,1,2024-09-04T23:12:02Z
@user-bf8gu8gu1y,아이들 ㅡㅡ생각좀하세요,2,2024-09-04T17:32:59Z
@wassup8621,너무 재밌게 잘 봤어요 감사합니다 😊,0,2024-09-04T15:59:15Z
@wassup8621,너무 재밌게 잘 봤어요 감사합니다 😊,2,2024-09-04T15:58:27Z
@user-gh2hy4iy3c,근데 대치는 돈이없어서 저렇게 시키는건가요? 댓글보다보니 한남 압구정쪽은 해보다안되면 유학보낸다는데.. 대치 집값정도면 유학보내고도 남겠는데... 아! 근데 대치에 다 사는게 아니라 대치학원가만 라이딩한다는건가...;,2,2024-09-04T14:54:34Z
@gwk3951,근데 대치동이 실제에 비해 좀 부풀려지는 면도 있는 듯..?,6,2024-09-04T14:45:04Z
@user-ij3fi7lo4i,글세요 잘 모르겠는게 잘 하는 애 비강남 일반고에서 널럴하게 내신으로 대학 잘 가는게 더 행복하고 효율적일수도 있음…,2,2024-09-04T14:17:05Z
@user-wg2sr1mn5d,숨막힌다. 내가 대치동 아이들이면 시한폭탄일듯. 정신과 약을 달고살아야 할듯.,4,2024-09-04T14:09:54Z
@user-rh5ze8sp3w,와!!  대박이다..  지방에서 살아서 저런말 들으면 별세상 같음..   난 그냥 내세상에서 살아야지..   집값도     평생가도 못살가격이네ㅠ   그돈으로 유럽여행을 다녀오면..,0,2024-09-04T14:06:56Z
@user-dw7wm8nr5z,"이런 유년 시절을 겪은 저로서는 절대로 한국에서 애를 낳지 않을 겁니다. 이런 지옥을 제 애한테 겪게 하기 싫어서요. <br>저는 엄마아빠의 희생으로 대치키즈를 겪어 누구나 다 아는 대학을 나왔지만 이제는 똑같은 취준생일 뿐이에요. 취준생을 넘어서는 한 회사의 노예, 머슴으로 일생을 마감하겠죠.<br>이런 식으로 교육환경이 변함 없이 흘러간다면 우리나라는 필연적으로 저출생을 넘어 멸망의 길로 자연스럽게 흘러갈 것이라고 생각합니다.",9,2024-09-04T13:24:23Z
@user-xg3fj1fx9s,대박 고딩이 자취하면서 대치동 학원다니고 학군때문에 무리해서 이사오는 이 현실이 너무 슬프다😢,4,2024-09-04T13:07:39Z
@kth343k3,"이런 컨텐츠가 저출산의 원인입니다.<br>사교육조장, 특정지역 언급(집값 상승), 경쟁조장.<br>이런 한명 한명 컨텐츠가<br>대한민국을 병들고 애안낳고 집값때문에 입시때문에.. 허덕이며 불행하게 사는겁니다..<br>저출생시대에  ..  자정좀합시다!!!!!",12,2024-09-04T13:04:27Z
@superdonna,티처스 라고 해서 전문가 의견 등등이 나오는 줄 기대했는데 대체 이 영상의 요지가 뭔지 ?????? <br>장영란님 이런류의 영상은 안 찍으시면 안 되나요????,2,2024-09-04T12:56:26Z
@user-ee6jl6ub4h,부동산 소장님 휘문고 의대 증복합격자를 합격자수로 부풀리네요,5,2024-09-04T12:54:24Z
@amyjang1455,"<a href=""https://www.youtube.com/watch?v=ucdE7xJDMMc&amp;t=792"">13:12</a> 카푸에서 강퇴당했다고 들었는데 비밀정보처럼 푸는게 약간 어이없 😮",8,2024-09-04T12:47:07Z
@Mukbogi,"콘텐츠 재밌어요. 대치동말고 다른동네 다른 주제로도 장영란씨가 살아있는 인터뷰 해주면 좋겠어요! 저긴 재력없이는 못갈 동네라 상대적 박탈감드는 영상이긴 하지만 이거 자체가 대한민국의 현실이니까…어쩔수 없겠죠.<br><br>다만, 본인도 대치동은 아니어도 서초동살며 대치동학원도 다녀봤지만, 결국 학원은 인프라적인 도움 을 조금 더 줄뿐 대단한 의미는 없다고 봅니다. 솔직히 전교1등할 아이는 다른동네에 살아도 충분히 잘했을 거라 생각드네요.",9,2024-09-04T11:56:07Z
@lamerr3327,이영상 보다가 이제 에이급장영란 이제 구독 취소해야겠다 <br>이사람 좋게 봤는데 아 이건 아니다싶어서..<br>근데 근데  티처스 ?라구요?<br>허..티처스도 싫어질라하네..,3,2024-09-04T11:53:57Z
@noher2,근데 불편한진실이나 열심히 하는 아이들이고 엄마들인거죠<br>대치동이라고 불편해할게아니라<br>실제로 고등보내보니 좋은샘과 분위기가 중요해요<br>그리고 적당한 선행과<br>노력이 뒷받침<br>고등되니 시간이 넘 없어서<br>미리미리 된다면 선행해주는게 도움이되더라구요,8,2024-09-04T11:53:18Z
@ri3473,진짜 우리나라의 기행이다 ㅠㅠ 저렇게 애 키우기싫은데 참.. 청소년기에 행복이란 있을까ㅠ,51,2024-09-04T11:21:13Z
@user-bn9rj8vd4f,요새 점점 과해지네 반말 슬쩍슬쩍 하면서 사교육 부추기고,4,2024-09-04T10:40:22Z
@hshlhj,아이엠 비타에요😂,0,2024-09-04T10:25:40Z
@user-yb8ub2zh8e,과목당 월 200이면 불법  아니예요?,1,2024-09-04T09:05:28Z
@triple-shine,"경쟁에 경쟁하고 공부만 4수, 5수...씩해서 어떤 사람이 되는지가 중요하겠죠",3,2024-09-04T08:49:34Z
@user-bs2lb7np8s,공부 좋아하는 애들 해당되는 영상입니다,0,2024-09-04T08:49:07Z
@yryr1463,결국 부모가 능력이 되어야 아이도 공부를 잘 하게 되는 우리나라 현실..너무 유익했지만 씁쓸한 기분이네요 😢 이런 현실 대한민국은 안바뀌겠죠…,32,2024-09-04T08:46:34Z
@hyesookpark9684,"대치동에  46년산   50대  중반  남매 키운  80대 엄마 인데  79년 80년에도 극성모들의과외가   있었는데  그자제들이  성공했다고  볼수없고 ,독학한  자제분들이  삼고시  파스한  사람도 봅니다.대치동 학원가  밤 풍경을 매일 보는데 ~   젊은  엄마들 성적떨어진  아이  길에서  때리는   풍경도 보고  지면상 이정도. 이아이들이  정치인ㆍ의사 성공한들  인성빵점",39,2024-09-04T08:44:30Z
@user-ut6fi7xo1o,그냥 재밌어요~~=&gt;지나가는 평범한 맘😉,5,2024-09-04T08:32:14Z
@user-og1py3rh6j,"딴 세상 이야기지만 사실 이런거 너무 궁금했어요, 저 같이 재미로만 보는 사람도 있을테고 정말 도움 받는 사람도 있을테고... 재미있게 잘봤어요!",4,2024-09-04T05:58:31Z
@user-tc1nw8vy7r,진짜 얘들.스트레스 엄청받겠다.,1,2024-09-04T05:51:50Z
@laviee5674,대치동은 진짜 욕심이 그득그득한 동네구만,36,2024-09-04T05:48:48Z
@user-rd2qz1wr5c,티쳐스가 처음 취지와 달라지는 느낌은 저만 느끼는걸까요?😂😂😂😂,71,2024-09-04T05:18:16Z
@user-wo2sk6nd5t,돈도 없고 대치동 갈 생각도 없는지라 그냥 저런 세상도 있구나 재밌게 봤습니다 ㅎㅎ,4,2024-09-04T05:18:00Z
@kimjanie3018,대치동 온다고 다 되니.... 오자마자 학원레벨에 스트레스 학원 숙제에 스트레스....,4,2024-09-04T04:41:20Z
@user-hy9mj5xu6s,불쌍하다 아이들. 한심하다 부모들,4,2024-09-04T04:37:47Z
@user-xc4wl3ro5j,난 장영란 너무 좋아하는데 그 교육 에 눈 돌아갈 때는 좀 싫어짐 … 내가 자란 데가 전국에 다섯 손가락 안에 드는 교육열 높은 곳이었는데 난 내 어릴 적 생각하면 죽고싶거든. 그 동네의 어느 아줌마 보는 ptsd가 올라와서 그럴 때는 장영란 좀 싫어짐 다른 때는 다 좋은데,33,2024-09-04T04:35:48Z
@lunajinny,다른것보다 장영란씨 리액션이 너무 재밌네요ㅡ 저랑 아이들 나이도 비슷해서 공감이 되요.,41,2024-09-04T04:23:16Z
@user-by5zk5hg6n,지방에살고있는 부모는 열심히 살아도 가난해지는 부동산때문에  자식한테 미안해지네요,4,2024-09-04T04:15:55Z
@rkslgh2nd,웅니. 나 그냥 언니 나와서 A급 장영란인 줄 알고 쭉 보다가 영상 중후반부터 티처스라는걸 깨달았어요ㅋㅋ 입시는 커녕 아직 애도 없는데 그냥 재밌오요ㅋㅋㅋ,32,2024-09-04T04:14:35Z
@user-eq3jl7vt1v,"그렇게 그렇게 서로서로 도우며 살자고 하는데 서울이 저렇게 하면!!!!!  누가 도둑이 안됩니까~? 그리고 저걸 왜 당연하고 재미있는것처럼 말을 하죠~?ㅡㅡ<br><br>어느정도 말씀을 해주인건 고마운데, 진짜 초등학교때 배웠던 서로 다독여 주는 그런 교육을 배웠을 텐데, 맥락은 결국 마지막에는 비밀장소가 따로 있고, 그 가족 학생들만 잘되는..  그게 무슨 의미가 있죠~?",1,2024-09-04T04:08:07Z
@user-gy8rp9zp9e,필요한 정보만 취득하면 되지<br>기회가 있는 아이들이 불쌍할까?<br>기회가 없는 아이들이 불쌍할까?,2,2024-09-04T04:01:35Z
@user-jb7wd1io4u,사교육을 부축이는 방송이네요,6,2024-09-04T03:53:35Z
@joohyounlee9290,전교 1등의 엄마는 운이 좋지 애가 잘 따르고 머리가 좋고 뭔 자기의 노력으로 바뀐줄,2,2024-09-04T03:43:42Z
@user-fu9py7wx6x,애둘 엄마인데   <br>애들이 원해서 학원 다니는건 몰라도  부모욕심으로 애들 학원보내는건 아이들한테는 생지옥일것이다...<br>장영랑씨 이런건 왜 찍어여  참 ..,3,2024-09-04T03:00:45Z
@mirrorhan4056,왜 1등이 중요해요. 돈 들어서 다 1등 하면 누가 2등해요.,0,2024-09-04T02:58:02Z
@Hihiheyyo,요즘 아이들 참 안쓰럽다는 생각이 드는 영상이네요 ㅠ,1,2024-09-04T02:50:09Z
@Asf0738,죽으라  공부해서  결혼하면  애기  낳고  고마  집에서 육아에  올인하는 인재들 아까워요 ㅠㅠ,7,2024-09-04T02:49:33Z
@since861011,유튜브라 그런지 진짜 리얼하네여 저런 세상도 있는지 집중 쫙 되서 끝까지 봤어요!ㅋㅋㅋ큐ㅠㅠㅠㅠ 영란 언니도 표정 현타 맞으며 잘 알려주셔서 감사해요~ 진짜 비타민인듯!ㅠㅠㅠ,38,2024-09-04T02:41:10Z
@sook.627,교육도 중요하지만 인성교육 ~~부모들 치마바람에 애들이 똘아이된다,5,2024-09-04T02:29:08Z
@liebeangel344,그냥 돈으로 애를 키우는...이런거 자랑 아닙니다^^ 공부 잘하는 애들은 진짜 알아서  하는 애들이 잘하는겁니다...,4,2024-09-04T02:26:50Z
@michaella1536,컨텐츠 재밌게만 봤는데 &#39;언니 실망이예요.. 이런류의 영상은 안하면 안되냐&#39;는 댓글은 좀 이질감 느껴지네요~ 요런거 궁금한 분들도 많아요~ 유쾌한 영란씨가 현실을 보여주고 있어 흥미롭게 잘 봤습니다.  어떤 컨텐츠든 많은 회의 끝에 촬영하실텐데 직접 발로 뛰시면서 현장감 느껴지고 너무 좋아요~ ❤응원합니다^^,76,2024-09-04T02:14:25Z
@user-sb8jq2gx1h,좋은 정보인지...좀 헷갈립니다😅😂,0,2024-09-04T02:13:52Z
@평온-g3k,솔직히 잠실에서 대치 이사는 좀 오버 하셨네 ㅎ 그냥 대치에서 살고 싶으신거 아니였을까?,8,2024-09-04T02:10:31Z
@sharosehh,"그냥 다시한번 깨달아요. 우리나라 아이들은 너무 불쌍하구나. 난 우리 아이들을 몸과 마음이 튼튼한 아이로 키워야겠다. 직업에는 귀천이 없고 선생이든 의사든 청소부든 내가 그 일을 하고싶고, 적성에 맞고, 내가 가진 달란트에 맞아서 해야하는 사람이 해야한다고 생각해요. 부모의 선택과 계획에 의해서 미래를 정하지말고요.",7,2024-09-04T02:08:42Z
@hwanhosung1875,1등복권방같은곳임.대치동애들이 다  sky가는것도  아니고  돈  들인다고 학원  많이 다닌다고  되는게  아님. Sky갈  사람들은 어느지역에 있던 자기공부능력머리로 감.단지 우수인력이 대치동으로 많이 모여서 많이가는거처럼보이는것이지.그만큼 대치동에  깔아주러 가는사람도 많은거임.,17,2024-09-04T02:07:26Z
@docotinemath,"현직 수학 강사이고, 한 반에서 전교 1등, 2등 , 3등 데리고 있는 강사에요. 성적은 아이들이 만든거라 제가 만들었다고 이야기하지도 않습니다.<br><br>돼지 엄마라고들 하죠. 어머님들이 가장 피하셔야할 모임이 돼지엄마 모임입니다. <br><br>저도 사교육 없이 공부했었는데요, 그래서 공부하는 방법을 이론적으로만 접근하게 합니다. <br><br>승제쌤이 학습 이론자체를 전공하신 분인지는 모르겠지만 평소에 말씀하신게 이론에 매우 가깝습니다.<br><br>아이들이 배운 공식과 개념을 가르칠 수 있어야하는데, 시험범위 과정 뿐만 아니라, 이전의 과정도 알아야해요. 가령 고딩 1학년이면 중3과정까지 다 가르칠 수 있어야해요. <br><br><br>어른들은 숫자만 좋아하니까 <br>몇바퀴 돌려야한다.<br>몇권 풀려야한다 <br>오답은 몇번해야한다. <br>특정 교재 몇프로 맞아야 넘어간다.<br>모두 숫자거든요 ㅋㅋ.. <br><br>저희 아이들만 이야기하면 전교 1 2 3 등 선행은 한학기 딱 한 번 했구요.<br>학교 교과서, 프린트, 그리고 제가 쓰는 강의교재, 그리고 아이들이 서점에서 직접고른  한 개의 교재. 이렇게 4개 외엔 하지 않았습니다.<br><br>다만 하나도 빠짐없이 풀고 다 가르칠 수 있을정도로 하는게 목표였어요. <br><br><br>승제쌤이 삼각형 내각 합 180이 왜되냐고 자주 물으시는데, 그걸 모르면 수능을 못본다든게 아니고, 그런 사소한 3초만 생각하면 알 것을 넘어가는 태도를 뭐라고 하시는겁니다. <br><br>전교권 친구들은 생각보다 단순해요. 가르칠 수 있을 정도로 이해하려고 노력하고, 많은걸 하지 않습니다.",28,2024-09-04T01:58:45Z
@yulsol_lovely,수도권에 살지만 대치동은 근처에도 못 가본 초등맘입니다. 대치키즈는 말로만 들어봤지 엄마들과 아이들이 어떻게 입시를 준비하는지 본 적이 없는데 이렇게 조금이라도 맛보여 주셔서 감사해요❤ 하지만 대치키즈가 정답은 아니니 아이들을 어떻게 살게 할 것인지는  부모와 아이들이 함께 만들어가는 거라는 생각이 듭니다. 현명한 엄빠가 됩시다🔥,43,2024-09-04T01:51:08Z
@sjcjx9883,컨텐츠 넘 아니네 별로다진짜,5,2024-09-04T01:38:56Z
@user-bk6dc5yy7u,아이들머리는 노력도 해야되지만  부모머리를  닮는디 는것 아시지요?<br>공부못해도  또다른것 잘하는것이  있으니  숨어있는  소질을  꼭 찾아주시길 ㆍㆍ,1,2024-09-04T01:36:09Z
@user-nx6lp4tp8m,댓글들 불편맘들이<br>많네요~ 결국 필요한 엄마들만 참고하면 될것 같은데~ 영란님도 사실 컨텐츠 소개하러 온거지 진짜 본인을 위한일이면 남편의사에 본인 연예인인데 30억 집값은 무리가 아닐것 같아요~ 너무 쌍심지들고 날세우지 말아요~~ ㅎㅎ,44,2024-09-04T01:25:23Z
@user-dk8rn7sg6b,이건 유투브용인가요?,1,2024-09-04T01:20:59Z
@eyj6069,이런 사람도 있고 저런 사람도 있는거고 꼭 밥한끼도 먹기 힘든데 혼자서 교과서로 공부했어요 이런 친구들만 매체에 나올 필요는 없지 않을까요? 하나의 사회 행태로 받아들이고 관찰의 의미로 잘 보았습니다.,24,2024-09-04T01:16:02Z
@hisaykelly,꼴깝들이네요,1,2024-09-04T01:14:39Z
@Rebeccaaa2,저출산의 이유..,3,2024-09-04T01:13:32Z
@user-qb8tq2qx8i,학원없이 공부하는 아이들은 어쩌라는건지<br>그냥 답답하네요<br>영상보면 대학은 꿈도못꾸나ᆢ 능력없는 부모가 된것같아 씁쓸합니다 ㅠㅠ,9,2024-09-04T00:56:17Z
@jesstar1221,"대치동이 궁금하고 소소한것까지 알고 싶은 엄마도 있습니다. 대치동의 모습을 욕을 하든 부러워하든 &#39;저런 모습도 있구나&#39; 하면되고, 각자 자녀들 주관 갖고 키우면 되고, 보기 싫음 안보면 되지 굳이 악플달것 까지야 있을까요? 전 너무 재미있었고 그 다음편도 기대되네요. 영란씨와 제작진분들 감사합니다. 재미있고 유익하게 본 분들이 댓글 안달아서 그렇지 응원 하는 분들이 더 많을 겁니다.",196,2024-09-04T00:55:05Z
@chamjikim,대치동의 현실을 보여주는 영상이었고 대치동 살지 않고 타지역에 살아도 자기주도로 공부해서 원하는 대학전공 가는 학생들도 많아요. 그저 저렇게 타이트하게<br>공부하는 학생들이 지금의 행복을 너무 보류하고 있진 않나 안타까움이 들긴 하네요. 대학이 다는 아닌데...,1,2024-09-04T00:48:13Z
@slee708,대치동에서 고등학교 나온 사람으로서 한마디 하자면 공부 잘하는 애들은 엄마가 아무리 지랄안해도 알아서 지들이 해서 좋은대학교 들어갑니다. 공부에 관심 없는 애들은 대치동 가도 그냥 시간낭비 돈낭비 .. 제가 바로 그 케이스 ㅋㅋㅋ 공부는 지가 알아서 하지 않는 이상 한계가 있다고 봅니다.,263,2024-09-04T00:47:10Z
@lala_bao,"전 너무 도움되네요. 이게 현실이잖어요. 다들 외면하고 싶지만, 외면할 수 없는 현실이잖아요 ㅠ.ㅠ  학원비도 진짜 솔직히 말씀해주시고... 전 너무 좋았어요.",221,2024-09-04T00:45:26Z
@user-vk8zs3fo7z,돈으로 쳐바른 성적,2,2024-09-04T00:37:59Z
@user-dq1kr2rh6m,우리나라 애들 불쌍하네요ㅜㅜ<br>숨 쉴 여유도 없을듯...,4,2024-09-04T00:37:23Z
@lucky-ld1on,이런 자극적이고 흥미와 불안함을 이용한 콘텐츠내용으로 관심을 끌려고 하는 이유가 무엇일까요?  <br><br>시청한 시간이 아까웠어요. 좀더 현명한 내용으로 바뀌면 좋겠어요.,9,2024-09-04T00:26:20Z
@user-ph9yw2ou1o,공부 혼자 언제 하나 싶네요 판서식 개인과외그룹과외하면 혼자 습득할 시간이라도 있을지…,4,2024-09-04T00:22:12Z
@코피코,학원 과외받으면서 잘하는 애들보다 자기주도학습하며 잘하는 애들을 차라리 찾아보고 컨텐츠로 했음 더 좋았을듯....,92,2024-09-04T00:21:15Z
@qqqw22268,애들이 힘든지 안힘든지는 케버케니까 단 한가지는 저 비싼 동네에서 살면서 지원 빵빵하게 해줄 수 있는 부모의 재력이 부럽습니다. ㅋ,63,2024-09-03T23:43:20Z
@zinnyzin8141,영란씨 이런 류의 영상은 안하면 어때요...?,22,2024-09-03T23:42:01Z
@fitandfixpilates,저희 집 동태눈깔 한 놈 있는데 건드리지 않겠습니다!,7,2024-09-03T23:37:01Z
@potahto817,언니 ㅜㅜ 실망이에요,8,2024-09-03T23:34:33Z
@jjessy325,"공부때문에 대치동 가는거 물론 아직 그러는 분들있겠지만 옛날트렌드,,,, 지금은 본인이 맘만 있으면 ebs도 잘되어있고 꼭 대치동 간다고 잘 가는것도 아니고 오히려 스트레스 받아서 더 못할수도,, 그런 아이들은 실제로 명문 대학교 들어가는거 성공하고나면 그 뒤로 내가 여길 왜 들어왔지 하면서 회의감 갖는 학생들이 더 많대요 그냥 학부모가 여기자기 휘둘리지않고 난 아이를 이렇게 키울거야 라는 중심을 지키는게 중요할듯해요",68,2024-09-03T23:05:07Z
@leekelly6511,"언니, 이런 영상 말고 모두가 공감할 수 있고 힘이 되는 영상으로 부탁해요<br>괜히 봤나봐요, 😢",64,2024-09-03T20:40:37Z
@00만,저 애들<br>부럽기보다 안쓰럽네,17,2024-09-03T20:38:24Z
@user-mc1gn6ev1r,컨텐츠 주제가 민감하다 <br>욕 쫌 올라오겠네.. 입 방아 오르기 딱좋은 컨텐츠..환경적 요건이 안되서 저기 못가는 친구들 현타오겠다.. <br>대치동 말고 사연 받아서 사교육 안가고 좋은성적 이루어낸 학생들 조사해서 축하해주고 선물 증정하는 컨텐츠하면좋겠다.,28,2024-09-03T17:49:39Z
@Kkkkjjj786,학군지에서 자라 해외유학하고 여기서 자리잡으려는 사람인데 한국은 아직도 저모양이네ㅋㅋㅋㅋㅋ 티처스 본편읯취지는 좋은데 이 번외영상을 만드는 이유를 모르겠네요? 학군지 엄마들은 저렇게 30억짜리 아파트에서 살면서 돈 처들인다? 따라할래도 따라할 수 없는 사정의 사람들이 태반일텐데 그럼 사람들이 이 영상 보면서 참 마음이 편하기도 하겠네요. 자긴 자식들에게 저렇게 해줄래도 못해줘서.,8,2024-09-03T17:14:37Z
@annaparkEnglish,이런 영상은 안 보는 게 약 ✍️,14,2024-09-03T16:18:57Z
@goodrichproject,저는 지방엄마지만... 딴 세상같지만... 이렇게 정보 볼 수 있어서 좋아요. 감사합니다!!!!!,115,2024-09-03T15:12:48Z
@juyeon___2,저 자식도 없고 남편도 없고 남친도 없는데 너무 재밌게 봤어요😂😂ㅋㅋㅋㅋㅋㅋ,4,2024-09-03T15:11:47Z
@하하맘-x1f,모르는게 약이였을까요?<br>입시경쟁을 넘어 그들만의 리그를 알려주고  부추기는 것 같아 맘이 불편합니다.<br>장영란씨가 흥분하며 알고 싶어하는것들 알려주고 싶어하는 것들 다른나라 이야기 같네요.<br>좋은 대학과 의대만이 최고라고 얘기하는것 같은데 제가 너무 꼬아서 본걸까요?<br>아이를 낳고 싶어하지 않는 대한민국 현실을 ㄴ끼게하네요.,59,2024-09-03T15:05:41Z
@dtsjin,이래서 애들은 한국에서 교육시키면절대안됨.ㅠㅠㅠㅠ,13,2024-09-03T15:03:32Z
@user-wj6cm1px4o,아이고 애들 숨 못쉬겠네요,24,2024-09-03T14:40:52Z
@user-nq8wo3tp6s,좋은 영상 감사합니다 현실적인 이야기가 많아서 도움 많이 받았습니다,14,2024-09-03T14:31:32Z
@user-dk9pb3lf4s,"내 조카 보니 머리도 좋지만 스스로 공부하고 울 올케는 공부습관 어려서부터 해주고 정말 올케나 조카나 존경스럽다, 대치동 학원에 돈 퍼나르며 난리 안쳐도 서을 의대갔다,",36,2024-09-03T14:31:13Z
@jameslee7510,온갖 열등감과 오지랖 사회탓으로 더럽혀질 댓글창이 보인다 ㅋ,7,2024-09-03T14:30:49Z
@hylove1040,와~~이런거 궁금했었는데~알려줘서 고마와요😊,7,2024-09-03T14:15:03Z
@songsong7785,어쩔수없는 학부모라 알고리즘에 뜨는 영상들이 이런 입시정보들인데 보다보니 넘쳐나는 정보에 지쳐간다. 나도이런데 우리 애들은 또 어떨까...<br>걸을만하면 경쟁사회로 내몰리는 아이들을 생각하면 요즘 젊은 친구들이 출산을 하지않는것도 이제 이해가 갈 지경이다...,150,2024-09-03T13:59:52Z
@jieunkim8139,아... 이걸...참.... 뭐라 할 말이 없다... 꿀 팁은 어디에. ㅎㅎㅎ,47,2024-09-03T13:53:39Z
@o2kitchen913,이 영상의 목적이 무엇인지.... <br>앞에 누가 어디로 가는지도 모르고 다들 가니까 몰려가는 형국같아요 ㅠ<br>배울것도 없고 머리가 지끈거리네요,103,2024-09-03T13:43:20Z
@semsem30,목동맘이 평범이면 그외는 뭐지 ㅋㅋㅋㅋㅋㅋ,3,2024-09-03T13:33:44Z
@minseokkim3378,목동 일부러 이사 갔다고 하지 않았나요? 그럼 평범한 엄마는 아닌데... 평범한 엄마를 모르나...,21,2024-09-03T13:01:06Z
@user-ys2wz5ks6d,강남아이들이 병들었다던데 안타깝네요,19,2024-09-03T12:37:49Z
@user-jd9re6ii3v,"학생입장에선 대치키즈보다 펑펑 놀다가 유학 가는 동부이촌,한남동,압구정 이런 애들이 부러움 ㅠㅠ",679,2024-09-03T11:21:26Z
@sjk3437,"대치동 장점도 많겠지만 애들 스스로 학원 다니고 싶어서 다니는 애는 얼마나 될까요?  부모 욕심에 과하게 시키는거 정말 조심해야해요 우리나라 공부, 비교, 평가 문화 없어지도록 부모부터 노력해야한다고 생각해요 <br><br>아이들의 마음 꿈 욕심을 잘 관찰해서 읽어주고 부모와 상의해서 아이의지 위주로 선택했으면 합니다. 좋은 대학이 답이 아닌 시대라고 봅니다",182,2024-09-03T11:06:57Z
@jianshin-zw7gl,2등🎉,1,2024-09-03T11:05:43Z
@user-pr4og9yo7d,1등❤,2,2024-09-03T10:08:18Z
