Author,Comment,Likes,Published At
@sunni-si1bb,조정석 조정식,0,2024-09-10T14:12:38Z
@박수민-y6p,"<a href=""https://www.youtube.com/watch?v=HyhhnR_LPVg&amp;t=23"">0:23</a> 승제 쌤 넘 귀여우심ㅋㅋㅋㅋ",1,2024-09-10T11:50:02Z
@user-id5oj7nu2g,"<a href=""https://www.youtube.com/watch?v=HyhhnR_LPVg&amp;t=59"">0:59</a> 채팅 ㅋㅋㅋㅋㅋㅋ",0,2024-09-08T23:33:00Z
@kkomi_hisam,귀여워요 승재쌤 생선님,0,2024-09-08T12:29:40Z
@user-qw1zd9kb6o,"<a href=""https://www.youtube.com/watch?v=HyhhnR_LPVg&amp;t=103"">1:43</a> 개웃기네",0,2024-09-05T14:32:36Z
@user-cc6sn1sf1w,못 본 사람있어도<br>한번 본 사람은<br>없다는 그 영상?!,1,2024-09-05T13:31:52Z
@user-wd2vy1vu8x,미누잘한다.ㅋ,0,2024-09-04T12:27:44Z
@user-tn4ve7uc8y,그냥 넘 웃김ㅋㅋㅋㅋㅋㅋㅋㅋㅋㅋㅋㅋㅋㅋㅋ,0,2024-09-03T08:17:05Z
@nunanyo,아니개웃겨서숨을못쉴것같아요ㅠㅠㅠㅠㅠㅠㅠㅠㅠㅠㅠㅠㅠㅠㅠㅠㅠㅠ,0,2024-09-01T11:02:50Z
@Whdkgg,"<a href=""https://www.youtube.com/watch?v=HyhhnR_LPVg&amp;t=335"">5:35</a> 진짜 해주면 ❤❤❤",0,2024-09-01T09:59:37Z
@joelseo4751,미미누 없으면 안되겟네,0,2024-09-01T04:18:31Z
@user-cw6tu7hk5g,셋이 잘 노는거 개 귀여움ㅜㅋㅋㅅㅅㅋㄱㅋㅋㅋㅋㅋㅋㅋㅋㅋㄱㄱㅋㄱㅋㅋㅋㅋㅋㄱㄱㅋㄱㅋㄱㅋㄱㅋㄱㅋㄱㄱㅋㅋㅋㅋㅋㅋㅋㅋㅋㅋㅋㅋㅋㅋㅋㅋㅋㅋㄱㅋㄱㅋㄱㅋㄱㄱㅋㄱㅋㄱㅋㄱㅋㄱㅋㄱㄱㅋㅋ,0,2024-08-30T14:45:45Z
@경석유-i6k,🎉😂❤🎉😂❤,0,2024-08-30T02:37:52Z
@경석유-i6k,???,0,2024-08-30T02:31:21Z
@arinmom_0811,아진짜 너무웃기다 ㅋㅋㅋㅋㅋ<br>정승제쌤 왜이렇게귀엽고 조정식쌤 잘생김 ㅠㅠㅋㅋ💕,0,2024-08-29T15:29:21Z
@user-kt3qt4ji3b,조정식 쌤 너무 잘생겼음..ㅋㅋ 승제 쌤 넘 귀여워요❤,0,2024-08-28T11:40:02Z
@AssemBle10,릴스보고 왔습니다,0,2024-08-27T14:37:58Z
@user-fl8mi4yl7f,이명학 ㅋㅋㅋㅋㅋㅋㅋ 개웃기네,0,2024-08-27T12:32:02Z
@user-pl1qd3hq6h,잼있네,0,2024-08-27T08:11:20Z
@user-xs1sc7kd6d,"<a href=""https://www.youtube.com/watch?v=HyhhnR_LPVg&amp;t=336"">5:36</a>  칙칙붐 나와서 기뿐 스테이 지나감",0,2024-08-26T12:28:35Z
@user-yz2sg4qu4w,미3누 °nㅇ 이표정이 너무 킹받아 ㅋㅋㅋㅋㅋㅋ,0,2024-08-25T14:51:12Z
@감사-y7r,❤정승제쌤❤,0,2024-08-25T11:25:09Z
@Yglin_da,영어 1타는 조정직 쌤이지~!<br><br>지나가는 00년생,0,2024-08-24T19:39:47Z
@user-xo6bi2eq2k,"<a href=""https://www.youtube.com/watch?v=HyhhnR_LPVg&amp;t=103"">1:43</a> ㅋㅋㅋㅋㅋㅋ개뿜음",0,2024-08-24T12:02:16Z
@user-xb5cw6jf9m,미미미누 없는게 더 재밌음,1,2024-08-24T05:14:08Z
@user-ip7pm5rl5t,미미누 쵝오,0,2024-08-24T01:19:08Z
@zzanmitv,저런 선생님 만났으면 나도 인생이 달라졌을건데...,0,2024-08-23T15:25:32Z
@user-sh2yn4zi6c,3화 언제ㅈ나오나요?,0,2024-08-23T13:31:07Z
@raberry2098,조카들 노는데 기웃거리는 큰삼촌 바이브,0,2024-08-23T08:43:27Z
@user-hm4rt5fm1h,이 코너는 분명히 제작진들이 웃고싶어서 만들었다ㅋㅋㅋ,0,2024-08-23T00:51:53Z
@user-kn9wj2kq5h,3화 보고싶어요❤,1,2024-08-22T22:46:40Z
@hyunju309,승제쌤 졸귀탱😊,0,2024-08-22T15:01:33Z
@user-yw1bc6yy9o,승제쌤 볼매야 ❤  핵귀요미 ❤,0,2024-08-22T08:05:31Z
@jaygreen42,디져스 정기컨텐츠 아닌가여?? 빨리주세여 현기증나여🥺,0,2024-08-22T08:02:08Z
@user-wl1hc3tj2l,정승제님 넘 귀여우셔 ㅎㅎㅎ,0,2024-08-22T00:25:09Z
@sarah-tw8ne,"<a href=""https://www.youtube.com/watch?v=HyhhnR_LPVg&amp;t=50"">0:50</a>",0,2024-08-21T13:55:17Z
@user-dltodakd,"<a href=""https://www.youtube.com/watch?v=HyhhnR_LPVg&amp;t=104"">1:44</a> 냅다 욕 날리는 게 준내 웃김ㅋㄱㅋㄱㅋㄱㅋㄱ",1,2024-08-21T04:40:38Z
@inaepark6151,정식쌤이 일찍이 품절남 된 이유가 있네요. 매력이 대단하세요! 변요한 배우 닮았어요. 🤩❣️💯👌,0,2024-08-21T04:11:52Z
@nayou2000,"미누님 좀 천천히 얘기해주세요,ㅋㅋㅋㅋ",0,2024-08-20T16:57:21Z
@당근타르트,하진짜 다 너무 귀여워 미치겟어ㅠㅠㅠ,0,2024-08-20T10:43:25Z
@오승현-p8w,어제 교보 강남점에서 달콤한 당근 스티커 사써요❤❤너무 예뻐요,0,2024-08-20T05:55:50Z
@inggooxhappy,8월4일 제 생일입니다@@,0,2024-08-19T14:59:45Z
@lees7160,ㅇㄴ 울 아빠가 나보고 디져스 나오라고 했는뎈ㅋ 진짜 나오넼ㅋ올ㅋ,0,2024-08-19T13:44:37Z
@ha._j2g,디져스 3 언제 나옴요 ???,0,2024-08-19T06:29:17Z
@Anton_ym321,"티쳐스 편집 팀과 디져스, 인스타 티쳐스 편집 팀이 같은 사람인지 의심이 듬<a href=""UCkszU2WH9gy1mb0dV-11UJg/Z8MfY8mzLbnovwK5roC4Bg""></a>",0,2024-08-19T01:14:15Z
@바베,개재밌네 ㅋㅋㅋㅋㅋㅋㅋ 디져스도 꾸준히 올리면 좋을듯,4,2024-08-18T10:24:10Z
@user-pp5ng4pl2w,승제쌤 왜이렇게 귀엽?ㅋㅋㅋ사랑스럽누,2,2024-08-18T10:12:22Z
@작곡의수,"<a href=""https://www.youtube.com/watch?v=HyhhnR_LPVg&amp;t=104"">1:44</a> 겁나 웃었누 ㅋㅋㅋㅋ",0,2024-08-18T08:11:57Z
@user-gl8vb3kv4f,아 ~미미미누님(감자)상처 흑흐규ㅠㅠㅠ,0,2024-08-18T07:03:21Z
@user-pm1el9iy8h,"<a href=""https://www.youtube.com/watch?v=HyhhnR_LPVg&amp;t=416"">6:56</a><br><a href=""https://www.youtube.com/watch?v=HyhhnR_LPVg&amp;t=277"">4:37</a>",0,2024-08-18T03:10:19Z
@user-pm1el9iy8h,"<a href=""https://www.youtube.com/watch?v=HyhhnR_LPVg&amp;t=272"">4:32</a> 귀여워ㅠㅡㅠ",0,2024-08-18T03:08:32Z
@user-hw3ei3bk5v,이쯤대면 미3누랑 이명학샘이랑 조정식샘이랑 3자 대면 하는것도.... 추진을...해보심이ㅋㅋㅋㅋㅋㅋㅋㅋㅋㅋ,4,2024-08-18T02:04:24Z
@user-sq6fi4im2r,😘😘😘😘,0,2024-08-17T19:26:12Z
@삐쟁이토토,미3누님 정승제 분필 던지는 것도 표현해주시죠,1,2024-08-17T12:25:13Z
@user-ui3vo4zg2r,승제쌤 사생팬님 저기 초청하면 안됨?,0,2024-08-17T10:29:17Z
@유희자-q9i,"<a href=""https://www.youtube.com/watch?v=HyhhnR_LPVg&amp;t=525"">8:45</a> 이악물 넘 웃겨ㅋ ㅋ",0,2024-08-17T06:48:55Z
@heejjang4383,나 승제쌤 너무 좋아!!!,2,2024-08-17T04:13:34Z
@moodeppoQ17,"<a href=""https://www.youtube.com/watch?v=HyhhnR_LPVg&amp;t=183"">3:03</a> 승제T 이제 이해했쏘 진심웃김ㅋㅋㅋㅋㅋ<a href=""https://www.youtube.com/watch?v=HyhhnR_LPVg&amp;t=198"">3:18</a>승제T 저만 원영적 사고 같나요?<a href=""https://www.youtube.com/watch?v=HyhhnR_LPVg&amp;t=280"">4:40</a> 눈 휘둥그레 해지는것 ㅋㅋㅋㅋ",1,2024-08-17T00:51:12Z
@user-ik4cl5pt6j,찾아따 내 도파민~ 내가 찾던 도파민~,0,2024-08-16T15:24:28Z
@DDABONGDADWE형,이거 재밌네^^ - 유튜브 백종원,1,2024-08-16T09:02:34Z
@yss-k9b,악,0,2024-08-16T06:01:20Z
@MIRANLIM-k6k,"<a href=""https://www.youtube.com/watch?v=HyhhnR_LPVg&amp;t=277"">4:37</a>  ㅋㅋㅋㅋㅋㅋㅋㅋㅋㅋ",0,2024-08-16T05:58:50Z
@user-lr2xt3gq3g,승제쌤 정식쌤 사랑해요,0,2024-08-16T04:41:08Z
@previewchance,인스타 보안 2단계까지 설정 해라,0,2024-08-16T03:05:34Z
@user-ds5tz6sg3k,나도 출연자잖아ㅋㅋㅋ,2,2024-08-15T21:12:39Z
@user-gx6up1ul3i,"<a href=""https://www.youtube.com/watch?v=HyhhnR_LPVg&amp;t=675"">11:15</a> 여기 부분 둘이 똑같이 생김 ㅋㅋㅋㅋ",2,2024-08-15T17:46:49Z
@user-mm9si5gl7x,저 덕질때문에 공부에 집중이 안됩니다..ㅠㅋㅋㅋ😅,0,2024-08-15T16:20:30Z
@pporory00,ㅋㅋㅋㅋㅋㅋㅋㅋㅋㅋㅋㅋㅋㅋㅋㅋㅋㅋㅋㅋㅋㅋㅋㅋㅋ 배아픔,1,2024-08-15T14:30:29Z
@mozzi100,"<a href=""https://www.youtube.com/watch?v=HyhhnR_LPVg&amp;t=104"">1:44</a>제일웃기당 ㅋㅋㅋ",0,2024-08-15T13:15:49Z
@user-sx5gs3ty6f,"<a href=""https://www.youtube.com/watch?v=HyhhnR_LPVg&amp;t=276"">4:36</a> 이때 조정식쌤 계속 정승제쌤 반응 보고 계신거 너무 웃김ㅋㅋㅋㅋㅋㅋㅋ",0,2024-08-15T12:29:13Z
@user-tj3om8eg8o,3화 기다리겠습니다 허허,1,2024-08-15T11:43:43Z
@MSCho742,삼미누씨,0,2024-08-15T09:51:43Z
@mirijeong7395,티쳐스 너무 좋다😍,0,2024-08-15T07:04:50Z
@user-ee1gm7ub3q,삐끼삐끼보고 놀란 정식티ㅋㅋㅋ,0,2024-08-15T05:55:35Z
@user-ic8wq3zm3n,정식쌤 너무 잘생겼어요^^ 승제쌤은 좀,0,2024-08-15T05:45:09Z
@user-vr5ro4hl1e,"수학이랑 수집,학생말곤 관심 없으신 승제쌤..",0,2024-08-15T05:26:51Z
@luvhan0914,스키즈 칙칙붐 ㅋㅋㄱㅋㅋㅋ,0,2024-08-15T04:22:29Z
@Orange_1006,"<a href=""https://www.youtube.com/watch?v=HyhhnR_LPVg&amp;t=524"">8:44</a>",0,2024-08-15T04:17:24Z
@이카-h9z,너무 촐랑거려...가벼워..,0,2024-08-15T01:30:26Z
@user-ff4bt9om4v,이 셋 조합 너무 조타 ❤,0,2024-08-14T17:24:17Z
@user-mk8yg2ud4z,편집자 정못취 아니겠지?ㅋㅋㅋㅋㅋㅋㅋㅋㅋㅋ ㅈㄴ 웃김ㅋㅋㅋㅋㅋㅋㅋㅋㅋㅋㅋㅋㅋㅋ,0,2024-08-14T16:51:09Z
@user-ku9oq3qe6s,승제쌤 삐지는거 너무 귀여움,0,2024-08-14T15:52:05Z
@ezinnny_4274,미미미누섭외 신의한수네요 ㅋㅋㅋㅋㅋ넘잼나요,4,2024-08-14T11:31:43Z
@PUDING-r5i,"승제쌤 칙칙붐 보고싶다,,",0,2024-08-14T09:59:58Z
@pushzero_3,몇번ㅁ재 보는지 모르겠네 존잼,1,2024-08-14T08:56:11Z
@2m_jxsg,미3누는 뭔가 명절날 큰아버지한테 tv에서 나온 밈 알려주는 느낌이고 정식쌤은 자식한테 좀 배운 밈으로 놀리는 큰엄마 느낌?ㅋㅋㅋㅋㅋㅋㅋㅋㅋ,0,2024-08-14T06:32:05Z
@user-kn9wj2kq5h,3화 해줘여❤❤,1,2024-08-14T04:18:59Z
@user-zg1vn7vr3o,뇌섹남들... 최근에 전회차 다 몰아봣는데 공부하고 싶어져여ㅋㅋㅋ,0,2024-08-14T03:43:35Z
@user-lz6uy4iu4d,진짜 예능보다 훨 재밌다 ㅋㅋㅋ 11분36초가 너무 짧네요 ㅜㅜ,1,2024-08-13T20:14:31Z
@wnoddjs0181,"<a href=""https://www.youtube.com/watch?v=HyhhnR_LPVg&amp;t=331"">5:31</a> 정승제사생팬이랑 전화해주세요",6,2024-08-13T18:58:49Z
@리프35,디져스 최대 피해자: 승제T,0,2024-08-13T16:32:43Z
@user-yx4re4ye2i,디져스 넘 웃겨요😂😂😂😂😂 생선님 정식쌤 미3누 케미 미쳤다리ㅋㅋㅋㅋㅋㅋㅋ,0,2024-08-13T14:15:27Z
@user-br1vt1gq3x,"<a href=""https://www.youtube.com/watch?v=HyhhnR_LPVg&amp;t=525"">8:45</a> 아 진짜 이건 볼 때마다 개웃기네😂😂😂",2,2024-08-13T13:49:11Z
@user-hi5tt6hz4n,승제쌤 귀여워요ㅋㄲㄱㄲㄱㅋㅋㅋㅋㅋㄱㄱ,0,2024-08-13T13:09:35Z
@GOOD_MORNING123,"<a href=""https://www.youtube.com/watch?v=HyhhnR_LPVg&amp;t=544"">09:04</a> 무해한 감자표정 귀엽다ㅋㅋㅋ",0,2024-08-13T12:37:37Z
@김규리-d9l,아 진짜 역대급으로 웃김 ㅠㅠㅠㅠㅋㄱㅋㄱㅋㄱㅋㄱㅋㄱ,0,2024-08-13T12:33:51Z
@user-fy9et2fq3e,춤추는거 왜이리 웃기지 ㅋㅋ 미미미누 너무 재미있다,0,2024-08-13T12:01:28Z
@user-fy9et2fq3e,앜ㅋㅋㅋㅋㅋ진짜 너무 웃겨 진짜 개웃김 미미미누 와서 너무 재미있어,1,2024-08-13T11:50:21Z
@j.g7369,요즘 이분들 너무좋아....,0,2024-08-13T11:14:07Z
@Myung_0001,3명 다 컨셉이랑 느낌이 달라서 다 따로 노는데 그래서 개웃김ㅋㅋㅋ,0,2024-08-13T11:06:22Z
@user-eu3lv2hg2d,기삼이 정승제 폼 미쳤다,0,2024-08-13T10:13:45Z
@ywp3253,역시 미3누는 유튭에서는 전현무야<br>넘 잘해,0,2024-08-13T09:29:41Z
@Mangsik55,미미미누가 놀아주는거같은데.. ㅋㅋㅋ,0,2024-08-13T09:21:28Z
@user-qu8jt4wx8s,생선님은 밈과 거리두기 중...😊,0,2024-08-13T08:36:32Z
@user-nu8bp4op8m,"<a href=""https://www.youtube.com/watch?v=HyhhnR_LPVg&amp;t=585"">9:45</a>에 미미미누 구독 안돼있네 ㅋㅋㅋㅋ",6,2024-08-13T07:58:23Z
@user-bg2gi5sq2v,아니ㅋㅋㅋㅋㅋㅋㅋㅋ 공계가 조정식 삐끼삐끼 올림ㅋㅋ큐ㅠ 미쳤나봐ㅠㅠ,1,2024-08-13T07:20:53Z
@jung2930,저 여초커뮤의 피해망상이 얼마나 병처럼퍼졌으면<br>범죄피해경험 최하위(치안세계 탑) <br>국가에서 범죄불안감은 최대임 <br>그러면서 잘만돌아다님,0,2024-08-13T06:05:02Z
@user-fh7xn8qb6w,디져스?,0,2024-08-13T04:33:46Z
@user-ql7kg2qi3j,요즘 정승제 사생팬분 영상 뜸해지셨는데 설마 티쳐스 공식 인스타로 활동을 옮기신건 아닐까요...?,1,2024-08-13T04:11:58Z
@agnesar9223,와이라노ㅋㅋㅋㅋ,0,2024-08-13T02:56:38Z
@user-sc3kg8yr1u,승제쌤 나혼자산다 출연 기원 1일차❤,1,2024-08-12T17:46:11Z
@user-yz2gm5rh3s,이새끼들 편집 왜케 맛깔나냐,1,2024-08-12T13:57:52Z
@ee_subin,이건 편집 누가 한거냐?ㅋㅋ<br>편집 개잘하네ㅋㅋ 이것도 이스타하시는분이 편집했다ㅋㅋㅋ,6,2024-08-12T13:35:37Z
@HSJ-T,"코싸인댄스, 요즘 많이 힘들지",1,2024-08-12T12:55:04Z
@SagaciousSophie,저는 그냥 날아갔는데 승재쌤 다행이에요.,0,2024-08-12T11:36:13Z
@송주현-v9g,진짜 티처스 너무 재밌는 듯,2,2024-08-12T10:07:54Z
@yusellyong0828,조정식 말조심<br>받아쳐먹는다고!!?,0,2024-08-12T08:42:58Z
@wolf1004roy,승제쌤이랑 정식쌤 사귀어요….???너무 잘어울림ㅋㅋㅋㅋ<br>티처스 통해서 세 분 많이 친해지신…것 같닼ㅋ진짴ㅋㅋㅋ,3,2024-08-12T07:17:22Z
@wolf1004roy,"<a href=""https://www.youtube.com/watch?v=HyhhnR_LPVg&amp;t=173"">2:53</a> ㅋㅋㅋㅋ미미미누 웃음 쬐끄만 동물이 웃는거같아ㅋㅋㅋ",0,2024-08-12T07:16:26Z
@wolf1004roy,"2화가 1화보다 더 재밌는듯ㅋㅋㅋㅋ<br>오늘 요약<br>&lt;승제쌤은 귀엽고 츤데레 정식쌤은 멋있으며 미미미누는 오늘도 고통받는다….???&gt;<br><br><a href=""https://www.youtube.com/watch?v=HyhhnR_LPVg&amp;t=13"">0:13</a> 헉…..근데 욕같지가 않은…<br><a href=""https://www.youtube.com/watch?v=HyhhnR_LPVg&amp;t=52"">0:52</a> 진짜 깜짝 놀랐었자나옄ㅋ큐ㅠㅠㅠㅜㅠ<br><a href=""https://www.youtube.com/watch?v=HyhhnR_LPVg&amp;t=104"">1:44</a> ㅋㅋㅋㅋㅋㅋㅋㅋㅋㅋㅋㅋㅋㅋㅋ쌤..<br><a href=""https://www.youtube.com/watch?v=HyhhnR_LPVg&amp;t=118"">1:58</a> 아니 승제쌤 왤케 귀엽냐구ㅠㅠㅠㅠㅠㅠ<br><a href=""https://www.youtube.com/watch?v=HyhhnR_LPVg&amp;t=169"">2:49</a> 승제쌤ㅋㅋㅋㅋㅋ큐큐ㅠㅠㅠㅠㅠㅠ이제아셨어욬ㅋㅋㅋㅋ<br><a href=""https://www.youtube.com/watch?v=HyhhnR_LPVg&amp;t=210"">3:30</a> 너무 기여워ㅠㅠ<br><a href=""https://www.youtube.com/watch?v=HyhhnR_LPVg&amp;t=224"">3:44</a> 저와 똑같으시군요…<br><a href=""https://www.youtube.com/watch?v=HyhhnR_LPVg&amp;t=278"">4:38</a> ㅋㅋㅋㅋㅋㅋㅋㅋㅋㅋㅋㅋㅋㅋㅋㅋㅋㅋㅋㅋ<br><a href=""https://www.youtube.com/watch?v=HyhhnR_LPVg&amp;t=294"">4:54</a> o_O<br><a href=""https://www.youtube.com/watch?v=HyhhnR_LPVg&amp;t=345"">5:45</a> 헉 이건 몰랐는데….ㅠㅜㅠㅠㅜㅜㅠㅠ계정 관리자님 수고하십니다…<br><a href=""https://www.youtube.com/watch?v=HyhhnR_LPVg&amp;t=417"">6:57</a> 승제쌤 진짜 왤케 귀여워 진짜로 몇번째야..🥹<br><a href=""https://www.youtube.com/watch?v=HyhhnR_LPVg&amp;t=484"">8:04</a> ㅋㅋㅋㅋㅋㅋㅋㅋㅋㅋㅋㅋ<br><a href=""https://www.youtube.com/watch?v=HyhhnR_LPVg&amp;t=487"">8:07</a> 어멓ㅎ@#@₩#₩??<br><a href=""https://www.youtube.com/watch?v=HyhhnR_LPVg&amp;t=521"">8:41</a> 미누야 너 이명학 들었잖아<br><a href=""https://www.youtube.com/watch?v=HyhhnR_LPVg&amp;t=547"">9:07</a> 닮…았어요…<br><a href=""https://www.youtube.com/watch?v=HyhhnR_LPVg&amp;t=574"">9:34</a> ㅋㅋㅋㅋㅋ<br><a href=""https://www.youtube.com/watch?v=HyhhnR_LPVg&amp;t=644"">10:44</a> <a href=""https://www.youtube.com/watch?v=HyhhnR_LPVg&amp;t=647"">10:47</a> ㅋㅋㅋㅋㅋㅋㅋㅋㅋㅋㅋㅋㅋㅋㅋ<br><a href=""https://www.youtube.com/watch?v=HyhhnR_LPVg&amp;t=659"">10:59</a> 커엽🥹☺️<br><a href=""https://www.youtube.com/watch?v=HyhhnR_LPVg&amp;t=688"">11:28</a> 둘이 사겨요…?? 아니 진짜로???",2,2024-08-12T07:15:23Z
@user-jm3ig1lk8r,생선님 사랑해요❤<br>늘ᆢ그자리에 든든히<br>지켜주셔서 감사해요❤,1,2024-08-12T05:56:30Z
@귀여운아기사장TV,승제쌤 숙제: 요즘 밈 알아오기😊,0,2024-08-12T05:22:30Z
@BosintangWolf-TV1234,"<a href=""https://www.youtube.com/watch?v=HyhhnR_LPVg&amp;t=104"">1:44</a><br>빡규ㅋㅋㅋㅋ<br>마라맛이다ㄷㄷㄷ",4,2024-08-12T05:19:38Z
@Tsaqgjom,조합 굿❤,0,2024-08-12T04:19:45Z
@user-is5yz1vx3w,티처스는 안보고 디져스만 봄ㅋㅋㅋㅋ,0,2024-08-12T02:49:16Z
@Hyun116,승제쌤 맞춤 릴스 제작 해주세요ㅋㅋㅋ,0,2024-08-12T02:45:29Z
@35mk.,ㅋㅋㅋㅋㅋㅋㅋㅋㅋ 셋다 수능쪽인데도 원래 재밌는 사람이라 그런지 예능에서도 이질감이 전혀없네,6,2024-08-12T01:59:07Z
@조동하,"<a href=""https://www.youtube.com/watch?v=HyhhnR_LPVg&amp;t=589"">9:49</a> 진짜 열심히 사시네요…………(ㅎㅎ)",2,2024-08-12T01:15:11Z
@루돌프-s9l,상처 받은 감자래 ㅋㅋㅋ,0,2024-08-12T00:27:05Z
@Yunnnggg.5,ㅋㅋㅋㅋ 재밌긴 해,0,2024-08-11T23:48:30Z
@불닭-c5m,아니 승제쌤은 수학말고 아는 게 없으셔...ㅜㅜ😂😂 이 정도로 수학에 미쳐야 대한민국 1등 찍나보다,0,2024-08-11T17:33:52Z
@user-wh5hr5ce5p,미누는 얼굴가리것도 감자로 ㅋㅋㅋ 역시 통감자 ㅋㅋ,0,2024-08-11T17:07:35Z
@user-hk2jj4bv8e,"<a href=""https://www.youtube.com/watch?v=HyhhnR_LPVg&amp;t=92"">1:32</a> 아니 요즘 브라질리언들이 해킹 ㅈㄴ함 내 친구도 비시우스들한테도 해킹당함 ㅅㅂ",6,2024-08-11T15:32:29Z
@jjyu16,승제쌤 너무 귀여우심ㅠㅠㅠㅋ,1,2024-08-11T15:18:32Z
@user-sx1kq6zj5o,미3누 티처스 섭외한거 제작진이 젤루 잘 한 일이에요.<br>시대를 잘 따라가는 미3누 최고에요,22,2024-08-11T13:51:55Z
@user-yp5gz6dl4j,디져스 많이 내주세요ㅋㅋㅋㅋㅋ  하나의 예능 같아요ㅋㅋㅋㅋㅋㅋㅋ,0,2024-08-11T13:19:45Z
@gonie143,"<a href=""https://www.youtube.com/watch?v=HyhhnR_LPVg&amp;t=334"">5:34</a> ㅋㅋㄱㄱㅋㅋㅋㅋㅋㅋㅋㄱㄱ생선님 스키즈 칙칙붐 챌린지 가즈아",0,2024-08-11T13:14:01Z
@이름-u5n,승제쌤 아무것도 모르시는거 너무 귀여우시다 ㅋㅋㅋㅋㅋ😊,0,2024-08-11T13:02:35Z
@wj8514,"수학과 음악만 바라보는 남자, 정승제.",1,2024-08-11T12:39:38Z
@user-km3oe7hy9d,"<a href=""https://www.youtube.com/watch?v=HyhhnR_LPVg&amp;t=211"">3:31</a>",0,2024-08-11T12:22:15Z
@user-pw6kd6xp8u,여기서 배댓되면 이 댓글 읽어주시겠지?,0,2024-08-11T11:58:10Z
@user-nf5wl9zy4o,공계????,1,2024-08-11T10:55:18Z
@user-gd8in1vs5k,미미미누 그만 잘생겨보여 진짜 경고야,7,2024-08-11T10:35:17Z
@maofyfyrwkqlqnmm,개웃기네ㅜㅜㅜㅜㅜ,1,2024-08-11T10:27:00Z
@SUGARSONG-BITTERSTEP,진짜재밌다,1,2024-08-11T10:07:43Z
@user-fp7um3ry1p,아.. 정말..<br>티라미수 넘 조아햐서.. 인스타 그램 팔로우 까지는 완성했다...!<br><br>당췌 친구 태그와 공지 릴스는 어딧느냔 말이에요..ㅠㅠㅋ,0,2024-08-11T09:38:03Z
@user-qm2lk3cl1v,앙탈 정승제쌤 귀여웡,0,2024-08-11T09:35:46Z
@user-userskdjfj,"<a href=""https://www.youtube.com/watch?v=HyhhnR_LPVg&amp;t=351"">5:51</a> ㅅㅂ 편집보고 ㅈㄴ 웃었네 ㅋㄱㅋㅅㅋㄱㅋㄱㅋㄱㅋ 하 ㅜㅜㅜㅋㅋㅋㅋㅋㅋ",9,2024-08-11T08:58:54Z
@user-vh4we8zf8s,셋이 왜이리 재밌냐 ㅋㅋㅋㅋㅋㅋㅋㅋㅋㅌㅌㅋㅋㅋㅋ,0,2024-08-11T08:51:06Z
@서쁘,승제쌤 왜이렇게 귀여우세요ㅋㅋ 아 진짜 개웃기네,2,2024-08-11T08:12:42Z
@user-kwlpjsy,편집 정성 미쳤네ㅋㅋㅋ,1,2024-08-11T07:44:29Z
@user-im9po4sc2w,재밌어요ㅋㅋㅋㅋ이조합 너무 좋네요 ㅎㅎㅎㅎㅎ,0,2024-08-11T07:37:44Z
@박민호-n3k,승제쌤 너무 귀엽노,1,2024-08-11T07:21:21Z
@user-ur9df9yr6c,ㅏ 진짜 너무 재밋는데? 쌤들 사랑해요 진짜 완전 좋아해요❤❤❤❤❤❤❤❤❤❤❤❤❤❤❤❤❤❤❤❤❤❤❤❤❤,1,2024-08-11T06:42:45Z
@user-cs7wz3sp5n,자막 ㅁㅊ 내공냠냠 ㅋㅌㅋㅋㅋ,0,2024-08-11T06:33:53Z
@user-qc7gf2pf7x,미미미누 있으니깐 분위기 확산다 ㅋㅋㅋㅋㅋ  톰과 제리 에서  제리 같아요,0,2024-08-11T05:45:32Z
@lc_fjwkdnw7291,그렇다 해킹범은 승재쌤의 반응을 보고 싶어했다는 것이였다.,2,2024-08-11T05:33:19Z
@user-ex2dj6vo5x,3화가자 ~~~~~~~~,0,2024-08-11T05:30:50Z
@user-ex2dj6vo5x,"<a href=""https://www.youtube.com/watch?v=HyhhnR_LPVg&amp;t=335"">5:35</a> ㅋㅋㅋㅋ 스키즈가 왜나와",0,2024-08-11T05:24:32Z
@user-ex2dj6vo5x,"<a href=""https://www.youtube.com/watch?v=HyhhnR_LPVg&amp;t=275"">4:35</a> ㅋㅋㅋㅋㅋㅋㅋㅋㅋㅋㅋㅋㅋㅋㅋㅋㅋ승재쌤 정식쌤표정 ㅋㅋ",15,2024-08-11T05:23:05Z
@user-ex2dj6vo5x,"<a href=""https://www.youtube.com/watch?v=HyhhnR_LPVg&amp;t=205"">3:25</a> 방금까지 그이야기 했는뎈ㅋㅋㅋㅋ",13,2024-08-11T05:20:39Z
@user-ex2dj6vo5x,"<a href=""https://www.youtube.com/watch?v=HyhhnR_LPVg&amp;t=173"">2:53</a> ㅋㅋㅋㅋㅋㅋㅋ미치겟다",1,2024-08-11T05:19:08Z
@user-ls1lw6rq2s,정승제 T 재밌네 ㅋㅋㅋㅋㅋㅋ,2,2024-08-11T05:07:07Z
@user-dw6mn7iu4y,정승제 조정식 삐끼삐끼 기원 1일차,0,2024-08-11T05:04:28Z
@Kkstudying,승제쌤 이해하실때만 눈 커지고 모를땐 멍하신거 커여우셔요😂,20,2024-08-11T04:30:40Z
@soletsgoseethestars_,"뭔가 셋 다 묘하게 다른 감자상이네 🥔 드립 이해 못하는 귀여운 감자, 단호하지만 즐거운 감자, 삐걱대는 억울하게 생긴 감자",0,2024-08-11T04:28:22Z
@CO-2-06,고3 생활 최고의 도파민 ㅋㅋ,0,2024-08-11T04:08:35Z
@__yeji77,미미미누는 삐기삐끼 추는데  두선생님은  이해가 안되고있음,0,2024-08-11T04:02:48Z
@zkskd,부검이 시체 사인 밝히는 건데 공식채널에서 이런 용어를 여기에 쓰네….,0,2024-08-11T03:31:04Z
@user-yl4zg6pe6m,와😂진심 이 조합 개잼있음 ㅋㅋㅋㅋ,0,2024-08-11T03:22:18Z
@richitalyvv,나도출연자자나 ㅋㅋㅋㅋㅋㅋㅋㅋㅋㅋㅋㅋ,5,2024-08-11T02:56:38Z
@user-fc9co4om6b,미미미누 개잘생는디..웃는 모습도 미쳤다 진짜🫶🏻,0,2024-08-11T02:52:54Z
@jama4246,저 옛날에 니삼무쌤이랑 정식쌤이랑 같은사람인줄 알았어요😢,0,2024-08-11T02:50:16Z
@what_see18,이거 진심 편집 누가하냐ㅋㅋㅋㅋㅋㅋㅋㅋㅋㅋㅋㅋㅋㅋㅋㅋㅋㅋㅋㅋㅋ ㅈㄴ웃기네,2,2024-08-11T01:44:37Z
@nctismine_127,"<a href=""https://www.youtube.com/watch?v=HyhhnR_LPVg&amp;t=275"">4:35</a> 미미미누 춤 개잘추는데 뭐지..",0,2024-08-11T01:43:53Z
@user-ht1ip6qn3b,정식쌤 빡큐 쓰실 때 엄청 당당하고 시크하세욤,1,2024-08-11T01:32:51Z
@emptympty,아니 티처스 진짜 ㅈㄴ재밋음 셋 케미가 개개개재밌고 제작진분들도 MZ인건지 편집이나 기획도 너무웃김,11,2024-08-11T01:31:45Z
@핸드폰중독자,오늘따라 승제쌤 잘생겨보임😢,3,2024-08-11T01:25:13Z
@핸드폰중독자,승제쌤 이해 못하는거 개웃기네 ㅋㅋㅋㅋㅋㅋ,6,2024-08-11T01:24:21Z
@핸드폰중독자,냅다 미미미누 춤추는거 개웃기네 ㅋㅋㅋㅋㅋㅋ,1,2024-08-11T01:23:03Z
@baboyanolza,"<a href=""https://www.youtube.com/watch?v=lRaHI5eM5xY"">https://youtu.be/lRaHI5eM5xY?si=dSFFZ6QrUKwjdKrM</a>",0,2024-08-11T01:15:02Z
@19금채널드루와-d8b,정식쌤이랑 미미미누 진짜 케미가<br>환상적이네요 근데 더환상적인게 있는데<br><br>여기 채널 올려둔거 대박인거많음,1054,2024-08-11T00:51:29Z
@user-gx8ly2gx7w,참칭 목사 사기꾼 간첩 최재영은 어느 신학교 졸업했는지 어느 교단 소속인지 어떤 교회에서 목사 안수 받았는지 밝혀라!,0,2024-08-11T00:34:34Z
@user-gx8ly2gx7w,제2의 이준석 반윤 좌동훈! 한 번 배신한 인간말종은 또 배신한다! 사람은 고쳐 쓸 수 없다!,0,2024-08-11T00:34:20Z
@TV-gz8sy,정식쌤 그럼 결혼이 아닌 연애는 어떠신지,1,2024-08-11T00:26:56Z
@_ori0613,3화 얼른 와주세요오~!!,2,2024-08-11T00:18:18Z
@user-ni7io6jj3f,"<a href=""https://www.youtube.com/watch?v=HyhhnR_LPVg&amp;t=665"">11:05</a> 감금정식 ㄷㄷ",1,2024-08-11T00:17:56Z
@pjwitp,댓글읽기 장기컨텐츠 기원.,0,2024-08-11T00:14:30Z
@user-nh2eo9ti4m,미미미누 미쳤네 진짜ㅋㅋㅋㅋㅋㅋㅋㅋㅋㅋㅋ 요즘 엄청 잘나가는데 그럴만하다 ㅈㄴ귀여움,2,2024-08-10T23:51:39Z
@Who_0106,정식쌤 손 이쁘시네ㅋㅋㅋ,0,2024-08-10T23:51:17Z
@HANHODOO,조정식쌤♡,0,2024-08-10T23:48:19Z
@jyococo7546,ㅋㅋㅋㅋㅋ 세명같이나올때마다 겁나 웃기네,0,2024-08-10T23:32:17Z
@user-hz8tf9ee1i,ㄹㅇ 티처스 관계자분들 다 엠지들만 계신가 ㅋㅋㅋㅋㅋㅋㅋㅋㅋㅋㅋㅋ,1,2024-08-10T23:05:21Z
@swim4412,수강생들의 마음을 이해해버린 승제쌤..,0,2024-08-10T23:00:22Z
@yeuni_,다 너무 귀여우세요 진짜 ❤️,3,2024-08-10T21:43:57Z
@phhbkko,재미ㅅ당,0,2024-08-10T21:29:30Z
@sinimariakim5021,승제쌤 될수 있는한 입 다무세요....무서운 아이돌이예요....ㅋㅋㅋ,0,2024-08-10T20:46:38Z
@user-hq4mj6tw5g,3화 내놔요 당장.,0,2024-08-10T19:59:02Z
@user-hq4mj6tw5g,인스타 이번에 떡상한 이유는 정식티 승제티 미3누도 있지만 뛰어난 제작진들이 ai로 춤 올려줘서임,1,2024-08-10T19:54:06Z
@깅-z8i,진짜 개웃기네ㅋㅋㅋㅋㅋㅋㅋㅋㅋㅋㅋㅋㅋㅋㅋ세분 조합 너무 웃겨요,0,2024-08-10T19:49:21Z
@siunaldo,틱톡이 세계를 망쳐놨다,0,2024-08-10T19:20:55Z
@user-mx3yp2fp5d,"조정식,미미미누 둘다 양끼 있는 얼굴처럼 안보여요😢",0,2024-08-10T19:16:55Z
@user-xq2cc6zi2y,계정관리를 어떻게 하길래 해킹을 당하는건지.. 계정관리자 보안에 대한 감각이 아예 없는 것 같아요 공부좀 하시면 좋을 것 같네요,0,2024-08-10T18:30:21Z
@지워니-v4r,승제쌤<br>조정식vs조정석,0,2024-08-10T18:23:25Z
@지워니-v4r,승제쌤 언젠가 이 댓글 읽으면 개추~~~~~~~*~*~*~*,0,2024-08-10T18:20:37Z
@지워니-v4r,🎉정승제 승제 제 제승 제승정🎉<br>🎉조정식 정식 식 식정 식정조🎉<br>🎉미미미누 미미누 미누 누 누미 누미미 누미미미🎉,0,2024-08-10T18:19:59Z
@user-sn5pk1zg8b,승제쌤 생각보다 상처받고 주는말 잘못하시네 순두부남이셨군요,1,2024-08-10T18:00:01Z
@user-mi2jz6yt1w,녹화 들어간다고 하니 승제쌤  이제 이해 안해도 돼서 혼자 가자고 하시는 거 개웃기넼ㅋㅋㅋㅋㅋ,2,2024-08-10T17:57:01Z
@spoemsjh0229,이거 10화까지 내라 존나 재밌다 ㅋㅋㅋㅋㅋㅋㅋㅋ,1,2024-08-10T17:53:39Z
@user-ie8lu8xw9o,디져스가 티처스보다 재밌어요,0,2024-08-10T17:45:05Z
@user-pl5bs3ic5q,"ㅋㅋㅋㅋㅋㅋㅋ 시즌2 돼서 폼 더 올라온 티쳐스,, 확실히 제작진들 트렌드 잘 읽고 사람들 재밌어하는 게 뭔지 아는 느낌이다 ㅎㅎ 디져스 많이 풀어주세요 재밌어요~!!",8,2024-08-10T17:40:23Z
@pingping6360,재밌어,0,2024-08-10T17:37:27Z
@user-il1eb4el5h,"<a href=""https://www.youtube.com/watch?v=HyhhnR_LPVg&amp;t=140"">2:20</a> 여기부터 너무 귀여우시다 진짜 어떻게 이런 생선님이 다있지...",40,2024-08-10T17:27:10Z
@jho0725,아 진짜 개웃기다,1,2024-08-10T17:26:36Z
@user-uq6ce9ko9c,3명 케미 왜케 재밌냐 ㅋㅋㅋ,1,2024-08-10T17:21:53Z
@user-wh3ob1ug8v,내공냠냠ㅋㅋㅋㅋㅋ,0,2024-08-10T17:09:30Z
@user-zl4ln2sb2f,채널A는  청탁 명품백사건  담당자 김국장검사<br>양심에찔려   자택에서  어제 자살했는데  왜! 보도를 전혀안하나요??<br>완전쓰레기 공산주의  채널A 맞네요! !,1,2024-08-10T17:05:30Z
@Difficultcivillaw,부검하라.,2,2024-08-10T17:02:05Z
@lenakang4022,아…저번에도 개웃겼는데…이게 더 웃김ㅋㅋㅋㅋㅋ,0,2024-08-10T16:40:20Z
@twozysu,3화 나올때까지 숨참음,0,2024-08-10T16:37:29Z
@Scoup_ball.bangbang,"<a href=""https://www.youtube.com/watch?v=HyhhnR_LPVg&amp;t=280"">4:40</a> 갑자기 노래트는 제작진 그걸 또 받아 현타없이 삐끼삐끼추는 얼굴에서 물음표와 경악이 함께 보이는 쌤들 자막에 와이라노까지 다 완벽하게 개 웃김",0,2024-08-10T16:29:54Z
@user-ii5ge1to9l,우리 민우형 그냥 하차하자...,0,2024-08-10T16:29:46Z
@AlwaysOne123,10분 순삭ㅋㅋㅋㅋ티쳐스보다 압도적으로 재밌음ㅋㅋㅋㅋ,1,2024-08-10T16:27:25Z
@cloud_skgarl,이거 그건가 대통령 후보 토론,0,2024-08-10T16:18:54Z
@cheolaaa,"조정식 진짜 서윗감자잔아,,,,",0,2024-08-10T16:11:34Z
@user-lb2ub2sl5d,10만 가면 ㄹㅈㄷ,0,2024-08-10T16:09:37Z
@user-hy9zg2mn4v,정식쌤 이정도면 일부러 그러시것같다…ㅋㅋ,0,2024-08-10T16:04:36Z
@user-hp8hx2kj1k,디져스 사랑합니다ㅋㅋㅋㅋㅋㅋㅋㅋㅋㅋ개웃겨요ㅋㅋㅋㅋㅋㅋㅋㅋㅋㅋ,0,2024-08-10T15:55:36Z
@몽쉘통통의고양이,디져스 미쳤나 ㅋㅋㅋㅋㅋㅋㅋㅋㅋㅋㅋ,0,2024-08-10T15:55:08Z
@ryngsuh,"<a href=""https://www.youtube.com/watch?v=HyhhnR_LPVg&amp;t=358"">5:58</a> 박박웃김ㅋㅋㅋㅋㅋㅋㅋㅋㅋㅋㅋㅋㅋㅋㅋㅋㅋㅋㅋㅋㅋㅋㅋㅋㅋㅋㅋㅋ",2,2024-08-10T15:25:59Z
@모두모아ö,ㅋㅋㅋㅋㅋㅋㅋㅋㅋ 챌린지마다 선생님들ai로 춤추는거 ㅋㅋㅋㅋㅋㅋㅋ,0,2024-08-10T15:25:56Z
@user-tm5go4ez5i,ㅋㅋㅋ 승제쌤 잼나요!!ㅎㅎ,0,2024-08-10T15:14:50Z
@hanseohui543,"<a href=""https://www.youtube.com/watch?v=HyhhnR_LPVg&amp;t=572"">9:32</a>  진짜 너무 똑같음ㅋㅋㅋㅋㅋ",0,2024-08-10T15:13:18Z
@user-gs5tz8ht1v,미3누 안절부절ㅋㅋㅋㅋㅋ진짜 감자 그 잡채,0,2024-08-10T15:13:16Z
@strawberry__chu,승제F 정식T 500나가는거 너무 행복해하신닼ㅋㅋㅋㅋㅋㅋㅋㅋㅋㅋ ㄱㅇㅇ,0,2024-08-10T15:07:08Z
@hanseohui543,"<a href=""https://www.youtube.com/watch?v=HyhhnR_LPVg&amp;t=10"">0:10</a>  아니 감잨ㅋㅋㅋ",114,2024-08-10T15:04:42Z
@user-du2cq6pj2p,아 더 길게 만들어 주세요....30분짜리로 ㅠ,14,2024-08-10T14:57:10Z
@user-cj8vm7ky5w,다들 우리 승제쌤 귀여운거 봤죠?,1,2024-08-10T14:52:51Z
@user-vg5pg6zg7t,미미미누 잘생기고 셐스있고 선도 잘 지키면서 재밌어요 제일 좋아툐,0,2024-08-10T14:49:43Z
@user-hd4vf3di8h,개인적으로 미미미누는 억텐융화 느낌이 있어서 불편함<br>그냥 승제쌤 정식쌤 두 분 케미가 제일 편하고 재밌음,1,2024-08-10T14:49:14Z
@leakim_kai3008,"<a href=""https://www.youtube.com/watch?v=HyhhnR_LPVg&amp;t=508"">8:28</a> 이때 왜 기여우지",1,2024-08-10T14:47:06Z
@saegaseol,아니 이렇게 간지러운 데 긁어주는 유튜브 처음이야ㅋㅋㅋ,1,2024-08-10T14:40:33Z
@jihongkim81,두분 다 1타시긴해 0타는 따로 있긴하지만,0,2024-08-10T14:39:21Z
@heeeeduru,이명학 들었잖아 ㅗ 뭔데 ㅋㅋ,0,2024-08-10T14:35:17Z
@zxsoo,"<a href=""https://www.youtube.com/watch?v=HyhhnR_LPVg&amp;t=59"">0:59</a> 와 욕하는 거 봐라…",1,2024-08-10T14:35:17Z
@dotorii_,미삼누 냅다 삐끼삐끼 갈기는 거 ㅈㄴ웃기내 ㅜㅜㅋㅋㅋㅋㅋㅋㅋㅋㅋㅋ,0,2024-08-10T14:29:36Z
@user-tb8tk6fx8l,승제쌤 저머리 훨~~~이뻐요.<br>담번엔 저머리 해주세여,0,2024-08-10T14:28:36Z
@user-fw8ft7kg5n,"강아지와 고양이, 그 사이에 감자.",0,2024-08-10T14:26:32Z
@user-tb8tk6fx8l,승제쌤 귀여워~~나 저런 느낌 완전조아.<br>수학밖에 모르는 순진함!!!,0,2024-08-10T14:24:15Z
@user-ov8xt3eg4b,승제쌤 ㄹㅇ 살빠진거같아,2,2024-08-10T14:23:40Z
@user-tb8tk6fx8l,승제쌤 너무 조아♡♡♡♡♡,1,2024-08-10T14:18:18Z
@user-co2se9pp1u,디저스가 티처스보다 훨씬 재밌는데,0,2024-08-10T14:15:17Z
@good-citizenship,셋이 케미 뒤지네 ㅋㅋㅋㅋ,0,2024-08-10T14:11:30Z
@동자승,"<a href=""https://www.youtube.com/watch?v=HyhhnR_LPVg&amp;t=665"">11:05</a> 교수감금 언급",2,2024-08-10T14:10:27Z
@good-citizenship,ㅋㅋㅋ정승제가 제일 웃겨,1,2024-08-10T14:07:03Z
@user-cd9by2kh5e,학생도 아니고 30대인데 최정상 강사님들의 진심과 또 캐미가 너무 좋아서 자꾸 보게 되네요 ❤❤,0,2024-08-10T14:06:04Z
@user-sv3ms9ff2e,"50대,10대,30대 이렇게 토크쇼 하는거 같닼ㅋㅋ",1,2024-08-10T14:04:43Z
@아토-x6r,아니ㅠㅠㅠ<br>진짜 너무 웃기다... 아니 엽떡 맵기가 미3누 기준로 차이가 너무 커...ㅠㅠㅠㅋㅋ 꼭 미3누 노래부르는거 봤으면...,0,2024-08-10T14:03:03Z
@Rinny_asmr,"전 여기서 터졌습니다 ㅋㅋㅋㅋ😂  <a href=""https://www.youtube.com/watch?v=HyhhnR_LPVg&amp;t=418"">6:58</a>",3,2024-08-10T14:02:12Z
@midori_n,디져스 ㅋㅋㅋㅋㅋㅋㅋㅋㅋㅋㅋㅋㅋㅋㅋㅋㅋㅋㅋㅋㅋㅋㅋㅋㅋㅋㅋㅋㅋㅋㅋㅋ 개웃ㄱ네 잔짜,0,2024-08-10T13:59:12Z
@AliceinVirginia,2차 인증을.. 안 하시나봐요 😂😂😂,0,2024-08-10T13:56:42Z
@sn.xeo0,와 지금 5만명,0,2024-08-10T13:56:23Z
@user-rk7yq8rc4s,이거 해킹은 조정식이 티라미수케익 1000개 쏘기 싫어서 해킹했다는 것이 학계의 정설,1,2024-08-10T13:54:15Z
@user-fiveletters,정식T가 생각보다 인터넷밈이나 흐름같은거 잘읽네 ㅋㅋ,0,2024-08-10T13:51:28Z
@흐음-i3u,컨텐츠 ㅈㄴ 재밌네,0,2024-08-10T13:50:28Z
@clumsyj6350,이정도로 니즈를 잘 파악한다고?? 제작진들 대단한데,0,2024-08-10T13:47:04Z
@Heheheheheheh_,벌써 재밋다 ㅋ ㅋ ㅋ ㅋㅋㅋㅋ,0,2024-08-10T13:40:21Z
@ansson12,승제쌤 너무 너무너무너무너무<br>너무너무너무너무너무귀엽자나여 ㅠㅠ큐티승제❤<br>혼자 못알아듣는거 징짜 너뮤 기여워요 ❤❤<br>이컨텐츠 많이 있었으면 합니당 ㅠㅠㅠ,11,2024-08-10T13:36:45Z
@명재현사랑해,인스타 보고 왔으면 개추 ㅋㅋㅋ,0,2024-08-10T13:35:59Z
@user-hg7hw8nx5t,아 진짜 너무웃기넼ㅋ쿠쿸쿠ㅜ,0,2024-08-10T13:34:08Z
@user-mw8rp6qb2v,정식쌤이 양끼 미미미누님이 더 순하게 생겼어요 ㅎㅎ,1,2024-08-10T13:32:54Z
@user-dj1yh5gd1q,"<a href=""https://www.youtube.com/watch?v=HyhhnR_LPVg&amp;t=60"">1:00</a> 그래도 공식계정에서 심한 비속어는 모자이크처리해야하지 않나요..?",0,2024-08-10T13:29:57Z
@Battleshorts-nj2mq,정식t한테 500이면 껌값이네,0,2024-08-10T13:29:10Z
@user-rz7oj4gr6f,다음은 빡갤들어가나,0,2024-08-10T13:25:57Z
@user-du8fx2zf1n,"<a href=""https://www.youtube.com/watch?v=HyhhnR_LPVg&amp;t=332"">5:32</a> 결혼빼고 ㅋㅋㅋㅋㅋㅋㅋ 생선님 빨리 장가가셔야죠 ㅋㅋㅋㅋㅋ",1,2024-08-10T13:25:43Z
@user-du8fx2zf1n,"<a href=""https://www.youtube.com/watch?v=HyhhnR_LPVg&amp;t=294"">4:54</a> 상처받은 감자 누가 편집했냐 ㅋㅋㅋ 뿜을뻔",33,2024-08-10T13:24:07Z
@AutumnSky26,딴 영상은 몇천회~몇만회정도 나오는데 디져스만 기가막히게 5시간만에 14만회 ㅋㅋㅋㅋㅋㅋ,0,2024-08-10T13:23:50Z
@user-du8fx2zf1n,"<a href=""https://www.youtube.com/watch?v=HyhhnR_LPVg&amp;t=273"">4:33</a> 미3누 졸라 웃기다 자동반사 ㅋㅋㅋㅋㅋㅋ",0,2024-08-10T13:23:26Z
@sibal_Samsunglions2011,"아빠랑 아들과 철 없는 삼촌 같음,,울아빠도 내가 하는 말 못 알아먹어서 하나하나 세세하게 설명햐줘야 하는데 승제쌤에게서 울아빠 향기가 난다",0,2024-08-10T13:22:54Z
@hutaofavorate,와 인트로에서 이명학 나오는 순간 개꿀잼 예상했다 ㅋㅋㅋㅋ,0,2024-08-10T13:22:33Z
@user-lx2ms5fd3k,"<a href=""https://www.youtube.com/watch?v=HyhhnR_LPVg&amp;t=60"">1:00</a> 아니ㅋㅋ 대화내용 공개 해도 되는 수위임? ㅋㅋ",1,2024-08-10T13:18:44Z
@user-du8fx2zf1n,"<a href=""https://www.youtube.com/watch?v=HyhhnR_LPVg&amp;t=103"">1:43</a> 정식쌤 티처스에서 많이 참았구나.. ㅋㅋ 진짜 .ㅈㄴ웃기네 ㅋㅋㅋ",31,2024-08-10T13:18:34Z
@Serinp,미미미누 귀여워❤,0,2024-08-10T13:15:35Z
@Ohmy_0502,편집이 ㅅㅂ 왤케 ㅋㄹㅋㄹㅋㄹㅌㄹㅌㅈㄴ웃기네,1,2024-08-10T13:10:13Z
@skjk2713,오늘도 이명학1승 적립 ㅋㅋ,0,2024-08-10T13:08:47Z
@user-nd6rd6dy8k,티쳐스보다 더 재밌는듯 ㅋㅋㅋㅋㅋㅋㅋㅋ,0,2024-08-10T13:07:49Z
@user88533,이 조합 찬성이오,0,2024-08-10T13:00:23Z
@루루땅사랑해,정식쌤은 유쾌하셔서 너무 호감임 ㅋㅋㅋㅋㅋ,1,2024-08-10T12:57:44Z
@kttwiz,ㅋㅋㅋㅋㅋㅋㅋㅋ 조정식이 확실히 맛깔나는 댓글을 잘 뽑아 ㅋ ㅋㅋㅋㅋㅋ,0,2024-08-10T12:55:07Z
@user-uw7iq1cc4o,ㅋㅋㅋ승제쌤ㅋㅋㅋ,1,2024-08-10T12:53:29Z
@hanj_0,"<a href=""https://www.youtube.com/watch?v=HyhhnR_LPVg&amp;t=335"">5:35</a> ❤",0,2024-08-10T12:52:57Z
@user-ni7io6jj3f,"<a href=""https://www.youtube.com/watch?v=HyhhnR_LPVg&amp;t=520"">8:40</a> 개웃기네진짜 ㅋㅋㅋㅋㅋㅋㅋ",0,2024-08-10T12:51:57Z
@3-zf8fj,이제 미미미누가 전현무 자리 차지하는건가,0,2024-08-10T12:50:41Z
@ZIC_BaccHus,재미있어요,0,2024-08-10T12:47:57Z
@ye_w_1,ㅋㅋㅋㅋㅋㅋㅋ 세명에서 말하는 게 너무 웃겨요 😅😅 3탄 기대되네요 !,2,2024-08-10T12:47:54Z
@2daldragon,진짜 이건 편집이 살렸다 ㅋㅋㅋ<br>제작진이 요즘 트렌드를 너무 잘 알아 ㅋㅋㅋ,3,2024-08-10T12:47:01Z
@Yebomkim,아니 썸네일이 너무 웃기고 다글 너무 귀엽잖아요 ❤❤ 승제 쌤은 이해 못하다가 이해해서 뒷북 친 것도 그렇고 자막은 정식쌤이 생각하는 거 그대로 적었고 미3누는 냅다 챌린지 댄스 추고 대환장 파티임 ㅋㅋㅋ,2,2024-08-10T12:46:38Z
@user-th3so2xl7o,친구없어서 이벤트 참여 못하겠다...야발,1,2024-08-10T12:44:17Z
@에이-p7z,이 세명 진짜 보통 케미가 아니다 ㅋㅋㅋㅋㅋㅋ,1,2024-08-10T12:40:50Z
@야-r1l,미3누오니까 분위기 활기찬느낌?? 이해못하는 정승제랑 승제쌤 차근차근 알려주는 미미미누랑 이해못한 승제쌤이 웃긴 정식쌤까지 완벽한 케미다,0,2024-08-10T12:40:48Z
@전감자인데요,계정 찾았는데 왜 이런가했넹 휴,0,2024-08-10T12:40:12Z
@피지더마크림,미미미누는 진짜 ㅋㅋㅋㅋㅋㅋㅋㅋㅋㅋㅋㅋㅋㅋㅋㅋㅋㅋㅋㅋㅋ 영상을 한 두시간 보는 게 아니다 ㅋㅋㅋㅋㅋㅋㅋㅋㅋ,0,2024-08-10T12:38:09Z
@user-mp6hu8kz5q,진짜 개웃기네 자주 올려주세요,0,2024-08-10T12:37:45Z
@user-ps7fz4pp8d,"<a href=""https://www.youtube.com/watch?v=HyhhnR_LPVg&amp;t=688"">11:28</a> 조정식쌤 역시 패션을 아네 저 머리가 레전드인데 자꾸 다른 머리를 해요 ㅠㅠㅠㅠㅠ 제발 저ㅜ머리 박제해 정승제 생선님 ㅜㅜㅜㅜㅜㅜㅜㅜㅜㅜㅜㅜㅜㅜㅜㅜㅜ 디올왕자 말 들어요",575,2024-08-10T12:34:00Z
@2young553,정식쌤은 핵심 캐치를 정말 잘하시는군요.. 역시 독해력이👍👍,10,2024-08-10T12:33:59Z
@2young553,인강 선생님과의 이런 소통 너무 좋아요~🥺❤️❤️❤️,1,2024-08-10T12:33:29Z
@user-vb4rj3pl8y,승제쌤 너무 귀여워요ㅠㅠㅠ,2,2024-08-10T12:32:30Z
@prayofsummer,선물 하나 줄게 엿 ㅇㅈㄹ로 처웃겨,0,2024-08-10T12:31:08Z
@user-xd3fr1rr5t,아 진짜 ㅋㅋㅋㅋㅋㅋ쌤들 너모 귀여워❤️❤️❤️❤️❤️ㅋㅋㅋㅋㅋㅋㅋㅋㅋ<br>글구 미3누 가 중간에 있으니까 융화 잘되서 좋아요..! ㅋㅋㅋㅋㅋ<br>세명이서ㅠ주기적으로 컨텐츠 해줘영~ㅠ,1,2024-08-10T12:30:28Z
@SN_F4,ㅋㅋㅋㅋ이걸 4일이 지난 지금 올리면 안됩니다! 공개하고 4일 정도? 그럼 10만 쌉가능이고 승제쌤 코카인쌉가능,0,2024-08-10T12:28:45Z
@MXthunders92,나도 아직 승제생선님이 귀여우셔🥲,1,2024-08-10T12:26:15Z
@STAR-1940,세분 시너지 미뗫다ㅋㅋㅋㅋㅋㅋㅋ,0,2024-08-10T12:25:11Z
@user-hz7tc7hp6h,정승제 결혼 기원 1일차,7,2024-08-10T12:23:56Z
@user-jy4zk5yz1p,썸네일부터 미미미누 o_O 이눈인게 ㅋㅋㅋ…,0,2024-08-10T12:21:57Z
@user-mb2jl4th2q,승제쌤 갸귀여워ㅠㅠㅠㅠㅠ뉴ㅠ뉴유투ㅜ투투투ㅜ투ㅜ쿠쿠쿠ㅜ쿠누누ㅜ누누누ㅜ뉴유유류유유우,3,2024-08-10T12:07:43Z
@DDung_DDu,"<a href=""https://www.youtube.com/watch?v=HyhhnR_LPVg&amp;t=58"">0:58</a> 아니 채팅 가감없이 보여주네 ㅋㅋㅋㅋㅋㅋㅋㅋㅋ 편집자 개호감",836,2024-08-10T12:06:06Z
@user-xv9rn8hl3s,매운 거까지 다 들춰버리네ㅋㅋㅋ,0,2024-08-10T12:04:15Z
@user-fo1lv2td9g,조정식 진찌 개웃기넼ㅋㅋㅋㅋㅋㅋㅌㅋ예민할부분까지 얘기하니깐 개웃김,4,2024-08-10T12:01:28Z
@yul_x.12,"<a href=""https://www.youtube.com/watch?v=HyhhnR_LPVg&amp;t=272"">4:32</a> 겁나 웃기네 ㅋㅋㅋㅋㅋㅋ 아니 ㅋㅋㅋㅋ",1,2024-08-10T11:59:40Z
@hyobi_n0109,그래서 두분 맞팔 하셨나요ㅋㅋㅋㅋ,3,2024-08-10T11:56:59Z
@lyamlyamsyeong,셋 조합 너무 좋닼ㅋㅋㅋㅋㅋㅋ너무웃곀ㅋㅋㅋㅋㅋㅋㅋ메첸ㅋㅋㅋㅋㅋㅋㅋㅋㅋㅋㅋㅋㅋㅋㅋㅋㅋㅋㅋㅋㅋㅋㅋㅋㅋㅋㅋㅋㅋㅋ,0,2024-08-10T11:52:48Z
@esther0297,❤,0,2024-08-10T11:51:23Z
@user-fh34jnwec,"<a href=""https://www.youtube.com/watch?v=HyhhnR_LPVg&amp;t=664"">11:04</a> 조카콜라 ㅋㅋ",0,2024-08-10T11:50:10Z
@D_Hi10,"<a href=""https://www.youtube.com/watch?v=HyhhnR_LPVg&amp;t=273"">4:33</a> 조,정TS반응  졸라웃김ㅋㅋㅋㅋ 짖짠ㅋㅋㅋ",2,2024-08-10T11:47:52Z
@lyamlyamsyeong,승제쌤 못따라가는 게 너무 웃김,0,2024-08-10T11:46:13Z
@_naeuneya,승제쌤은 다항식으로 소통해야 이해하실듯 ㄷ,6,2024-08-10T11:44:35Z
@user-lr1rp7si6d,정승제쌤 조정석쌤 둘다 너무 웃겨요~~^^ 호호,2,2024-08-10T11:44:28Z
@_naeuneya,"<a href=""https://www.youtube.com/watch?v=HyhhnR_LPVg&amp;t=183"">3:03</a> 승제쌤 너무 귀여워요❤❤❤ ㅜㅜ",25,2024-08-10T11:43:04Z
@user-fh34jnwec,재밌긴하네 ㅋㅋ,1,2024-08-10T11:42:39Z
@Mingrain3,디져스 EP.3 나올 때 까지 숨참음😤,0,2024-08-10T11:42:39Z
@haeun_park.08,승제F 너무 귀여우시당💖,1,2024-08-10T11:36:52Z
@harine0909,빡갤 ㄱㄱ,0,2024-08-10T11:29:07Z
@ssuvn,아 개재밌네 ㄹㅇㅋㅋ,0,2024-08-10T11:28:25Z
@PEACH_0000,감자 ㅎㅇ,0,2024-08-10T11:26:05Z
@뚜밥이,이순신장군 보다 이명박을 존경한다는 윤석열 지지하는 미미미누.  증거는 피식대학에,1,2024-08-10T11:25:57Z
@user-ly8qs9er3r,너무재밌슴니다,2,2024-08-10T11:25:05Z
@user-if3xm9gf2p,"<a href=""https://www.youtube.com/watch?v=HyhhnR_LPVg&amp;t=552"">9:12</a> 내공냠냠ㅋㅎㅋㅎ",10,2024-08-10T11:23:58Z
@user-bv8yk5bf1u,아 진짜 정승제쌤 귀여우셩ㅋㅋ,2,2024-08-10T11:21:19Z
@user-nr5wi6ri5u,아 ㅅㅂ 진짜 너무 웃기넼ㅋㅋㅋㅋㄱㅋㄱㅋㄱㅋㄱㅋㄱㅋ,0,2024-08-10T11:20:03Z
@emilyji4917,기어가는 승제 F 위에 뛰는 정식 T 그리고 그 사이에 낀 미3누 ㅋㅋㅋㅋㅋㅋㅋㅋㅋㅋㅋㅋㅋㅋㅋㅋㅋㅋ 진짜 이 조합 너무 좋아 평생 해줘요 ㅋㅋㅋㅋㅋㅋㅋㅋㅋ 3화까지 숨 참음,1,2024-08-10T11:19:59Z
@ksy-df2it,이야 이제 정승제쌤 챌린지 가나요? 기대됩니다.,2,2024-08-10T11:16:55Z
@DonaldJohnTrump0614,"<a href=""https://www.youtube.com/watch?v=HyhhnR_LPVg&amp;t=59"">0:59</a> &#39;ㅈ됐다&#39; ㅋㅋㅋ",0,2024-08-10T11:16:26Z
@user-nr5wi6ri5u,진짜 찐 조정식이 치고 정승제가 못받는게 진짜 ㅈㄴ 웃김ㅋㄱㅋㄱㅋㄱㅋㄱㅋㄱㅋㄱㅋㄱㅋㄱㄱㅋㄱㅋ아 웃기네 ㄹㄹ,0,2024-08-10T11:14:59Z
@user-iu4fe4do9l,"<a href=""https://www.youtube.com/watch?v=HyhhnR_LPVg&amp;t=59"">0:59</a> ㅇㄴ 누가 공식계정에서 욕이 담긴 카톡내용을 모자이크도 없이 까냐고요,,,ㅋ쿠ㅜ쿠ㅜ큐",0,2024-08-10T11:14:58Z
@user-ce4lz4jj1d,"<a href=""https://www.youtube.com/watch?v=HyhhnR_LPVg&amp;t=171"">2:51</a> 이제 이해하셨다닠ㅋㄱㅋ",0,2024-08-10T11:14:52Z
@M_C-ur7cj,10초에 조회수 1000 ㄷㄷ,0,2024-08-10T11:12:37Z
@spring6922,"<a href=""https://www.youtube.com/watch?v=HyhhnR_LPVg&amp;t=622"">10:22</a> 나르시시즘 ㅋㅋ 그래도 애들 가르치는 공계인데 단어는 정확하게 ㅋㅋ",1,2024-08-10T11:09:08Z
@user-nb9qy1jo5t,티라미수 ㄱㅇㄷ,1,2024-08-10T11:03:41Z
@baseballedison01,"<a href=""https://www.youtube.com/watch?v=HyhhnR_LPVg&amp;t=276"">4:36</a> 미누형 내 눈 ㅜㅜ 손해배상 ㅜㅜ",3,2024-08-10T11:02:58Z
@spring6922,미미미누가 학생들 스터디 매니져하면 좋겠어요,1,2024-08-10T11:02:56Z
@user-df5qs6go9s,"<a href=""https://www.youtube.com/watch?v=HyhhnR_LPVg&amp;t=548"">9:08</a> 승제쌤 ㅋㅋㅋㅋ ㄱㅇㅇ",36,2024-08-10T11:02:06Z
@dol12354,승제쌤귀여워요🫶,0,2024-08-10T11:01:03Z
@user-xd4qf6go6j,"<a href=""https://www.youtube.com/watch?v=HyhhnR_LPVg&amp;t=520"">8:40</a> 다들 보러오신거 빠르게 보시죠 ㅋㅋ",126,2024-08-10T10:59:52Z
@윤지희-o9y,승재쌤 너무 귀엽다 ㅋㅋㅋㅋㅋㅋㅋㅋㅋㅋ나도 알려줘~~~,1,2024-08-10T10:58:28Z
@user-jd9qn3xi8u,"아니근데 미미미누 진짜 생선님 개똑같은데 ㅋㅋㅋㅋㅋ 들은사람들은 다 공감해,,",2,2024-08-10T10:57:11Z
@user-kb3eb5mb4o,승제쎔 너무 귀여움 ㅠㅠㅠㅠㅠㅋㅋㅋㅋ,2,2024-08-10T10:52:10Z
@user-rh9fv3tb3q,아니 진짜 승제쌤 귀여워 죽겠다,1,2024-08-10T10:51:30Z
@user-ju2hy4jc5y,승제쌤이 사주는 람보르기니 타려고 운전면허증 땄어요,4,2024-08-10T10:45:38Z
@user-ju2hy4jc5y,미미미누 왜캐 잘생김 요즘 리즈찍는듯 폼미 ㄷㄷ,3,2024-08-10T10:44:36Z
@user-ii9cr1wb5c,밈 제일 잘아는 미미미누 정식쌤이랑 5분 뒤에 이해하는 승재쌤 조합이 너무 웃김ㅋㅋㅋㅋ,71,2024-08-10T10:40:53Z
@bsigk,ㄹㅇ 갑자기 터처스 검색하는데 안나와서 당황,0,2024-08-10T10:40:53Z
@user-ix1uh1do4n,편집이 ㅈㄴ웃기냌ㅋㅋㅋㅋㅋㅋㅋㅋㅋ,1,2024-08-10T10:38:11Z
@user-ii9cr1wb5c,디져스 3화 나올때까지 숨참음,2,2024-08-10T10:37:27Z
@z1n1z1n1d1o,ㅋㅋㅋ겁나 재밌네요 공부안하고 이것만 보고싶어요 ㅋㅋㅋㅋㅋㅋㅋㅋㅋ,1,2024-08-10T10:37:05Z
@ddd-kh1fr,김민우 1995 조정식 1982 정승제 1976 <br>나이 분포도 지리네,0,2024-08-10T10:35:51Z
@mfdhbcdasvh,승재쌤 캐리하네 ㅋㅋㅋㅋㅋㅋㅋㅋㅋㅋㅋㅋㅋㅋㅋ,1,2024-08-10T10:33:13Z
@kimsang971,정식쌤 지금 디져스 3화 찍고있으면 삐끼삐끼 춰주세용,3,2024-08-10T10:32:19Z
@nakng17,비하인드가 더 웃겨 ㅋㅋㅋㅋㅋㅋㅋㅋ,0,2024-08-10T10:29:15Z
@mega_kmc5,다음에는 한석원 갤러리도 꼭 놀러와주세요❤,0,2024-08-10T10:25:15Z
@chung_seungje_cuteeee,아빠 괜찮아요ㅎㅎ 나도 아빠 닮아서 밈 같은 거 잘 몰라요..,1,2024-08-10T10:22:23Z
@kkamjja,"<a href=""https://www.youtube.com/watch?v=HyhhnR_LPVg&amp;t=335"">5:35</a> 내가 살다살다 승제F께서 칙칙붐 추는 걸 보다니.... 세상 참 좋아졌네요...",133,2024-08-10T10:21:22Z
@uiobw,다음엔 틱톡으로 가시죠 ㅋㅋ,0,2024-08-10T10:20:33Z
@sdurmeianm,ㅋㅋㅋㅋㅋㅋ이번 것도 ㅈㄴ웃기넼ㅋㅋㅋ,0,2024-08-10T10:18:51Z
@실버키트,수학 천재 정승제,2,2024-08-10T10:18:13Z
@sleepy_infp_030,편집 개읏김 ㅋㅋㄱㅋㄱㅋㄱㅋㄱㅋㄱㅋㄱㅋㄱ,8,2024-08-10T10:17:58Z
@SayMyName_JiLola,이야 미삼누입장에선 화면으로만 보던 선생님이랑 같이 방송하고 웃고떠들고 하는거잖…<br>5수하면 평생 화면속에서만 보았던 그가 내 앞으로? 이거완전 럭키비키잖아~,117,2024-08-10T10:16:52Z
@hello-fx2wy,정승제 사생팬도 깜짝 출현하자 이정도면 ㅋㅋㅋ,0,2024-08-10T10:15:22Z
@user-zv2hl2rm3o,"<a href=""https://www.youtube.com/watch?v=HyhhnR_LPVg&amp;t=665"">11:05</a> 개맵네 슈바ㅋㅋㅋㅋㅋㅋㅋㅋㅋ",11,2024-08-10T10:14:39Z
@user-xl3yt2mn3z,순공시간 11분 35초 확보,1,2024-08-10T10:13:56Z
@user-bj1km9jc2b,그와중에 미미누 삐끼삐끼 개잘추네 10만 공약으로 세분 다 추는 거 어떤가요? ㅎ,4,2024-08-10T10:12:29Z
@fox_5839,아니 정식썜 영상편지로 가운데 손가락 욕하는게 ㅋㅋㅋㅋ 열심히도 산다 참....<br>브라질 해킹범은 어쩔티비 시전할 것 같은 느낌 ㅋㅋㅋㅋ,0,2024-08-10T10:12:02Z
@user-yc4sv7np7w,셋 조합 웰케 재밌냐ㅋㅋㅋㅋㅋ,24,2024-08-10T10:07:33Z
@user-kt8xh6cu5m,다음엔 전현무님이랑도 같이 찍어주세요😂😂,0,2024-08-10T10:05:50Z
@xeodxus,"<a href=""https://www.youtube.com/watch?v=HyhhnR_LPVg&amp;t=364"">6:04</a> 연기한답시고 미리 영상으로 고지해버려서 은근슬쩍 기간 늘려버리는 제작진 폼 미쳤다 ㄷㄷ",275,2024-08-10T10:05:42Z
@user-rh9cm3rl3o,조정식쌤 어떻게든 낚으려는게 ㅋㅋㅋ 개웃기네 ㅋㅋ,0,2024-08-10T10:02:14Z
@mima_mo,수험생때 정승제 조정식 아무도 안들었는데 티쳐스는 꼬박꼬박 챙겨봐요... 계속되길..,1,2024-08-10T10:00:17Z
@user-jw4gk4iq4z,이명학 들었잖아가 존나 웃기네 ㅋㅋㅋㅋㅋ,0,2024-08-10T09:59:51Z
@Om272ffa,아 여기 편집 누가해욬ㅋㅋㅋㅋㅋㅋㅋㅋㅋㅋㅋㅋㅋㅋㅋ 진짜 개윳기네ㅋㅋㅋㅋㅋㅋㅋㅋㅋ,2,2024-08-10T09:59:14Z
@qwerrtasdf488,아?? 근데 조정식이랑 미누랑 닮앗네 진짜로. 진짜 아들급인데,0,2024-08-10T09:57:40Z
@Na-U77,간만에 겁나게 웃었닼ㅋㅋㅋㅋㅋㅋㅋㅋㅋㅋㅋㅋㅋ,0,2024-08-10T09:56:28Z
@user-uv6kx8ep8m,진짜 디져스 감 제대로잡음ㅋㅋㅋㅎㅋㅎㅋㅎ,0,2024-08-10T09:54:45Z
@user-hb1vi8eg6t,앜ㅋㅋㅋ진짜 승제T 넘나 웃곀ㅋㅋ,2,2024-08-10T09:54:13Z
@user-np5il8rk6w,브라질에 해커들이 많구나? ㅋㅋ,0,2024-08-10T09:53:58Z
@user-gz7mw1ht1d,띵학은 못참지,0,2024-08-10T09:53:34Z
@잉오-f2u,편집 넘 웃긴데 ㅋㅋㅋㅋㅋㅋㅋㅋ,0,2024-08-10T09:53:22Z
@user-bs2wo6lu5l,제타라는 에이아이 인공지능 어플에 조정식쌤 있는데 조정식쌤이 그 에이아이랑 대화하는 것도 재밌을 것 같아요 미누랑 승제쌤도 누가 만들어놨더라구요,3,2024-08-10T09:52:41Z
@junwooyoon-q8c,"<a href=""https://www.youtube.com/watch?v=HyhhnR_LPVg&amp;t=280"">4:40</a>  whyrano ㅋㅋㅋㅋㅋㅋㅋㅋㅋㅋ😂😂",4,2024-08-10T09:51:43Z
@user-xg5oi4rv7t,다 너무 귀여워요,5,2024-08-10T09:51:33Z
@Seounge,승제쌤 이해 못하는거 개웃기네ㅋㅋㅋㅋㅋㅋㅋㅋㅋㅋㅋㅋㅋㅋㅋ,0,2024-08-10T09:50:00Z
@KDS408,더주세요..너무 재밋어..ㅋㅋㅋㅋ정식T랑 미3누 얘기하는데 승제T 못따라가는게 개웃김 ㅋㅋ,0,2024-08-10T09:49:07Z
@AlJalTtak,진짜 댕웃기네 ㅋㅋㅋㅋㅋㅋㅋㅋㅋ,2,2024-08-10T09:48:04Z
@dayday-ez2gv,일단 전현무 안보이는거부터 대만족,2,2024-08-10T09:47:52Z
@iloveparkwonsoon,정식쌤 절 가둬요~,1,2024-08-10T09:47:31Z
@user-bj8jc7fq8m,아니 어떻게 유튜브에 널려있는 엥간한 컨텐츠들 보다도 인강강사 두명이 나오는 컨텐츠가 제일 재밌는거임?? ㅋㅋㅋㅋㅋㅋㅋㅋㅋㅋㅋㅋㅋㅋㅋㅋㅋ 다음편 빨리 보고싶다,161,2024-08-10T09:46:36Z
@100J22,조정식쌤 마라탕 사주세요,0,2024-08-10T09:45:52Z
@annyounghasayyo,"<a href=""https://www.youtube.com/watch?v=HyhhnR_LPVg&amp;t=575"">9:35</a> 여기부터 개똑같음 ㅋㅋㅋㅋㅋㅋㅋㅋㅋㅋㅋㅋㅋㅋㅋㅋㅋㅋㅋㅋㅋㅋㅋㅋㅋㅋㅋㅋㅋㅋㅋㅋㅋㅋㅋㅋㅋㅋㅋㅋㅋㅋㅋㅋㅋㅋㅋㅋ",436,2024-08-10T09:43:32Z
@젤린0320,티쳐쓰를 이을 띠쪄쓰 화이팅!,1,2024-08-10T09:38:05Z
@2jun339,승제 쌤 오늘도 이해못했으면 개추,5,2024-08-10T09:36:35Z
@xotsidsid,디져스는 처음보는데 너무 재밌는데..? 3분 케미 너무 좋다 ㅋㅋㅋㅋㅋㅋㅋㅋㅋㅋ,0,2024-08-10T09:34:53Z
@user-pg4tt2gu7y,순공시간 5분확보,0,2024-08-10T09:34:35Z
@user-mp6uc6bt5r,한발짝 느린 정승제 쌤 ㅋㅋㅋ,1,2024-08-10T09:34:27Z
@doboujin-ps4sq,mz?인 정식 쌤<br>어떻게든 따라가 보려는 승제 쌤 <br>그런 그를 도와주려는 미3누<br>세 얼간이의 티키타카 미쳐스,1,2024-08-10T09:32:16Z
@user-Nigadoo,진짜 걍 개재밌스빈다 ㅋㅋㅋㅋㅋㅋㅋ,0,2024-08-10T09:32:00Z
@khiair38,"정식쌤,승제쌤,미미미누 3명이서 하니까  더 재미있어진 기분이 .. ❤❤ <br>오늘도 내용 못 이해한 승제쌤 ..ㄹㅇ귀여워요 ㅠ 티처스 스탭분들  유행 거의 다 알고 계세요 !! 🫶😍  이런 영상 감사합니다",4,2024-08-10T09:31:35Z
@sm._.vlog_09,디져스 계속 만들어주세요 제발 ❤❤<br>정식쌤 티라미슈 케잌춤 언젠간 꼭 추셨으면..,19,2024-08-10T09:31:10Z
@user-ib5fw4kw5m,"<a href=""https://www.youtube.com/watch?v=HyhhnR_LPVg&amp;t=105"">1:45</a> ㅋㅋㅋㅋ 대박이예요❤❤❤",0,2024-08-10T09:29:44Z
@춤추는세령_SERYEONG,승제쌤 이해하고 눈 커진거 기여워ㅠㅜㅜㅜㅠㅜㅜㅠ,25,2024-08-10T09:26:47Z
@dabeen8394,이거 보는 묘미도 늦게 이해하는 승제쌤과 답답해 하는 정식티가 재밌는거임<br>거기에 미3누 완벽,0,2024-08-10T09:26:18Z
@Icouldhavedoneit,나만 정식쌤 삐끼 보고싶은건감..,0,2024-08-10T09:21:35Z
@Jbxdub,승재쌤은 갱년기 이신가요? 화가 많으신데요 ㅋㅋㅋ,0,2024-08-10T09:21:33Z
@1_am_THE_hamster,"<a href=""https://www.youtube.com/watch?v=HyhhnR_LPVg&amp;t=662"">11:02</a> 아 진짜 자포자기하는 거 미치겠어ㅋㅋㅋㅋ",12,2024-08-10T09:21:29Z
@user-se3jx9vz6q,미미미누 제발 적당히 쳐나오세요 목소리 존나 앵앵대서 듣기싫음;;,0,2024-08-10T09:20:46Z
@iluvchea,승제샘 진짜루 너무 귀여우세요 도토리묵처럼 생겼어요.,58,2024-08-10T09:19:12Z
@user-lunar124,저 팔러 한명중이 나에요 ㅎㅎㅎ,0,2024-08-10T09:18:47Z
@user-et3kp8cy5c,ㅋㅋㅋㅋㅋㅋㅋㅋㅋㅋㅋㅋㅋㅋㅋㅋㅋ꽉차게웃기제,0,2024-08-10T09:18:27Z
@user-nh6wu5uy8m,정식쌤 강의 신청하려는 학생들 다 제끼고왔습니다,0,2024-08-10T09:14:54Z
@yeoxn-d2x,"<a href=""https://www.youtube.com/watch?v=HyhhnR_LPVg&amp;t=282"">4:42</a> 개 ㅌㅋㅋㅋㅋㅋ웃겨",0,2024-08-10T09:14:46Z
@user-gr4qi4mr7q,"<a href=""https://www.youtube.com/watch?v=HyhhnR_LPVg&amp;t=498"">8:18</a> 미미미누 채널 검색하자마자 안절부절 웃기네 바로 윤도영 뜨고ㅋㅋㅋㅋ 그래도 성대모사만으로 욕먹던 때가있는데 이젠 편하게 방송찍네",6,2024-08-10T09:12:11Z
@설녕바라기멜냥,이 케미 앞으로도 계속 해주세요 ㅋㅋㅋ 진짜 이거 편집하시는분 센스 대박이네요 ㅋㅋ,5,2024-08-10T09:11:38Z
@user-de8vh1dk2r,진짜 유튭각은 조정식한테 감금사건 얘기하는건데,0,2024-08-10T09:11:37Z
@user-de8vh1dk2r,조정식은 얼굴에 양끼있지ㅋㅋ 과거도 그렇고,2,2024-08-10T09:11:07Z
@user-bq5tf1gy9r,"<a href=""https://www.youtube.com/watch?v=HyhhnR_LPVg&amp;t=423"">7:03</a> 아 이 톤이 진짜 왤케 웃김 ㅋㅋㅋㅋㅋㅋㅋㅋㅋㅋㅋㅋ",649,2024-08-10T09:10:30Z
@user-tj1ug9ik6f,"<a href=""https://www.youtube.com/watch?v=HyhhnR_LPVg&amp;t=170"">2:50</a> 승제쌤 이제 수업 시간에 이해 못하는 친구들 마음 이해하셨쎄여?ㅋㅋㅋㅋㅋㅋㅋㅋㅋㅋ",1,2024-08-10T09:07:06Z
@freedomofthepage,티처스 스탭에 전직 수갤게이들 무조건 있다 ㅇㅇ,0,2024-08-10T09:06:56Z
@user-rx6xg8bc5t,아 진짜 미치게 웃었네 ㅋㅋㅋㅋ,0,2024-08-10T09:06:49Z
@user-hc2qm3ro7v,썸넬 ㅁ_O,0,2024-08-10T09:03:57Z
@켄디,수학 좋아해서 티처스 티처스 보기 시작했는데 이제는 조정식쌤을 보기위해서 티처스를 본다ㅏㅏ,1,2024-08-10T09:01:27Z
@user-tq5ur9bu8m,나 이 조합 ㄹㅇ 대찬성임 사랑해요,2,2024-08-10T09:01:14Z
@네온19일차,ㄹㅈㄷ네 이거,0,2024-08-10T09:01:02Z
@user-mk2mt8qx2t,요즘티처스 개꿀잼..,1,2024-08-10T08:59:11Z
@letmewogus,와 승제쌤 너무좋아요호,4,2024-08-10T08:57:45Z
@parkzero0,"<a href=""https://www.youtube.com/watch?v=HyhhnR_LPVg&amp;t=252"">4:12</a> 개웃김ㅋㅋㅋㅋㅋㅋㅋㅋㅋㅋㅋㅋㅋㅋㅋㅋㅋㅋㅋㅋㅋㅋㅋㅋㅋㅋㅋㅋㅋㅋㅋㅋㅋㅋㅋㅋㅋㅋㅋㅋㅋㅋㅋㅋㅋㅋ",8,2024-08-10T08:56:29Z
@Studysiwon,오케이 조정식은 잘생겨본적이 많은거에요. 미미미누는 당장 아이돌 하세요!저얼굴에 아이돌을안한다고요?,0,2024-08-10T08:56:21Z
@user-tk7tv3mb3f,"어우 근데 피디들 목소리 좀 빼면 안되냐 어느정도 들어가면 출연진이랑 인터렉션되고 재밌는데  <a href=""https://www.youtube.com/watch?v=HyhhnR_LPVg&amp;t=298"">4:58</a> 여기서는 몰입 깨지고 오디오 다 잡아먹으니깐 불편하네",0,2024-08-10T08:55:25Z
@Woohyuk1104,"<a href=""https://www.youtube.com/watch?v=HyhhnR_LPVg&amp;t=170"">2:50</a> 이 전까지 승제쌤 이해 못하셔서 졸린 눈빛 장착하시다가 이해하니까 폭소하시는게 개웃기네 ㅋㅋㅋㅋㅋㅋㅋㅋㅋㅋㅋㅋㅋ",1594,2024-08-10T08:55:19Z
@user-rk2cv5gz9w,요즘 보는 유튜브 없는데 이건 안 들어올 수가 없다,1,2024-08-10T08:54:41Z
@마동석-g6q,"<a href=""https://www.youtube.com/watch?v=HyhhnR_LPVg&amp;t=274"">4:34</a> ‘이게 뭐하는 짓이에요’가 너무 진심이 담겨서 개웃김ㅋㅋㅋㅋㅋㅋ",1566,2024-08-10T08:54:38Z
@user-tn5rk8ff4i,감자 샌드위치,1,2024-08-10T08:53:24Z
@user-nz4fn4yx2w,"<a href=""https://www.youtube.com/watch?v=HyhhnR_LPVg&amp;t=519"">8:39</a> 정식쌤 바로 &quot; 이거 재밌네~,,,,,&quot;  이러면서 기분 안나쁘다고 하심,,,,,,귀여워",1677,2024-08-10T08:53:13Z
@user-yt2uz8ui4w,"<a href=""https://www.youtube.com/watch?v=HyhhnR_LPVg&amp;t=548"">09:08</a> 내공냠냠이 개웃기네ㅋㅋㅋㅋㅋㅋㅋㅋㅋㅋㅋㅋㅋㅋㅋㅋㅋㅋㅋㅋㅋ",7,2024-08-10T08:52:24Z
@user-op5yc2yd2s,승제쌤  공약으로 현우진 쌤이랑 수학대결 가시죠,7,2024-08-10T08:51:53Z
@jjojjo_official,미미미누 삐끼삐끼 할때 승제티 정식티 표정 진짜 개웃김,1,2024-08-10T08:51:40Z
@blackyeho,왜 앉은 키 순으로 앉은 것 같지 ㅋㅋㅋ 셋 다 케미 미쳤구요 ㅋㅋㅋㅋ,0,2024-08-10T08:51:08Z
@duyeon5220,왜케 재미있지 ㅋㅋㅋ,0,2024-08-10T08:50:20Z
@Moa-My_day,ㅋㅋㅋㅋ 대박,0,2024-08-10T08:49:53Z
@정승제불륜녀,승제쌤이 너무 귀엽고 잘때도 생각나고 밥 먹을때도 생각나고 이름만 들어도 가슴이 두근거리는데 정상인가요??생선님의 목소리가 계속 귓가에 맴돌고 계속 설레는데 정상인가요??승제쌤의 애교를 볼때마다 죽을것같이 행복하고 눈물이 8줄로 질질 나오는데 정상인가요??이거 사랑 맞죠 이거 찐사랑이죠..일상생활을 못하겠어요..생선님께서 우실때마다 귀엽다는 감정이 들면서도 제 마음이 태평양 물고기 수 만큼 찢어지는데 어떡하죠 선생님이 너무 귀엽고 그냥 선생님의 아름답고 거울같이 투명한 눈동자 속에 빠지고싶은데 어떡하죠??,44,2024-08-10T08:47:48Z
@DBDB_xx,디져스 오래하자,0,2024-08-10T08:46:58Z
@웨이러미닛,정식쌤 인스타 댓글읽기도 하면 재밌을듯,0,2024-08-10T08:46:50Z
@user-op5yc2yd2s,춤 추는 미미미누 폼 미쳤다❤,1,2024-08-10T08:45:35Z
@user-mp1uf1bt9k,티처스는 안보는데 이건 봄 ㅋㅋㅋ<br>컨텐츠 만드신 제작진분들 감다살 ㄹㅇ,15,2024-08-10T08:45:14Z
@이희연-f9o,미3누는 진짝 귀여운 감자같고 조정식쌤은 눈커지면서 온순한 말포이 닮으셧고 정승제 쌤은 이해못하다가 이해하는게 넘귀여움 😂,17,2024-08-10T08:40:02Z
@Michinja1,티쳐스 편집이 개맛있네 ㅋㅋㅋ,2,2024-08-10T08:39:43Z
@twjangsykeyk,시간 개빨리 가네,2,2024-08-10T08:39:24Z
@user-di9fm6hu2p,이명학 들은거 들키고 녹화실에 감금될까봐 걱정되는 미3누면 개추 ㅋㅋ,0,2024-08-10T08:39:23Z
@김제트,사랑해요 티쳐스,3,2024-08-10T08:38:52Z
@user-we8tc7jf1l,36분전 오늘도 감사해요 ❤,0,2024-08-10T08:37:02Z
@user-vr7yn8zo9n,승제쌤기여워용❤,4,2024-08-10T08:36:58Z
@쟁쟁,이게 또나오네 ㄷ,1,2024-08-10T08:35:40Z
@user-hg5oo5bj5d,미미미누 잘생겼다,0,2024-08-10T08:35:39Z
@그냥사람-z2p,"<a href=""https://www.youtube.com/watch?v=HyhhnR_LPVg&amp;t=477"">7:57</a> 내가 조정식쌤 인강을 듣는 이유",566,2024-08-10T08:34:52Z
@user-cc6ri4jm9c,감자분 치어리더 해도될것같은데요 요염해..,1,2024-08-10T08:34:51Z
@nardaramzi,고정,0,2024-08-10T08:34:27Z
@user-qg3xf7li3o,티처스보다 더 재밌다,0,2024-08-10T08:34:21Z
@BLINK_Rose-0211-챙이,왜 이렇게 웃기지ㅋㅋ,0,2024-08-10T08:31:48Z
@atozstudy100,티쳐스 유행을 너무 잘 안다 ㅋㅎㅋㅎㅋㅌㅎㅋㅎ,8,2024-08-10T08:31:38Z
@user-mq8uv5jx2z,ㅋㅋㅋㅋㅋㅋㅋㅋㅋㅋㅋㅋㅋㅋㅋㅋㅋㅋㅋㅋㅋㅋㅋㅋ 승제 쌤은 고등학생 때 인강 들어서 익숙한데 정식 쌤 이렇게 위트 있는 분인 줄은 몰랐네요!! 본방에서는 따뜻하면서도 엄한 느낌이 났는데ㅋㅋㅋ<br>티처스 시즌1도 재밌게 봤는데 시즌2 되면서 릴스랑 유튜브 너무 잘 활용하는 것 같아서 재밌고 좋습니다👍👍,37,2024-08-10T08:31:33Z
@cube_855,왜 티처스보다 이게 더 재밌는거같냐ㅋㅋ,672,2024-08-10T08:31:07Z
@user-np5hy5of6b,ㅋㅋㄱㄱㅋㄱㅋㄱㅋ오나오ㅓㅅ다 2,0,2024-08-10T08:30:14Z
@user-ki6ot9sf4r,"<a href=""https://www.youtube.com/watch?v=HyhhnR_LPVg&amp;t=335"">5:35</a> 칙칙붐ㅋㅋㅋㅋㅋㅋㅋㅋㅋㅋㅋㅋㅋㅋㅋㅋㅋ",24,2024-08-10T08:29:48Z
@user-ek3ub4hd1z,승제쌤 현타!!!!!!!!,0,2024-08-10T08:27:46Z
@트로,&quot;순공 5분 48초 확보&quot;,3,2024-08-10T08:24:47Z
@KongBaB0805,디져스 ㅋㅋㅋㅋㅋ,0,2024-08-10T08:24:44Z
@dddoekekddk,아너무재밌다(아직 봄),1,2024-08-10T08:24:13Z
@user-zi7ik8jw7s,정승제 쌤  옆에 미미미누님  정식쌤 오른쪽 미미미누님  있으니 미미미누님 어깨 작아진것 같아용❤,0,2024-08-10T08:23:15Z
@user-ii5yz6hr7k,법규 개웃기노ㅋㅋ,1,2024-08-10T08:23:15Z
@user-st1ky7tj2b,미미미누 허수판독기 영상 댓글도 같이 봐주셨으면 재미있을듯ㅋㅎㅋㅎㅋ,0,2024-08-10T08:22:25Z
@kingsmanwol2,아 이 쌤들 넘 귀엽네 ㅋㅋㅋㅋㅋㅋㅋㅋㅋㅋㅋㅋㅋㅋㅋㅋㅋㅋㅋㅋㅋㅋㅋㅋㅋㅋ,72,2024-08-10T08:21:47Z
@Page.nayooon,진짜 맨날 티쳐스 세명이서 해주세요ㅜ너무 재밌어 진짜,43,2024-08-10T08:21:42Z
@user-bo1nj7pv5y,감자 굴러가는 속도처럼 달려왔습니다,4,2024-08-10T08:21:26Z
@user-ud2qc8su9m,미×3누는 잘생기고자 하는 욕망은 없지만 웃기고자 하는 욕망이 최상인것 같아요😅,369,2024-08-10T08:21:02Z
@user-bz6mx1pz1q,인스타 삐끼삐끼 댓글단 사람인데 미미미누님 사랑합니다😍<br>(T.M.I 이지만 오타를 인지하고 다시 달고 싶었지만 좋아요 수가 너무 많아 지울수 없었습니다😂),8,2024-08-10T08:20:40Z
@user-ud2qc8su9m,티처스 1화부터 완젼 정주행 한 팬인데 디져스가 더 재미있어서. . 어뜩하죠??😊😂😢😅,12,2024-08-10T08:19:20Z
@user-no2bu3ck6j,삐끼삐끼는 토마스뮐러가하는게 진짜진국인데,0,2024-08-10T08:18:56Z
@user-uk7ty8ov2y,뜨자마자 사람처럼 걸어왔습니다<br><br><br>(너무 재미있어여…ㅎ..ㅎ),1,2024-08-10T08:18:15Z
@user-ti5rf3vm1y,승제쌤 너무 사랑스럽다❤❤,16,2024-08-10T08:17:53Z
@user-fz2jy6mq6g,너무 웃긴데 분량이 너무 짧아요ㅜ 담 영상 빨리 나와주세요ㅜ,30,2024-08-10T08:17:35Z
@scomj,미3누랑 정식쌤 승제쌤한테 열심히 알려주는거 개웃겨ㅋㅋㅋㅋㅋㅋㅋㅋㅋ,1478,2024-08-10T08:17:35Z
@kyungminkim8702,진짜 티처스보다 이게 진짜 보석,14,2024-08-10T08:16:15Z
@양현석-d2p,ㅋㅋㅋㅋㅋ,0,2024-08-10T08:15:04Z
@태얏호_weverse,ㅋㅋㅋㅋㅋㅋㅋㅋ 미미미누 ㅋㅋㅋㅋㅋㅋㅋ,1,2024-08-10T08:14:13Z
@user-xu5od5wk1r,정식쌤 미미미누 너무 귀여워용🥺💗,33,2024-08-10T08:14:10Z
@user-tj6gk7md9s,승제쌤 정말 45년동안 수학만 하셨구나......밈을 모르시네...ㅋㅋㅋㅋㅋㅋ,743,2024-08-10T08:14:06Z
@Woong-cq6ct,티처스 스태프님들 ㄹㅇ 감다살이네 ㅋㅋㅋㅋ <br>ㅈㄴ 재밌너,344,2024-08-10T08:13:37Z
@XIGNcode7,승제쌤 이 영상도 안볼듯..😂,72,2024-08-10T08:13:34Z
@chloechloe4229,ㅋㅋㅋㅋㅋㅋ,1,2024-08-10T08:11:37Z
@nymousano-oo1gr,"<a href=""https://www.youtube.com/watch?v=HyhhnR_LPVg&amp;t=269"">04:29</a> 500만원 아닌가요?",1,2024-08-10T08:09:44Z
@user-un2qr2im4q,조정식 옆에서 너 이명학 들었잖아는 절대 못참지;;,4897,2024-08-10T08:08:49Z
@user-im3bt8bl4h,ㅋㅋㅋㅋㅋㅋㅋㅋㅋㅋㅋㅋ,0,2024-08-10T08:08:00Z
@user-uf7sf7vk5k,너무재밌어욬ㅋㅋㅋㅋ,6,2024-08-10T08:07:09Z
@user-yy7kt7pc1q,아 너무 재밌다 (아직 안 봄),30,2024-08-10T08:06:11Z
@junhan__kim,조정식 미미미누 케미 개좋아요 ㅜㅜ,564,2024-08-10T08:04:58Z
@hahhaha_,후다다닥 달려왔습니다,1,2024-08-10T08:04:38Z
@양현석-d2p,재밌다,2,2024-08-10T08:04:17Z
@user-ni2xj9sv8l,세명이서 케미 좋네 ㅋㅋ,86,2024-08-10T08:03:26Z
