Author,Comment,Likes,Published At
@미미미누,"25일 오후 2시, 팔로워 9만 달성 완료🎉",1147,2024-08-25T05:02:20Z
@chitalala462,사마가 모야~,0,2024-09-11T00:36:21Z
@한재윤-w9n,"<a href=""https://www.youtube.com/watch?v=ITx8hFLEhe4&amp;t=171"">2:51</a>초에 정식선생님 불법하시면 안되요",0,2024-09-09T22:30:20Z
@smilinghera,어우 마지막 결제하고 조정식 쌤 핫튜할 때 많이 잘생겨서 깜짝 놀람;; 수험생 때는 쫄아있느라 이렇게 미남이신 줄도 몰랐네.. 칠판만 봤네.. 아깝게..,0,2024-09-09T13:15:28Z
@user-th9yx7cj7c,결제  ㅋㅋ,0,2024-09-09T01:40:00Z
@mingming4287,ㅋㅋㅋㅋㅋㅋㅋㅋㅋㅋ아개웃기네ㅋㅋㅋ한도초과에서 개빵터짐,0,2024-09-09T00:11:31Z
@TV-hz6kv,나무위키 읽어 주세요,0,2024-09-07T11:58:17Z
@young-duck2024,왜 다음화 안 나와요 ㅠㅠㅠㅠ,11,2024-09-07T10:43:54Z
@xotsidsid,디져스 올려주세요 제발... 디져스 때문에 토요일만 기다렸다구요...🥹,2,2024-09-07T09:20:57Z
@user-hk3zj1gg1u,디져스 4화  언제 나와요?,0,2024-09-07T01:32:06Z
@딸깍이,디져스 내놔요 빨리 저 4일 후까지 안주면 이번 중간 망할거에요,2,2024-09-05T14:31:40Z
@user-cc6sn1sf1w,너무 짧아요,0,2024-09-05T13:49:32Z
@user-oy7rk1us9x,ㅋ❤❤,0,2024-09-05T12:15:18Z
@user-gt2ul7es6t,ㅋㅋㅋㅋㅋㅋㅋㅋㅋ 진짜 웃겨 사마?가 뭐냐고 ㅋㅋㅋㅋㅋㅋㅋㅋㅋ,0,2024-09-05T11:20:50Z
@user-iu7rl2zb6w,4화 언제하나요?,1,2024-09-05T02:05:14Z
@user-bf8tl9mj4z,다들 귀여우세요^^~~건강한 모습 오래 뵙고싶습니다❤,0,2024-09-05T00:35:05Z
@user-wd2vy1vu8x,세분너무좋아요.너무잼있쪄.😊😊😊진짜오렌지닮았쪄요,0,2024-09-04T12:50:38Z
@user-np5hy5of6b,셋 조합 너무 좋다 ㅋㅋㅋㅋ,0,2024-09-04T12:06:38Z
@user-uj9or1zh7s,어노잉 오렌지ㅋㅋㅋㅋ,0,2024-09-04T02:07:21Z
@WO_PANG,4화 언ㄴ제나와ㅜㅜㅜㅜㅜ,4,2024-09-01T12:31:48Z
@user-vk5qc7xm6r,590이 없을 사람이 아닌데..ㅋㅋㅋㅋㅋㅋㄱㅋㅋ뭐지?ㅋㅋㅋ ㅋㅋ,0,2024-08-31T16:55:04Z
@user-zl1es5ez3n,❤😊❤,0,2024-08-31T15:36:03Z
@user-hl4vk8yn5o,지금 보러 갔는데 10만 됬다ㅋㅎㅋㅋㅋㅋ 기대할께용❤❤,2,2024-08-31T04:01:43Z
@바그숳,스티키 쳐주세여 승제쌤 ㅎㅎ,1,2024-08-31T01:13:11Z
@zzingko2020,조정식 선생님 볼수록 최원영 배우 닮았어요~ 목소리도 😁,0,2024-08-30T22:53:42Z
@user-qu7iw4cy4l,"<a href=""https://www.youtube.com/watch?v=ITx8hFLEhe4&amp;t=534"">8:54</a> 이광수같네 미3누 ㅋㅋㅋ",0,2024-08-30T16:13:23Z
@user-gh6si4qx6x,볼때마다 진짜 개웃기네,0,2024-08-30T08:35:50Z
@Ferenc0825,지금 9만9천이다 ㅋㅋㅋㅋ,0,2024-08-30T01:08:57Z
@yoon_poppy,와 내가 10만 마지막이었어 인스타 10만 됐따 ㅋㅋㅋㅋ,1,2024-08-29T23:10:50Z
@arinmom_0811,하 진짜 너무커엽다ㅠㅠㅠㅠ 다들 ㅠㅠ<br>너무잼있다ㅜㅜㅜㅜㅋㅋㅋ💕,0,2024-08-29T15:41:26Z
@arinmom_0811,아진짜 너무잼있어ㅠㅠㅠㅠ😂😂,0,2024-08-29T15:36:00Z
@user-ui3er1pi1z,9.9만ㄷㄷ,0,2024-08-29T14:45:56Z
@hanj_0,"<a href=""https://www.youtube.com/watch?v=ITx8hFLEhe4&amp;t=541"">9:01</a> 아 ㅋㅋ",0,2024-08-29T13:56:49Z
@kttwiz,미3누 기에 눌려서 대화 끼어들기 진짜 못함 ㅠㅠㅠㅋㅋㅋㅋㅋ,1,2024-08-29T10:51:35Z
@aron7iOi,비속어 안 써도 재밌을거 같은데… 그래도 가르치는 업인데…,2,2024-08-29T06:34:36Z
@김김이2,승제쌤 앞에서 현우진 듣기,0,2024-08-29T03:42:23Z
@user-eheixnxko23d,진짜 개웃기네 ㅋㅋㅋㅋㅋㅋ,0,2024-08-28T15:38:46Z
@HSJ-T,둘이 노래 불러주세요<br>+코싸인댄스,0,2024-08-28T10:40:46Z
@dndus__,조정식 말하는 거 요즘 애들 따라가려는 아저씨같음ㅋㅋㅋㅋ,2,2024-08-28T08:36:58Z
@cappuccinolee7230,넘 웃겨요 ㅋㅋㅋ,0,2024-08-28T06:40:14Z
@user-zq4ot8xx6f,벌써9만8천,0,2024-08-28T06:12:31Z
@user-ex2dj6vo5x,"<a href=""https://www.youtube.com/watch?v=ITx8hFLEhe4&amp;t=540"">9:00</a> ㅋㅋㅋㅋㅋㅋㅋㅋㅋㅋ",1,2024-08-28T03:52:24Z
@user-ex2dj6vo5x,"<a href=""https://www.youtube.com/watch?v=ITx8hFLEhe4&amp;t=340"">5:40</a>헐 대박 진짜 없어??",0,2024-08-28T03:48:05Z
@user-br1vt1gq3x,아 진짜 개웃기네 ㅋㅋㅋㅋㅋㅋㅋㅋㅋ😂😂😂😂,0,2024-08-27T21:58:48Z
@잘생긴게최고야-m2u,인스타 팔로워 9.8만ㅋㅋㅋㅋㅋㅋㅋㅋ 저도 팔로우 했어요❤,0,2024-08-27T18:25:57Z
@lcs_026,"<a href=""https://www.youtube.com/watch?v=ITx8hFLEhe4&amp;t=537"">8:57</a> 이광수 생각남ㅋㅋㅋㅋㅋ",1,2024-08-27T16:23:14Z
@user_timinyong,정승제 맨날 조정식한테 문찐소리 듣다가 한방 먹였네 ㅋㅋㅋㅋㅋㅋㅋㅋ,4,2024-08-27T15:52:04Z
@user-gm1rg1qn4y,전세역전되니까 진짜웃김 ㅋㅋㅋㅋㅋㅋㅋㅋㅋㅋㅋㅋㅋㅋㅋ,2,2024-08-27T15:23:22Z
@user-ch6ot5xw2i,여기서 킬포 시작할때 승제F임ㅋㅋ 생선님,1,2024-08-27T15:20:18Z
@svt_is_god,"<a href=""https://www.youtube.com/watch?v=ITx8hFLEhe4&amp;t=540"">9:00</a> 조정석님이랑 친척이겠냐 하는거 갸웃기네 ㅋㅋㅋㅋㅜㅜㅜ",2,2024-08-27T14:03:53Z
@gosang0527,"<a href=""https://www.youtube.com/watch?v=ITx8hFLEhe4&amp;t=505"">8:25</a> 저도 저 색 좋아해요쌤❤",0,2024-08-27T13:10:55Z
@ring1225,"<a href=""https://www.youtube.com/watch?v=ITx8hFLEhe4&amp;t=571"">9:31</a> 기습 숭배…",0,2024-08-27T11:41:37Z
@user-kantry,응 인스타 해킹 딥페이크 사건 터졌죠?<br>학생들 댓글 못받음 ㅜㅜ,0,2024-08-27T07:32:30Z
@kikamakinsessang,애들아. 당분간 간장계란밥만먹어..ㅋㅋㅋ너무현실적..  강의틈틈히육아해보신분이확실함,0,2024-08-27T07:05:00Z
@njf164,정식샘 왤캐 귀여우시죠ㅋㅋㅋㅋㅋㅋㅋㅋㅋㅋㅋㅋㅋ,1,2024-08-27T06:20:31Z
@user-sp2oz3te8p,"<a href=""https://www.youtube.com/watch?v=ITx8hFLEhe4&amp;t=342"">5:42</a> 좋아하는거 왜이리 귀엽냐ㅋㅋㅋㅋㅋㅋㅋㅋㅋㅋ",1,2024-08-27T05:41:52Z
@user-dt5ur8be2r,징징거리는거 듣기 힘들다..,0,2024-08-27T05:37:40Z
@user-cx1kn7md2j,조정식쌤은 애들 돈으로 매달 나가자녀..,0,2024-08-26T22:46:19Z
@y.eu_n1,"<a href=""https://www.youtube.com/watch?v=ITx8hFLEhe4&amp;t=540"">9:00</a> ㅋㅋㅋㅋㅋㅋ 최애 배우와 최애 강사의 조합 ㅋㅋㅋㅋㅋ 스토리 조정식 태그한거 반응 올렸을때 진짜 개웃었음 ㅋㅋㅋㅋ",0,2024-08-26T14:26:35Z
@yx.lin_,"<a href=""https://www.youtube.com/watch?v=ITx8hFLEhe4&amp;t=529"">8:49</a> ㅋㄱㅋㄱㄱㅋㅋ",0,2024-08-26T14:11:32Z
@user-dy7vz7ie9b,미미미누님한테 디엠 보냈는데 일주일 넘도록 안봐주시네용.. 답 없으셔도 되니까 한번만이라도 봐주시길 바랍니당 ㅠㅠ❤,0,2024-08-26T12:05:42Z
@arikkarihea,이건 무조건 팔로우 가야된다,0,2024-08-26T11:02:57Z
@tialessen,"<a href=""https://www.youtube.com/watch?v=ITx8hFLEhe4&amp;t=351"">5:51</a> ㅋㅋㅋㅋㅋㅋ 이거 왜 숏츠로 안나옴? ㅠㅠ",0,2024-08-26T09:22:46Z
@spoemsjh0229,연락처에 사진 박아두는 거 마음에 드네 써먹어야지,0,2024-08-26T09:13:39Z
@user-cb5uq6xo5c,찐재밌네요^^<br>미미미누 없으면 안도ㅑ여~~~~,0,2024-08-26T08:44:49Z
@user-uy1xj7yd4s,디씨 심연 탐방 해주세요,0,2024-08-26T08:41:49Z
@user-ex2dj6vo5x,"이거 왜 재밌어 ㅋㅋㅋㅋㅋㅋ <a href=""https://www.youtube.com/watch?v=ITx8hFLEhe4&amp;t=274"">4:34</a> 빵터짐 승제선생님 너무 웃곀ㅋㅋㅋㅋㅋㅋㅋ",0,2024-08-26T08:29:34Z
@user-ex2dj6vo5x,"<a href=""https://www.youtube.com/watch?v=ITx8hFLEhe4&amp;t=143"">2:23</a>  ㅋㅋㅋㅋㅋㅋㅋㅋㅋㅋㅋㅋㅋ",4,2024-08-26T08:25:21Z
@TXT_MOA0,승재쌤 공약으로 오카네카세쿠 추면 좋겠다….❤,1,2024-08-26T08:18:28Z
@user-is3wu2zf8t,티처스보다 디져스가 더 재ㅁ ㅣㅆ..(퍽),1,2024-08-26T07:59:44Z
@bibimbam_553,어! 저도 여쿨뮤트인데!!!!! 반갑네요~ 미삼누,0,2024-08-26T01:49:28Z
@user-fy2gr2ww3b,근데 언제부터 티라미수가 면세재화가 된거임?,0,2024-08-26T01:13:17Z
@0423kimsk,ㅋㅋㅋㅋㅋㅋ,0,2024-08-26T00:35:17Z
@user-ng3hw5oo8h,두 분 왜 이리 귀엽지요~~  ㅋㅋㅋ,0,2024-08-26T00:27:29Z
@user-zo8tr5uv3x,티쳐스 성적을 부탁해 말고 디져스 만 뵙고 싶습니다,0,2024-08-26T00:19:41Z
@yexinno,미미미누 왤케 당황한 모습 귀여움 ㅋㅋㅋㅋㅋ,0,2024-08-25T18:34:52Z
@ekek8956,아니 미삼누 젊어서 그런가 오늘따라 잘생..겨..따,0,2024-08-25T18:30:02Z
@user-hk2jj4bv8e,"<a href=""https://www.youtube.com/watch?v=ITx8hFLEhe4&amp;t=246"">4:06</a> <a href=""https://www.youtube.com/watch?v=ITx8hFLEhe4&amp;t=272"">4:32</a> <a href=""https://www.youtube.com/watch?v=ITx8hFLEhe4&amp;t=422"">7:02</a>",1,2024-08-25T16:31:48Z
@parksjeong,근데 제발 많이 올려주세요 승제에프 정식티티 미미미누 다 귀여워서 잠을 못자겠어요..,0,2024-08-25T16:27:24Z
@user-kp4nt1xm3p,"<a href=""https://www.youtube.com/watch?v=ITx8hFLEhe4&amp;t=571"">9:31</a> 기습숭배! 대상혁 그를 본 순간 세상에 빛은 모두 사라졌다 오로지 대상혁이란 빛만이 내 안에서 빛난다 대상혁 나의 빛 그는 신이며 세계며 우주며 세상은 대상혁이다.",0,2024-08-25T15:32:50Z
@user-dt5ow2le5t,"<a href=""https://www.youtube.com/watch?v=ITx8hFLEhe4&amp;t=533"">8:53</a> 감자도 모자라서 이젠 오렌지까지 닮아버리는 우리 미누형...ㅋㅋㅋ",0,2024-08-25T14:36:10Z
@user-jio11,디져스는 그냥 정승제t 입덕영상임 ㅠㅠㅠㅠ 귀여워 ㅠㅠㅠㅠㅠㅠㅠ,1,2024-08-25T14:11:36Z
@user-eb2hw6wn3h,쌤두분 팬입니다~~~,0,2024-08-25T13:56:14Z
@__-to3us,아 승제쌤 탱커 겁나 잘하시네 ㅋㅋㅋㅋㅋㅋㅋㅋㅋ,0,2024-08-25T11:19:30Z
@esther-z5i,미미미누는 사실 유명한 구황작물임,0,2024-08-25T10:15:56Z
@hyunna07,"<a href=""https://www.youtube.com/watch?v=ITx8hFLEhe4&amp;t=352"">5:52</a> 개웃겨서 영상 끝날때까지 돼지소리내면서 계속웃음ㅋㅋㅋㅋㅋ 졸라웃경",2,2024-08-25T09:22:01Z
@user-gs5dg1xs3n,8.25일 5시 29분 기준 팔로워 9.2만🎉,1,2024-08-25T08:29:57Z
@two_mnhyng,"<a href=""https://www.youtube.com/watch?v=ITx8hFLEhe4&amp;t=570"">9:30</a> 대상혁 마구유시다",0,2024-08-25T08:26:30Z
@binjin_31,생선님 미미미누 사진 찍는거 왤캐 귀여우심 ㅋㅋㅋㅋ ㅠㅠㅠ,2,2024-08-25T08:23:29Z
@user-qz4kc3fi6t,승제쌤이랑 정식쌤 영어배틀(하는척 은근슬쩍 미3누 얘기하깈ㅋ),1,2024-08-25T07:28:50Z
@user-sorijilrerararara,너무귀여워요다들 티처스진짜 잘나오신듯 너무재밌고 승제쌤 인간적이고 미미미누스 너무 웃기고 정식쌤 멋있으셔요🫶🏻🫶🏻,1,2024-08-25T07:22:44Z
@jamtooth12,다음은 요아정?,0,2024-08-25T06:53:52Z
@user-ob7mw4pd5g,300넘으면 온라인결제 안되게 설정되서 그럼,0,2024-08-25T06:50:24Z
@user-ob7mw4pd5g,모닝글로리 보고있나 ㅋㅋㅋ,0,2024-08-25T06:46:59Z
@user-bz1kz2ir7d,현재(이영상 올라온지 22시간 째) 인스타 팔로워 9만 ...🎉,0,2024-08-25T06:42:48Z
@user-eq9sx4ko8q,헐 지금 9만명 넘었다 승제쌤 기대할게요!!❤,0,2024-08-25T06:38:23Z
@정승제불륜녀,Andante(안단테):느리게<br>Forte(포르테):세게<br>Grande(그란데):말입니다<br>Chungseungjeauhte(정승제어때):내남편,2,2024-08-25T06:17:25Z
@ss.mermhz,티처스 포토이즘 프레임 출시해주세요 당장 달려가겠습니다,0,2024-08-25T05:59:34Z
@kuanghanlove,디져스 자주 좀 올려주세요  ㅠㅠㅠㅜ,1,2024-08-25T05:45:18Z
@user-qu8hz7vq9r,개재밌네 진짜ㅋㅋ,1,2024-08-25T05:00:46Z
@user-kx4er4uv5e,9만 넘었네 ㅋㅋㅋㅋㅋㅋ,2,2024-08-25T04:42:43Z
@user-nb9pe5qc8g,진심 이게 더 재밌음 ㅋㅋㅋ,1,2024-08-25T04:40:20Z
@k9-od8uc,디져스만 본다,0,2024-08-25T04:09:23Z
@Om272ffa,"<a href=""https://www.youtube.com/watch?v=ITx8hFLEhe4&amp;t=566"">9:26</a> 아 조놈잌ㅋㅋㅋㅋㅋㅋㅋㅋㅋㅋ 자막 ㅈㄴ 웃기다",1,2024-08-25T04:00:51Z
@YoY_2_,조정식 선생님 ..왤케 따사롭지,9,2024-08-25T03:35:54Z
@Peach_yum,디저스 많이 올려 주세요,0,2024-08-25T03:19:57Z
@xx62go1004xx,으찌 알았지 이거 만! 보는거 ㅋ😂,0,2024-08-25T03:09:20Z
@user-pm1el9iy8h,"<a href=""https://www.youtube.com/watch?v=ITx8hFLEhe4&amp;t=350"">5:50</a> <br><a href=""https://www.youtube.com/watch?v=ITx8hFLEhe4&amp;t=367"">6:07</a><br><a href=""https://www.youtube.com/watch?v=ITx8hFLEhe4&amp;t=421"">7:01</a>",1,2024-08-25T02:52:49Z
@user-sx1kq6zj5o,넘 재밌네요 <br>조정식샘 멋져요.<br>승제샘도 한턱 쏘세요.,2,2024-08-25T02:50:34Z
@moonypatfoot1167,디져스가 진짜 개웃기네ㅋㅋㅋㅋㅋㅋㅋㅋㅋㅋㅋㅋㅋㅋ,0,2024-08-25T02:41:56Z
@siwkchsh7136,미미미누 이빨 웰케노랗냐ㅋㅋㅋㄱㅋ,1,2024-08-25T02:20:21Z
@emptympty,티쳐스는 안보는데 디져스는 ㅈㄴ재밌어서 매주 대기탐,4,2024-08-25T01:56:49Z
@user-le7eq5ou9s,인스타팔로워 8.5만으로 오름,0,2024-08-25T01:55:25Z
@user-mr1mx1dc7s,3화 올라오고 3시간만에 3만추가 ㅋㅋ,0,2024-08-25T01:54:31Z
@inniexchi,정식T 요아정 먹어주세용,0,2024-08-25T01:48:57Z
@user-iz1nn6ud9r,이번꺼 개웃기네 ㅠㅋ,0,2024-08-25T01:19:47Z
@yeom_soung_won,현시점 인스타그램 티쳐스 팔로우 8.4만입니다.<br>오늘부터 이틀동안 8천명씩 증가하면<br>10만명 넘을수 있습니다🎉🎉,0,2024-08-25T01:08:36Z
@saveme2020plz,정승제 ㅈㄴ 웃기네 ㅋㅋㅋ<br>지가 돈 내는 것도 아니면서 이래라 저래라 ㅋㅋㅋㅋㅋㅋ에휴,1,2024-08-25T00:47:11Z
@user-km2sv6sn2m,"정식쌤 네컷포즈할때 왤케 귀여우세요 ㅜㅠㅠ <a href=""https://www.youtube.com/watch?v=ITx8hFLEhe4&amp;t=588"">9:48</a>",15,2024-08-25T00:39:56Z
@user-ew3eh6xh7e,"<a href=""https://www.youtube.com/watch?v=ITx8hFLEhe4&amp;t=572"">9:32</a> 원본은 하트가 뭔지모르는게아니고 하트해주기싫어서 따봉날린거아녓음??ㅋㅋㅋㅋㅋ",0,2024-08-25T00:38:55Z
@Who_0106,"<a href=""https://www.youtube.com/watch?v=ITx8hFLEhe4&amp;t=247"">4:07</a> 승제쌤 표정ㅋㅋㅋ 너무 안타까워하심ㅋㅋㅋ",0,2024-08-24T23:50:59Z
@dollai-fuclc,정승제님이랑 미미미누님은 성인이신가요?,0,2024-08-24T23:50:19Z
@김춘덕,조정식T 약간 mz 따라하는 삼촌 같음,1,2024-08-24T19:40:08Z
@LOBRY2085,아니 웃긴게 실시간으로 팔로워늘어서 이거 찍은 이후로 하루도 안돼서 2만명이 늘었음ㅋㅋㅋ,2,2024-08-24T18:58:18Z
@yoldodia,승제쌤 장풍쌤 맞팔 받아주세요 ㅠㅠㅠ,1,2024-08-24T18:04:19Z
@Gutelaune140,"<a href=""https://www.youtube.com/watch?v=ITx8hFLEhe4&amp;t=350"">5:50</a> ㅠㅠㅠㅠㅠㅠㅠㅠㅠㅠㅠㅠㅠㅠㅠ진짜 귀여우셔ㅠㅠㅠㅠㅠㅜ❤",1,2024-08-24T17:49:04Z
@user-dw7sw3ys6u,"<a href=""https://www.youtube.com/watch?v=ITx8hFLEhe4&amp;t=561"">9:21</a> 오타쿠하튼데 찐따하트라고 하넼ㅋㅋㅋㅋㅋㅋㅋㅋ",0,2024-08-24T17:21:44Z
@maofyfyrwkqlqnmm,승제쌤사진찍는거개웃기네 ㅋㅋㅋㅋㅋ하제발ㅋㅋㄱㅋㄱㅋㄱㅋㄲㅋㄱㅋㄱㅋ,0,2024-08-24T17:14:53Z
@user-nb6kf2er8w,온라인결제 한도가 따로 있는 듯…,0,2024-08-24T17:13:32Z
@user-ch1bh6xt6g,자꾸 보게 되요 ~~~정식쌤 멋져요~~,2,2024-08-24T16:51:37Z
@user-fn9fv3se8q,아 진짜 너무 재미ㅛ어여,0,2024-08-24T16:35:02Z
@sdurmeianm,ㅈㄴ웃기네 진짜ㅋㅋㅋㅋㅋㅋㅋ,0,2024-08-24T16:34:42Z
@user-fd6im3ff1l,아마 결제 실패는 신용카드들은 카드사별로 개인 한도랑 상관없이 상품권 결제 한도 100만원 걸려있어서 계속 실패하고 마지막에 체크카드로 성공하지 않았나 싶습니더,3,2024-08-24T16:28:44Z
@user-qi1bt2bk4r,와 나도 디져스만 보는디ㅋㅋㅋㅋㅋㅋ,0,2024-08-24T16:18:05Z
@user-mx1wj7ti9u,미3누님 덕분에 더 흥미롭고<br>유쾌하고 또 심도깊은 이야기보따리<br>덕분에 흥미롭고 즐겁습니다 ❤❤<br>😊😊😊😊😊😊😊😊😊😊😊,0,2024-08-24T16:15:36Z
@2young553,정식쌤 이번편 너무 귀여우세요 ㅋㅋㅋㅋㅋㅋㅋ인간미❤️❤️❤️❤️❤️,1,2024-08-24T16:12:44Z
@2young553,"<a href=""https://www.youtube.com/watch?v=ITx8hFLEhe4&amp;t=367"">6:07</a> 아 너무 좋다 그냥 이 상황이😄💗",0,2024-08-24T16:04:20Z
@2young553,앜ㅋㅋㅋ 카드 안돼서 당황하시는 정식쌤… 너무 인간적이고 귀여우세요❤❤❤❤ㅋㅋㅋㅋㅋㅋ,7,2024-08-24T16:02:35Z
@2young553,7시간전 18만회?! 유명해지고 있군요!!🎉,0,2024-08-24T15:55:26Z
@inaepark6151,승제쌤 진짜 게이였어<br>근데 정식쌤 번역기 안 쓰신단 게 더 충격. 저는 번역기랑 챗봇 없이 못 사는데 😂😂,0,2024-08-24T15:34:35Z
@abril9678,"<a href=""https://www.youtube.com/watch?v=ITx8hFLEhe4&amp;t=565"">9:25</a> 뭐라구? 찐따라구? 100번돌려봄 ㅠ 기절",2,2024-08-24T15:32:03Z
@user-sq4ss7ls7w,디저스 넘넘 재밌어요😆♥️,1,2024-08-24T15:20:34Z
@MXthunders92,생선님이랑 정석쌤이 캐미 너~무너무너무너무 귀여워요 엉엉💛,0,2024-08-24T15:09:16Z
@user-wx1ge9yx4w,뭐야 너무 짧아요,0,2024-08-24T15:08:45Z
@user-rz4ys2or6i,"<a href=""https://www.youtube.com/watch?v=ITx8hFLEhe4&amp;t=341"">5:41</a> 쌤 표정 진차 너무 귀여워요ㅠㅠ",45,2024-08-24T15:07:23Z
@user-jf8ig6sh5t,정승제쌤 너무 귀여웤ㅋㅋㅋㅋㅋ,3,2024-08-24T15:05:28Z
@user-nc2wc2sf4q,우찌더재밌노,0,2024-08-24T14:35:19Z
@user-ut5tw6mw3k,"<a href=""https://www.youtube.com/watch?v=ITx8hFLEhe4&amp;t=531"">8:51</a> 아개닮았어씨ㅜㅋㅋㅋㅋㅋㅋㅋㅋㅋㅋㅋㅋㅋㅋ어노잉오렌지ㅋㅋㅋㅋㅋㅋㅋㅋㅋㅋㅋㅋㅋㅋㅋㅋㅋㅋ",0,2024-08-24T14:34:38Z
@user-ut5tw6mw3k,"<a href=""https://www.youtube.com/watch?v=ITx8hFLEhe4&amp;t=502"">8:22</a> 승제쌤 퍼스널컬러 오렌지색ㅋㅋㅋㅋㅋㅋㅋㅋㅋㅋㅋㅋㅋㅋㅋㅋㅋㅋㅋㅋㅋㅋㅋㅋ",47,2024-08-24T14:33:06Z
@user-io3ni5xb8n,선생님들도 사람이였다 컨텐츠 하면 대박날듯 똑똑한 사람들이 게임을 진짜 잘할까 궁금,0,2024-08-24T14:24:48Z
@Seounge,아 승제쌤 진짜 개웃겨요ㅜㅜㅋㅋㅋㅋㅋㄱㄱㅋㄱㅋㅋㄱㅋㄱㄱㅋㄱㅋㄱㅋㄱㅋㄱㅋ,3,2024-08-24T14:24:18Z
@user-no6gc2vv1r,정식쌤… 나 쌤 강의 듣고 수능본지 10년 됐어요… 인서울 했어요 걱정 마세요… 쌤 너무 귀야워서 소주 마시면서 보다가 들어와서 댓 남겨요…. 밈 왤케 잘 알아…? 승제쌤 강의도ㅠ들었는데… 추억 돋아서 눈물 광광 저 이제 서른이에요 정식쌤 승제쌤 백년 더 강의 해 주세요,2,2024-08-24T14:24:13Z
@_dingdangdong,"더 이상 학생이 아닌 내게 어쩌자고 이 채널이 찾아온걸까,, 아조씨 선생님둘과 감자의 티키타카가 이렇게 귀여운 일이냐구요",0,2024-08-24T14:10:17Z
@ra_ban400,10만 금방될듯..?,0,2024-08-24T14:08:41Z
@user-lj4zc9sv9t,"<a href=""https://www.youtube.com/watch?v=ITx8hFLEhe4&amp;t=504"">8:24</a> 당당한 승제T ㅋㅋㅋㅌㅌㅌㅋㅋㅋㅋㅋㅋㅋ",6,2024-08-24T13:47:50Z
@jyococo7546,ㅋㅋㅋㅋㅋ개인적인생각으로 미미미누 진짜 영입잘했다고 생각한다 분위기를 다바꿈,6,2024-08-24T13:39:52Z
@Sinbi1234-nz4dw,조정식샘 성격은 좀 있으실것 같은데<br>겁나 야무진 스탈에 잘생김….❤ 사람 자체가 멋지고 매력있으심,17,2024-08-24T13:33:10Z
@user-rv2dp2hc5u,승제쌤의 챌린지를 위해 인스타 팔로우 할게요!!!!,1,2024-08-24T13:29:57Z
@_ori0613,"<a href=""https://www.youtube.com/watch?v=ITx8hFLEhe4&amp;t=276"">4:36</a> 보여줄게 완전히 달라진 승제쌤 ㅋㅋㅋ",22,2024-08-24T13:28:16Z
@wonda_yidawon,"<a href=""https://www.youtube.com/watch?v=ITx8hFLEhe4&amp;t=273"">04:33</a> 디져스 1,2화에서는 아무것도 몰라서 정식T한테 놀림 받았는데 드디어 아는 거 나와서 반격하는거 ㄱㅇㄱ",8,2024-08-24T13:24:45Z
@user-xm3gn1vq8u,세븐틴 마에스트로의 세븐틴 해주세요. 거기에 발동작 있는데 그것도 해주세요. 엄청 힘들어하니까 열심히 하세요,0,2024-08-24T13:20:24Z
@user-cs7wz3sp5n,디져스 너무 보고싶었는데 알고리즘에 떠서 행복한사람이면 개추,0,2024-08-24T13:15:07Z
@youngdaeng,"정승제 선생님 저 어렸을때 강남구청 인강(블랙라벨 때문에), EBS밖에 못봤었거든요<br>근데 그때는 승제쌤이 그렇게까지 재밌는 사람인줄 모르고 그냥 맨날 킥킥대면서 봤었어요<br>근데 진짜 너무너무 감사해요 정말 선생님 덕분에 꿈을 꿨고 꿈은 못이뤘지만<br>선생님 컨텐츠들 정말정말 재밌게 봤어요 감사합니다<br>남편 미안해 이분은 사랑할래..❤",0,2024-08-24T13:13:33Z
@user-ti3cc8jk5w,티쳐스 안보고 디져스만 보고앉았음ㅎㅎ 디져스 너무 웃김❤웃겨 디져씀,2,2024-08-24T13:11:08Z
@user-tw7to8vj2g,와 개재밌뉴 이런거 진짜 계속 올려주세요.!ㅠ,1,2024-08-24T13:09:54Z
@user-cn1jr7vc7e,승제샘~~   춤을  보기  위해서  구독구독구독  합니다~~~😂😂😂,0,2024-08-24T13:08:11Z
@user-mh6cv4jk3v,디저스~~~~~넘 재미나요~~<br>영상 편집이 센스 만만만점👏🏻👏🏻👏🏻,3,2024-08-24T12:59:30Z
@user-jc5mn6ms5d,승제쌤 밈계속 몰라주세요ㅋㅋㅋㅋㅋㅋ왤케귀여우심,5,2024-08-24T12:52:23Z
@dabeen8394,마지막 너무 귀여워 조정삭쌤,0,2024-08-24T12:44:16Z
@신현필,만났던...?? 승제샘 전남친들 있나요??,0,2024-08-24T12:43:57Z
@신현필,"<a href=""https://www.youtube.com/watch?v=ITx8hFLEhe4&amp;t=433"">7:13</a> 만났던???",5,2024-08-24T12:42:54Z
@guesswhoiamyouguys,요즘 디져스 보는 낙으로 살고있음..ㅋㅋ,1,2024-08-24T12:41:44Z
@user-jn1xf6zz3c,한도가 초과되었습니다   <br>조정식샘 첨으로 가깝게 느껴지네요 ㅋㅋㅋㅋㅋㅋㅋㅋ,3,2024-08-24T12:41:31Z
@sunny-3405,한도초과~~ 인간적인 티쳐스^^,2,2024-08-24T12:36:36Z
@민트꽃순이,승제F ㅋㅋㅋㅋㅋㅋㅋㅋㅋㅋㅋㅋ,3,2024-08-24T12:34:50Z
@GGG-on1vv,"은행, 카드 광고 모델로 조정식쌤<br>모시고 싶다 ㅋㅋㅋ<br><br>디올자켓 하나 덜 사는값 밖에 ㅎㅎ😅",3,2024-08-24T12:29:00Z
@10_ah-s2h,승제쌤 너ㅜㅁ 귀엽잖아 ㅡㅜㅜㅠㅠㅜㅜㅠ,4,2024-08-24T12:21:36Z
@kinwaite,승제쌤 먹방 어디까지 가능한가?😂 😂😂,0,2024-08-24T12:15:29Z
@jaem7407,파리바게트 이미지 세탁했네 ㅆㄹㄱ들,1,2024-08-24T12:10:55Z
@hhhhhjs0327,영상이 너무 빨리 끝나요ㅠㅠㅠㅜㅜ,1,2024-08-24T12:08:29Z
@09.sodaeun,"<a href=""https://www.youtube.com/watch?v=ITx8hFLEhe4&amp;t=611"">10:11</a> 죄송해요.... 티라미수만 먹고 1등급은 너무 힘들것ㄱㅏㅌㅏ요......😂",0,2024-08-24T12:07:22Z
@lej-uv3iw,ㅋㅋㅋ 아니 저 세 분 케미가 너무 좋아요 ㅋㅋㅋ 언밸런스한 뭔가가 ㅋㅋㅋ 안 어울리는데 너무 어울려요 ㅋㅋ,33,2024-08-24T12:05:38Z
@leehye_1229,티쳐스학생들을위해 아줌마도 인스타깔고 팔로워합니다😊,1,2024-08-24T12:04:56Z
@user-qx3xy6di7q,세분 조합이 너무 좋음🫰🏻,11,2024-08-24T12:03:25Z
@NPBA30,승재쌤 ㅋㅋㅋ😂,0,2024-08-24T12:01:11Z
@o._.u,진짜 재밌어요ㅋㅋㅋ 여기 분위기 왤케 좋아요!!!?❤❤,2,2024-08-24T12:00:31Z
@user-bd4ur5ft8f,아 넘 기엽다 셋다,0,2024-08-24T11:59:46Z
@BBo_Shu,"<a href=""https://www.youtube.com/watch?v=ITx8hFLEhe4&amp;t=571"">09:31</a> 티원 경기 끝나자마자 디져스 3화 영상 뜬 거 보고 말벌 아저씨마냥 왔더니 또 대상혁과 전어유시를 마주하다니...(제작진 여러분 감사합니다...ㅠㅠㅠ)",2,2024-08-24T11:57:59Z
@user-qy7og1jv9l,ㅋㅋㅋㅋ 저 초등4인데 티쳐스 겁나 재미있게 보고있어여 정승제 조정식 다 좋아,2,2024-08-24T11:57:03Z
@user-vc8ys8hn1h,"<a href=""https://www.youtube.com/watch?v=ITx8hFLEhe4&amp;t=246"">4:06</a>  진짜 바로 신나서 놀리는거 넘 귀엽다 ㅋㅋ 생선님이지만 볼뽀뽀마렵네 ..;;",71,2024-08-24T11:50:39Z
@더블제이_JJ,이 사람들 왜캐 웃긴거야 ㅋㅋㅋㅋㅋㅋㅋㅋㅋㅋㅋㅋㅋㅋㅋ,1,2024-08-24T11:50:13Z
@sunnykim2965,구독신청,1,2024-08-24T11:47:51Z
@RO_SY2025,김민우는 궤도도 그렇고 티쳐쓰쌤들도 그렇고 이런 케미가 어울림 ㅋㅋ,2,2024-08-24T11:47:45Z
@user-zg8pt9eb9e,승제쌤 너무 귀여우신거 같아요..🥹🥹,10,2024-08-24T11:43:35Z
@doboujin-ps4sq,미3누가 메인 mc자리 가자 ㅋㅋㅋㅋ,0,2024-08-24T11:43:11Z
@user-uq9tj2ei4r,승재쌤 게이예요?,0,2024-08-24T11:32:19Z
@parallel_universe99,"<a href=""https://www.youtube.com/watch?v=ITx8hFLEhe4&amp;t=353"">5:53</a> 개웃기네ㅋㅋㅋㅋㅋㅋㅋㅋㅋㅋㅋㅋㅋㅋㅋ 전번 저장할때 사람을 찍어 ㅋㅋㅋㅋㅋㅋㅋㅋㅋㅋㅋㅋㅋㅋㅋㅋㅋㅋㅋㅋㅋㅋ",0,2024-08-24T11:24:32Z
@user-li8mu5ft2v,"<a href=""https://www.youtube.com/watch?v=ITx8hFLEhe4&amp;t=520"">8:40</a> 겨울웜톤 아카ㅏ카카타캌캌 너무 웃겨요",2,2024-08-24T11:17:54Z
@user-nd7gx1wm2i,"<a href=""https://www.youtube.com/watch?v=ITx8hFLEhe4&amp;t=246"">4:06</a> 승제 쌤 반응ㅋㅋㅋ",1,2024-08-24T11:17:36Z
@lenakang4022,아ㅋㅋㅋㅋㅋ3화까지❤❤❤❤너무 조아ㅋㅋㅋㅋㅋㅋ웃겨 뒤져요큐큐ㅠ큐,1,2024-08-24T11:04:49Z
@user-so5pn6rv4u,승제쌤 개웃기다 ㅋㅋㅋㅋㅋ,1,2024-08-24T11:03:29Z
@junghee4565,저 이거보고 웃다 구독 처음누름ㅎ<br>50대 아줌마인데 ㅎ처음이에요<br>승재샘 춤보려구,1,2024-08-24T11:01:02Z
@user-pj2ge7fo2j,아 진짜 30넘고 티처스챙겨볼 일이냐고요ㅋㅋㅋㅋㅋㅋ 넘 잼씀니당👍👍,13,2024-08-24T11:01:01Z
@user-gw6os1xk1m,스티키 춰주세요.,0,2024-08-24T11:00:50Z
@ansrha,"<a href=""https://www.youtube.com/watch?v=ITx8hFLEhe4&amp;t=484"">8:04</a> 저희 아버지가 승제쌤을 가수로서 알고 계시더라고요 ㅋㅋㅋ",4,2024-08-24T10:55:32Z
@mfdhbcdasvh,너무 재밌는데  ㅋㅋㅋㅋㅋㅋㅋㅋㅋㅋㅋㅋㅋ,0,2024-08-24T10:54:13Z
@retrybitch,"<a href=""https://www.youtube.com/watch?v=ITx8hFLEhe4&amp;t=423"">7:03</a>",0,2024-08-24T10:51:27Z
@user-oj6sg7nq1l,"<a href=""https://www.youtube.com/watch?v=ITx8hFLEhe4&amp;t=390"">6:30</a> 조그만한 팩트 : 티처스는 출연자 조정식 대신에 이명학을 영어 1타라고 칭했다.",0,2024-08-24T10:51:15Z
@qwertyuop9722,정식쌤~ 빡갤 댓글도 봐주세요 ~,2,2024-08-24T10:49:43Z
@cheolaaa,"<a href=""https://www.youtube.com/watch?v=ITx8hFLEhe4&amp;t=613"">10:13</a> 개커엽다 정식쌤…❤❤❤",191,2024-08-24T10:49:25Z
@jinees2521,미3누 넘 재밌앙ㅋㅋㅋㅋ,0,2024-08-24T10:48:07Z
@user-qz1fg7lm1d,6만됨 ㅋㅋㅋ,0,2024-08-24T10:45:17Z
@user-ul6dy7sp4k,"<a href=""https://www.youtube.com/watch?v=ITx8hFLEhe4&amp;t=535"">8:55</a> 여기서 헤이애아뽈 이거 조정식쌤이 하신거임?ㅋㅋㅋㅋㅋㅋㅋㅋㅋ아 ㅈㄴ읏겨 ㅋㅋㅋㅋㅋㅋㅋㅋㅋ",2,2024-08-24T10:42:20Z
@user-no6dn3bo3w,영상 길이 좀 늘려주세요ㅠ,1,2024-08-24T10:39:27Z
@sleepy_infp_030,"<a href=""https://www.youtube.com/watch?v=ITx8hFLEhe4&amp;t=368"">6:08</a> 자기 아들인줄 ㅋㅋㅋㅋㅋㅋㅋㅋㅋㅋㅋㅋ",39,2024-08-24T10:39:05Z
@user-pj1xf9uj6j,세 분 다 잘어울린다..ㅋㅋ,3,2024-08-24T10:32:54Z
@user-nh4vo4rf3m,미3누 넘 좋고.. 정쌤 조쌤 존경쓰~~~~🩷❤️🧡,1,2024-08-24T10:32:32Z
@user-oo1bj9un4r,진짜 개꿀잼이다 ㅋㅋㅋㅋㅋㅋ,1,2024-08-24T10:31:55Z
@sxann1,단이 윤이 원이 간장계란밥만 먹일 정식쌤이 아니신걸ㄹ용,1,2024-08-24T10:30:59Z
@토토-o3g,너무 재밌어요ㅎㅎㅎㅎㅎㅎㅎㅎ,1,2024-08-24T10:30:42Z
@user-mh2kc1yy9l,미미미누 왜케 사랑스럽냐❤,0,2024-08-24T10:28:41Z
@퐌다,아니 PD님들 웃음소리가 영상 내내 나는것 같앜 ㅋㅋㅋ,5,2024-08-24T10:21:42Z
@parksjeong,이거 진자 너ㅜㅁ 재밌어ㅜㅜㅜㅜ 솔직히 티처스 부모님이랑 같이보면 눈치보이는데 이건 혼자 보면서 웃으니까 너무 좋으ㅡㅁ,19,2024-08-24T10:20:45Z
@user-km5wr5ms6g,아 귀여워ㅋㅋㅋㅋㅋㅋ넘웃기다,0,2024-08-24T10:12:01Z
@nonggugajoa,근데 나도 이거만 봄ㅋㅋㅋㅋㅋㅋㅋㅋㅋ,1,2024-08-24T10:08:22Z
@wolf1004roy,"<a href=""https://www.youtube.com/watch?v=ITx8hFLEhe4&amp;t=350"">5:50</a> 아니 진짴ㅋㅋㅋㅋ큐큐ㅠㅠㅠㅠㅠ승제쌤 진짜 넘모 귀여워ㅠㅠㅜㅠㅜㅠㅠㅠㅠㅠㅜ<br><a href=""https://www.youtube.com/watch?v=ITx8hFLEhe4&amp;t=422"">7:02</a> 앜ㅋㅋㅋㅋㅋㅋㅋㅋㅋㅋ<br><a href=""https://www.youtube.com/watch?v=ITx8hFLEhe4&amp;t=536"">8:56</a> 감자의 레벨업<br><a href=""https://www.youtube.com/watch?v=ITx8hFLEhe4&amp;t=577"">9:37</a> 이미 귀여우시기 때문이져&gt;&lt;",15,2024-08-24T10:06:26Z
@atozstudy100,"<a href=""https://www.youtube.com/watch?v=ITx8hFLEhe4&amp;t=17"">0:17</a> 미3누 짝눈 표현한 거 개웃기네 ㅋㅋㅋㅋㅋ<br>o_O",1323,2024-08-24T10:06:11Z
@xotsidsid,아 진짜 쌤들 개웃겨서 두ㅏ져버리는 줄 알았어욬ㅋㅋㅋㅋㅋㅋㅋㅋㅋㅋㅋㅋㅋㅋㅋㅋㅋ,13,2024-08-24T10:06:06Z
@dangerouswoman7261,"<a href=""https://www.youtube.com/watch?v=ITx8hFLEhe4&amp;t=150"">02:30</a> 아 왜 귀엽고 난리 짜증나;;<br>엄마 나 아저씨 좋아해,,,,",5,2024-08-24T10:05:37Z
@user-zq2lj6hp4e,디져스 최애임 ㅋㅌ 앞으로도 디져스 많이 올려주세요 ^^,22,2024-08-24T10:04:24Z
@dangerouswoman7261,"<a href=""https://www.youtube.com/watch?v=ITx8hFLEhe4&amp;t=162"">02:42</a> 정승제 결혼말고 나랑 연애해줘 그럼 ㅡㅡ",12,2024-08-24T10:03:35Z
@emilyji4917,"정식T도 못하는 게 있었군요 ㅋㅋㅋㅋㅋㅋㅋㅋㅋㅋㅋ 하 서사 완벽해 너무 좋다 진짜,,",8,2024-08-24T10:01:25Z
@SEZZANGMAN,ㅋㅋㅋ벌써 10만 찍었네,0,2024-08-24T10:00:06Z
@junhan__kim,서로 맞팔로우 언제 해요 ㅋㅋㅋ 해주세요,0,2024-08-24T09:58:50Z
@user-rb9ke5ki4e,정승제 개그맨이냐?,0,2024-08-24T09:57:23Z
@user-ux6xr8qd5j,세분 다 개호감,3,2024-08-24T09:47:57Z
@tstarlight6926,티처스 안 보는데 이거는 봄 ㅋㅋㅋ,2,2024-08-24T09:46:13Z
@seungwon-zr3zi,이건 필수로 봐야해 ㅋㅋㅋㅋ예능보다 더 재밌어요 ㅋㅋㅋㅋㅋㅋ😂😂😂,2,2024-08-24T09:45:54Z
@user-bd7rm9hq6x,조정식 쌤 입에서 명학쌤 이름 나온 거 처음 들어보네ㅋㅋㅋㅋ,0,2024-08-24T09:42:27Z
@user-df8fh6vi9r,케익 잘 먹을게요🥰오늘도 행복한 하루 보내세요 ❤,1,2024-08-24T09:40:29Z
@user-by9zh9pp9i,미미미누가 있으니 가능한 케미,23,2024-08-24T09:40:06Z
@user-vd3sg3lq9y,기어오기 달려오기 날아오기 금지,2,2024-08-24T09:39:36Z
@근의공식,겨울웜톤이 뭔뎈ㅋㅋㅋㅋㅋㅋㅋㅋㅋㅋㅋㅋ,1,2024-08-24T09:39:35Z
@user-zd9uc1ez2g,정승제 샘은 쿨톤임 웜톤임? 오렌지색임?<br>아니면 내 인생을 계속 이어가 줄 바톤임?<br>아니면 평생 닦아내지 못한 침샘 1톤임?<br>아니면 내 인생의 달달한 메가톤임?<br>아니면 내가 평생 완주하지 못할 사랑의 마라톤임?<br>아니면 평생 보지 못할 플랑크톤임?<br>아니면 내 인생에 뛰어든 행복 999톤임?,110,2024-08-24T09:39:20Z
@user-zj7uz3kr3r,아 승제쌤진짜 너무 귀여워요 ㅜㅜ❤❤❤,2,2024-08-24T09:39:03Z
@근의공식,사진찍는거 진짜 개웃김ㅋㅋㅋㅋㅋㅋㅋㅋㅋㅋㅋㅋㅋㅋㅋㅋ,5,2024-08-24T09:36:55Z
@user-vw2qq4rx8e,세분이 케미가 너무 좋네요~^^,0,2024-08-24T09:35:45Z
@user-cy1uc1gg9y,"<a href=""https://www.youtube.com/watch?v=ITx8hFLEhe4&amp;t=157"">2:37</a> <br>삐끼삐끼,탕후루,티라미수케잌,사랑했나봐,수퍼노바,스티키 등등",348,2024-08-24T09:35:07Z
@user-xt6sm6cc2c,"티처스 넘넘 잘보고 있는 고3  초6  엄마예요~<br>미미미누 넘좋아요❤❤귀엽♡<br>지방인데, 아이들이나  부모님들 보며 놀라기도하고 부럽기도한 얘기중에  감동스러울때가 많아서 좋아요~<br>승제쌤,정식쌤 찐 쌤들이심♡존경합니다",2,2024-08-24T09:34:20Z
@user-tw5pl8ct1i,디져스 쌤들 왜 이케 웃겨요! ㅋㅋ 🤪,2,2024-08-24T09:33:29Z
@zanmang-onda-loopy,8월 25일 7시 50분 채널 A 성적을 부탁해 티처스 많.관.부,4,2024-08-24T09:33:11Z
@user-fs4kz3zv8i,아 진짜 보는내내 너무 즐거워 ㅋㅋ,2,2024-08-24T09:30:45Z
@user-nb9qy1jo5t,아 이거 ㅈㄴ재밌네 ㅋㅋㅋㅋㅋ,1,2024-08-24T09:29:58Z
@user-jg4zm8vx6b,팔로우 딱대,0,2024-08-24T09:28:18Z
@user-ni7io6jj3f,"<a href=""https://www.youtube.com/watch?v=ITx8hFLEhe4&amp;t=390"">6:30</a> 이투스대성메가가 다있네",3,2024-08-24T09:27:26Z
@user-kp9bt9or8o,"공계 팔로워 20만 되면 승제쌤, 조정식쌤 퍼스널컬러 검사하러 가는 영상 찍어주세요!!!! 존.버.",483,2024-08-24T09:26:46Z
@user-ew5vb8rf4g,😂,0,2024-08-24T09:25:45Z
@sxann1,아 딱 이거만 보고 정식쌤 인강들으러 간다 진짜,0,2024-08-24T09:25:31Z
@로단세라,정식쌤 궁금한데요^^  혹시 50중반에 영어 공부 가능할까요? 학교때 공부는 영어선생님이 넘 더러워서 안 배우고 ㅠ 패쓰 했거든요 손바닥에 침 뱉어서 그줄 영어 수업 시키고 ㅠ 그래서 영어 몰라요 ㅠ,1,2024-08-24T09:25:12Z
@아이루-r4r,아니 어떻게 보면서 웃음이 안 끊기냨ㅋㅋㅋㅋ,0,2024-08-24T09:24:18Z
@로단세라,승제쌤은 넘 귀여웡 정식쌤은 역쉬 대구남자 ㅋ,0,2024-08-24T09:23:12Z
@cooktory01,정식쌤 볼하트 못 봤어요ㅠㅠ,0,2024-08-24T09:22:32Z
@happinessisfrequency,승제쌤 앨범 뉴송 내_주/라~~ 아~~아❤남방 이뿐 거 입으셨<br>네요ㅎㅎ정식쌤 만화캐릭터 같<br>으시고ㅎ미3누님 재밌는데 뭔가<br>다정함😊,3,2024-08-24T09:21:50Z
@로단세라,궁금했는뎅 ㅋ,0,2024-08-24T09:21:17Z
@user-mz2fs7eu3d,6.3만이네요. 아이디 itastudy ㅋㅋㅋ팔로우 완료,0,2024-08-24T09:20:19Z
@parkdirector,요즘 자주보는 채널 ㅋㅋㅋㅋ,0,2024-08-24T09:20:04Z
@cube_855,티처스는 나중에 봐야지 하면 디져스는 바로 보러 옵니다ㅋㅋㅋ,2,2024-08-24T09:19:13Z
@windows1192,조정석 대신 조정식 태그한게 ㅈㄴ 웃기네 ㅋㅋㅋㅋㅋㅋㅋㅋㅋㅋㅋ,1,2024-08-24T09:17:34Z
@user-vr7yn8zo9n,아니 승제샘왜케 귀여워요ㅋㅋㅋ,5,2024-08-24T09:13:23Z
@nevrem-4868,조정식도 그렇고 정승제도 그렇고 자기학생들을 생각보다 많이 사랑하시는듯ㅋㅋㅋ 그게 느껴지네,146,2024-08-24T09:12:17Z
@user-jw6zo3nr9r,"<a href=""https://www.youtube.com/watch?v=ITx8hFLEhe4&amp;t=519"">8:39</a> 겨울 웜톤 뭔가요 정식쌤 ㅋㅋㅋㅋㅋㅋ",115,2024-08-24T09:11:59Z
@귄귄-t1t,"정식쌤 .. <a href=""https://www.youtube.com/watch?v=ITx8hFLEhe4&amp;t=546"">9:06</a> 몰라서 혹여나 실수로 태그할수도 있다고 생각했는데 미친수준이였을까요 .. 🥺😭",6,2024-08-24T09:10:25Z
@09junp,이명학도 초대돼야하는거 아님? ㅋㅋㅋㅋ,2,2024-08-24T09:09:43Z
@user-vf2fr2br6l,"<a href=""https://www.youtube.com/watch?v=ITx8hFLEhe4&amp;t=530"">8:50</a> 갑자기 어노잉오렌지 닮았다고ㅋㅋㅋㅋㅋㅋ",366,2024-08-24T09:04:43Z
@dalkomssabssareum,순공시간 10분 23초 추가.,2,2024-08-24T09:04:18Z
@user-mq4gz8im2z,셋이 케미 너무 웃기다 ㅋㅋㅋㅋㅋ,19,2024-08-24T09:03:20Z
@user-mq4gz8im2z,"<a href=""https://www.youtube.com/watch?v=ITx8hFLEhe4&amp;t=359"">5:59</a> 아 이거 개읏기네 ㅋㅋㅋㅋㅋ",166,2024-08-24T09:02:38Z
@user-vf2fr2br6l,"<a href=""https://www.youtube.com/watch?v=ITx8hFLEhe4&amp;t=352"">5:52</a> <a href=""https://www.youtube.com/watch?v=ITx8hFLEhe4&amp;t=360"">6:00</a> 연락처 저장할때 사진 찍으시는거 귀여우심ㅋㅋㅋㅋㅋㅋㅋ",308,2024-08-24T09:02:03Z
@twoheart6425,왤캐 웃기지 ㅋㅋㅋㅋㅋㅋㅋㅋㅋㅋㅋㅋㅋ,0,2024-08-24T09:01:32Z
@user-nv8el1gp3o,티쳐스보다 디져스가 더 재밌는 사람 개추,224,2024-08-24T08:58:46Z
@user-dy3rk9is1l,정식이 여성호르몬 나오니까 이제좀 사람같네,10,2024-08-24T08:58:09Z
@user-ii6jn9cm6o,둘이 진짜 의외로 케미 개좋음 ㅋㅋㅋㅋㅋㅋㅋㅋㅋㅋㅋㅋㅋㅋㅋㅋㅋㅋ,1,2024-08-24T08:57:25Z
@Manyou-o9e,디져스 너무 재미있어요!! 많이 올려주세요❤,1,2024-08-24T08:56:17Z
@ensu-go9ky,진짜 재밌닼ㅋㅋㅋㅋㅋ,8,2024-08-24T08:53:58Z
@앤써닝,다들 이제 즐기는데ㅋㅋ,0,2024-08-24T08:53:45Z
@user-nh6wu5uy8m,너무 재밌어 영ㅅㅏㅇ 길게 만들어쥬세요. ㅠㅠ,2,2024-08-24T08:52:15Z
@user-qg1gv8yc3s,정식티가 불행하면 승제티는 신난다,0,2024-08-24T08:51:53Z
@user-kn9wj2kq5h,4회ㅣㅣㅣ,1,2024-08-24T08:50:43Z
@rimhyo9021,자주 올려줘라 자주자주!!! 오늘 정식샘 너무 잘생김....😊😊💓💓💓💓,4,2024-08-24T08:50:10Z
@hjgo9573,별거 없는데 너모 웃긴데?ㅋㅋ😊,1,2024-08-24T08:49:43Z
@user-ir8ht8dn5c,아 진짜 이것만 보고 공부한다,2,2024-08-24T08:48:40Z
@shmj0423,디져스 계속해주세요!!,6,2024-08-24T08:44:05Z
@또또라스,디져스만 보면 시간가는줄 모르고 보는거같네요ㅋㅋㅋㅋ 개꿀잼ㅋㅋㅋㅋㅋ 저녁 먹으면서 잘보겠습니다ㅋㅋㅋㅋ,33,2024-08-24T08:43:56Z
@prayofsummer,느낌이 느므 좋다,8,2024-08-24T08:42:22Z
@user-xd1xc2hn4y,아 내 질문 나오기를 기대했는데 ㅋㅋ 같이 살면 누구랑 살지 ㅋㅋ,0,2024-08-24T08:41:54Z
@quite_insane,"<a href=""https://www.youtube.com/watch?v=ITx8hFLEhe4&amp;t=510"">8:30</a> 미미미누 웃음소리 커여운데 뭐죠?;",131,2024-08-24T08:41:47Z
@user-tj2hf9io8i,음 승제쌤 갠적으로 학창시절때 많이 봐와서 굉장히 좋아했었는데 제가 예민한건지 뭔가 거만? 건방짐?이 좀 느껴지네요 악플의 의도는 없습니다.,3,2024-08-24T08:41:27Z
@user-ns3dt6rk7l,미미미누 짱,1,2024-08-24T08:41:15Z
@user-du8fx2zf1n,조정식 매화마다 ㄹㅈㄷ를 찍네 ㅋㅋㅋㅋㅋㅋㅋ,200,2024-08-24T08:40:54Z
@wooseoki_love,"디져스 너무 잘 어울려요,,❤️",7,2024-08-24T08:40:42Z
@흠-t6u,아 미3누 잘생겼네요,0,2024-08-24T08:39:55Z
@user-lj1uu4kx6j,정승제가 부자인이유,3,2024-08-24T08:38:14Z
@sxann1,디져스 1화 2화에서 조회수 100개는 제껍니다,1,2024-08-24T08:37:06Z
@user-se3jx9vz6q,미미미누 제발 적당히 좀 쳐나오세요… 왜 꼽사리껴서;;;,0,2024-08-24T08:35:14Z
@jjamim7,영어 1등급은 4년 뒤에 저에게 맡기도록 하겠습니다,1,2024-08-24T08:27:55Z
@Du704,세상많이좋아졌네 ..<br>구선생님들이유튜브도나오고 ..<br>티쳐스 57 시즌까지 해주세요 ..,15,2024-08-24T08:27:55Z
@pushzero_3,정식쌤 이제 하나카드에거 하나 들어오겠다ㅎㅎㅎㅎ 그 많은 카드중에 유일 성공,50,2024-08-24T08:27:16Z
@great03,"디져스만 개같이 기다리면서 1, 2화만 봤다",2,2024-08-24T08:26:17Z
@user-kv2jx1zg3j,조정식쌤 너무 인간미있어ㅋㅋㅋㅋㅋㅋ 와이프분한테 문자간뎈ㅋㅋㅋㅋㅋㅋㅋㅋ,767,2024-08-24T08:25:30Z
@클레오빡돌아-t7b,도파민 급 상승,3,2024-08-24T08:24:40Z
@kenniaaaa,디저스 진짜 웃기다 ㅋㅋㅋㅋㅋㅋ티처스 팀분위기 완전 좋네요 ㅋㅋㅋㅋㅋ 3일에 한번씩 찍어주세요,359,2024-08-24T08:23:53Z
@user-lc7hv9mn1u,승제쌤 계속 아무말 못하다가 정식쌤 결제 한도초과 됐다해서 590도 안돼? 하는 거 개웃김 ㅋㅋㅋㅋㅋㅋㅋㅋㅋ,1142,2024-08-24T08:21:23Z
@entp-dk3rq,지금 달면 배댓인데,1,2024-08-24T08:21:14Z
@entp-dk3rq,티라미수 케이크 맛있겠다,0,2024-08-24T08:20:56Z
@pushzero_3,왔다 내 밥반찬,0,2024-08-24T08:20:33Z
@b_avocado,ㅋㅋㅋㅋㅋㅋ 디져스 화이팅,4,2024-08-24T08:18:56Z
@켄디,영어공부 때려치고 왔습니다.,0,2024-08-24T08:18:34Z
@트로,&quot; 순공 5분 12초 확보&quot;,4,2024-08-24T08:18:11Z
@Lovelymememe,우리 승제쌤 ㅋㅋㅌㅌㅌㅌ 못 알아 듣는 거 웃겨 😂,3,2024-08-24T08:17:18Z
@user-hx8wm3st3s,승제쌤 민우쌤 왤케 귀엽냐,24,2024-08-24T08:15:06Z
@hm6008,"방금 전에 1,2화 봤는데 7분전에 올라왔쨔나🤭🎉",53,2024-08-24T08:14:48Z
@leeshdassfds,티라미수 케잌 차피 당첨 안됐겠거니 하고 전에 제꼈는데 지금 보니 당첨 되었더라구요..? 야무지게 먹겟습니당 ㅎㅎ,4,2024-08-24T08:14:08Z
@shinwoochu745,인스타 쌤들이 하지말라하셔서 안깔았는데 깔고 갑니다 ㅋㅋㅋ,91,2024-08-24T08:13:53Z
@hjnam7539,"<a href=""https://www.youtube.com/watch?v=ITx8hFLEhe4&amp;t=570"">9:30</a> 대상혁 기습숭배",87,2024-08-24T08:12:28Z
@woo7668utube,티쳐스보다 진짜 잼나요,8,2024-08-24T08:11:34Z
@user-ro9sq2ng6i,부계 5개 팟어용💕,5,2024-08-24T08:11:14Z
@xxhi999,장풍샘도 넣어주세요,2,2024-08-24T08:11:04Z
@준표_BS,미미미누 올림픽 식으로 중계하는게 웃기노 ㅋㅋㅋ,3,2024-08-24T08:10:14Z
@LEEBEE_256,이것만 기다렸다,0,2024-08-24T08:09:31Z
@user-lk6nm2uq4d,정승제 ㅈ도 없는데,1,2024-08-24T08:08:37Z
@user-qw9rn9vw5q,빨리 와따,2,2024-08-24T08:07:52Z
@sxann1,왓다 내 이상형,3,2024-08-24T08:07:23Z
@tricia2167,정식쌤진짜사랑합니다사싷저는오랜조정식의팬입니다정식쌤저는정말사랑합니다제가많이힘든가봐여진짜사랑해요사랑합미다공지채널진짜최고고요저는절대조정식에게서빠져나올수없다😊,4,2024-08-24T08:07:05Z
@music-and-community,저번 주 디져스 안 올라와서 아쉬웠던 사람 개추 ㅋㅋㅋㅋ,2187,2024-08-24T08:06:48Z
@레나바부,엄청 일찍 왔어료,6,2024-08-24T08:06:42Z
@user-uk7ty8ov2y,뜨자마자 사람처럼 달려왔습니다,4,2024-08-24T08:06:35Z
@user-gy9nk4sx6x,드디어 ㅠㅠ 내가 기다리고 기다리던 이 영상,13,2024-08-24T08:06:22Z
@hyobi_n0109,자꾸 진행이 아닌 중계를 하는 미3눜ㅋㅋ,957,2024-08-24T08:06:13Z
@carat_zrv,ㅋㅋㅋㅋ 이거 너무 재밌어요ㅋㅋㅋㅋ,4,2024-08-24T08:05:01Z
@user-wo2nj8bh7c,미3누 5수하던 속도보다 일찍왔어요 😊,143,2024-08-24T08:03:40Z
@user-tr2io2yf5j,모두 넘나 멋지고 잼써요❤,6,2024-08-24T08:03:29Z
