Author,Comment,Likes,Published At
@play-channelA,"💗티처스 인스타그램 놀러오세요💗 <br><a href=""https://www.instagram.com/iltastudy/"">https://www.instagram.com/iltastudy/</a>",240,2024-07-29T04:35:44Z
@mizal0618,개웃기네ㅋㅋ,0,2024-09-11T03:10:02Z
@chitalala462,아 정승제쌤 짱우끼네,0,2024-09-11T00:09:54Z
@kinwaite,승제쌤 유행 따라가려는 큰아빠 같네😂😂😂,0,2024-09-09T21:28:16Z
@smilinghera,아마 저기 관계자 분들 중 막내 라인은 학창 시절에 두 선생님 강의 듣고 크셨을 법하겠네ㅋㅋㅋㅋㅋㅋ 특히 정승제Fㅋㅋㅋㅋ,0,2024-09-09T13:44:50Z
@Im.your_buddy,너무 귀엽닼ㅋㅋㅋㅋㅋㅋ,0,2024-09-07T16:50:12Z
@NNNAJJJIMIM,"<a href=""https://www.youtube.com/watch?v=QNSCELZmNl0&amp;t=300"">5:00</a> 우리 엄만줄 알았네",0,2024-09-07T13:56:57Z
@kncsy3370,승제쌤 정식쌤 둘다 다른느낌 둘다 너~~~~어~~~~무~~쪼아❤❤❤  이선생님들 영원하라~~,0,2024-09-05T08:12:31Z
@user-po5iv1rm7k,"고3 때 유일하게 인강 들었던 두 쌤이,,❤️<br>조정식 쌤 덕분에 영어 만년3등급에서 수능 1점 모자란 2등금 찍었는데 ㅠㅠ<br>승제 생선님 덕분에 수학 포기 안 하고 잡고 갔는데 ㅠㅠ<br>진짜 고3들의 합법적인 유일한 도파민이닼ㅋㅋㅋ",0,2024-09-04T01:51:59Z
@user-qs1eg8kp9m,생선님 기껏 본 애니가 독고탁 막 이러시구ㅋㅋㅋㅋㅋㅋㅋㅋㅋ진짜 뿜었다,0,2024-09-03T17:50:19Z
@jaii7627,의외다 ㅋㅋㅋㅋㅋ조정식쌤이 트렌드에 관심없고 승제쌤이 이것저것 알 줄 알았음ㅋㅋㅋㅋ,0,2024-09-03T09:48:47Z
@핑키핑키-h8z,조정식 사진나올때 리즈시절BGM  뭐냐고 ㅋㅋㅋ 진짜 편집자 ㅋㅋㅋ,0,2024-09-01T19:10:35Z
@user-cb5pi4wc5r,두분다 사랑합니다~~,0,2024-09-01T10:32:30Z
@Whdkgg,영상 한 30분 짜리 만들어주세요!,0,2024-09-01T09:53:44Z
@suuun1009,"<a href=""https://www.youtube.com/watch?v=QNSCELZmNl0&amp;t=425"">7:05</a> 귀여워요",0,2024-08-31T16:57:12Z
@dkslem,두 분 케미가 너무 재밌어욬ㅋㅋㅋㅋㅋㅋㅋㅋㅋ승제쌤은 T라 미숙한 게 아니고 76년생이라 미숙하신 거였군여....ㅋㅋㅋㅋㅋㅋㅋㅋ,0,2024-08-31T14:09:22Z
@install1234,"<a href=""https://www.youtube.com/watch?v=QNSCELZmNl0&amp;t=163"">2:43</a> ㅋㅋㅋㅋㅋㅋㅋㅋㅋㅋ존나 웃기네",0,2024-08-31T02:16:44Z
@user-kx8qw9th6g,조정식ㅋㅋㅋㅋㅋ무슨 밈이나 유행 이렇게 많이 알어 ㅋㅋㅋ,0,2024-08-28T11:15:10Z
@powehi410,"<a href=""https://www.youtube.com/watch?v=QNSCELZmNl0&amp;t=659"">10:59</a> 쌤 무서워여..",0,2024-08-27T10:38:30Z
@jjyoou,승제쌤 슈퍼 오타쿠같이생기셨는데 귀칼 모르는거 개웃기네 ㅋㅋㅋㅋㅋㅋ,0,2024-08-27T02:49:40Z
@yongsangkim3847,개념글 추천,0,2024-08-26T19:05:57Z
@ohsense,저 커뮤에 글달시간이 있으니깐 재수하는거임,2,2024-08-26T07:41:58Z
@user-lw2qf6ov7y,아근데 진짜 귀여우시네요 ㅋㅋㅋㅋㅋㅋㅋㅋㅋㅋㅋㅋㅋㅋㅋㅋ헝 ㅠㅠㅠ넘 졸귀탱이다 승제쌤ㅋㅋㅋㅋㅋㅋ,2,2024-08-25T00:10:01Z
@user-zv3lj9lo6o,진짜 내나이 34에 이분들에게 귀여움을 느끼는게 ㅋㅋㅋㅋㅋㅋㅋㅋㅋㅋㅋㅋ  최애프로그램이 되었다..,0,2024-08-24T16:27:46Z
@user-qm8hw9pn4x,생선님 진짜 문화예술 1도 모르는거 너무 신기해요.<br>사람들 만나다보면 어느정도 보고 듣고 살 수 밖에 없는데<br>정말 눈에 갖다대도 1도 관심이 없었다는 뜻인듯..<br>어릴 때 부터 그러셨나봐요. 너무 신기해요 ㅋㅋㅋㅋ,0,2024-08-24T14:37:17Z
@ovtueyl,ㅋㅋㅋㅋㅋㅋㅋㅋ개웃겨,0,2024-08-24T09:10:35Z
@Godlovesdani,ㅋㅋㅋㅋ생선님 도대체 아는게 뭡니까,0,2024-08-24T09:04:43Z
@user-pm1el9iy8h,"<a href=""https://www.youtube.com/watch?v=QNSCELZmNl0&amp;t=532"">8:52</a> ㅋㅋㅋㅋㅋㅋㅋㅋ",0,2024-08-24T06:23:43Z
@user-ep6pd2ni2x,"60이 넘은 이 나이에 티처스에 빠져서 보고있어요.<br>예전 학창시절도 떠오르고,자녀들 키우면서 학원에 데려다주고 하던 그때가 지금은 그리워지네요~",4,2024-08-23T08:23:18Z
@Yumin-mg7mr,자석인가 너무 반댄대 너무 잘맞아 큐ㅠㅜㅜㅜㅠ큨ㅋㅋㅋㅋ큐큐,1,2024-08-22T14:54:11Z
@useromg,아ㅜ너무 웃기다 ㅋㅋㅋㅋㅋㅋㅋㅋㅋㅋㅋ티처스 릴스 뭔데 ㅋㅋㅋㅋㅋㅋ왤캐 잘만드는 거임ㅋㅋㅋㅋ 쌤들 케미도 미쳤다,0,2024-08-20T15:40:20Z
@nayou2000,아 이거 왜이리 웃겨요,0,2024-08-20T14:12:46Z
@user-hq1uv3rf9q,정승제 선생님 귀여우시다❤ 못 알아들으셔서 조정식 선생님이 답답해하는것도 웃김 ㅋ,0,2024-08-20T09:32:44Z
@khus0719,오 뭐야 티쳐스가 넷플릭스에 올라갔어요? 와..,0,2024-08-18T15:50:54Z
@user-ni9lc9jh6k,"<a href=""https://www.youtube.com/watch?v=QNSCELZmNl0&amp;t=333"">5:33</a> 정승제 뛰는 모습 🐶웃기네 ㅋㅋㅋ",1,2024-08-18T09:17:25Z
@user-ni9lc9jh6k,"<a href=""https://www.youtube.com/watch?v=QNSCELZmNl0&amp;t=67"">1:07</a> <a href=""https://www.youtube.com/watch?v=QNSCELZmNl0&amp;t=68"">1:08</a> <a href=""https://www.youtube.com/watch?v=QNSCELZmNl0&amp;t=68"">1:08</a> 1:",1,2024-08-18T09:12:48Z
@user-dq9hh9nb2x,수학밖에 모르는 바보...수바보 정승제,0,2024-08-18T07:39:02Z
@user-tj5gd1jz5f,ㅋㅋㅋㅋ 둘이 되게 다른데 묘하게 잘 어울림 ㅋㅋㅋ,0,2024-08-16T16:24:35Z
@zeratul_452,이분들 강의는 못들어봤지만 진짜 재밌네 ㅋㅋㅋㅋㅋㅋㅋㅋㅋㅋㅋㅋㅋ,1,2024-08-15T18:00:59Z
@user-fo1py7ld6t,감금 댓글 나왔으면 ㅈㄴ 재밌었을텐데ㅋ,1,2024-08-15T13:23:59Z
@user-yz2sg4qu4w,요즘 최대 관심사가 이 고학력 고지능 아저씨 두명의 케미 뿐인 나....,2,2024-08-15T09:21:11Z
@kenniaaaa,존잼이다 진짜 ㅋㅋㅋ,0,2024-08-15T05:29:20Z
@kyungaejang3384,학생시절….그 무섭던 수학샘 …수학수업이 없었던날이 참행복하고 학교길이 아름답던날들 .<br>지나보니승제샘 같은 분이 내 수학샘이였다면?? 수학이 고통스런 공부가 아니였을것같아 ..그 시절 수학선생님들 나름 열심히 수업을하셨는데 <br>그 막대기로 손바닥 여름 교복치마를 입는 종아리를 때렸으니  안맞는 날도 무섭고 맞게될까 겁나고 …그때 샘들은 왜 화가 그리많고 학생들을 잘팼을까?  승제샘 수업을 내나이 먹고   살면서 세상 필요없는  수학을 빠져들며  영상을 보고있다  그냥 재미있다,0,2024-08-14T14:26:28Z
@user-jv3ho4hi2n,"<a href=""https://www.youtube.com/watch?v=QNSCELZmNl0&amp;t=142"">2:22</a>",0,2024-08-14T14:18:51Z
@user-hu4eu1vq1l,정식쌤 볼때마다 느끼지만 나이 든 엔시티 해찬이랑 비슷해 보여요,0,2024-08-14T13:58:41Z
@ansrha,쌤들 진짜 왤케 인간적이심 ㅋㅋㅋㅋㅋ,0,2024-08-14T12:57:12Z
@veritas7721,왜  개그맨 채널보다 재밋는거에요~~ ㅋㅋㅋ<br>너무좋아  티처스 톰과제리 쌤들!,2,2024-08-14T01:47:09Z
@user-lz6uy4iu4d,두분 먹방 갑시다 ㅋㅋㅋ,1,2024-08-13T19:56:29Z
@user-ch6hp2cr6m,지나가는 다빈이 이름 겁나 불려서 놀람ㅋㅋㅋ 행복하다 ㅎ,1,2024-08-13T16:22:22Z
@lalahyun0309,아오 모르는 게 너무 많으신.... ㅋㅋㅋㅋㅋㅋㅋ 답답함이 느껴진다 ㅋㅋㅋㅋㅋㅋㅋ,0,2024-08-13T08:59:47Z
@포테이토맨,2탄좀 ㅜㅠ,0,2024-08-13T06:48:27Z
@user-wg2eo8ib1e,문찐 정승제F,1,2024-08-13T04:58:44Z
@user-ql2vi7cc1w,하아..나 정승제쌤이랑 동갑인데..너무 세대차이남..ㅡㅡㅋ 정승제쌤아..어떤 삶을 살아오신겁니꽈아~!!!,0,2024-08-12T22:54:51Z
@user-hk1dq1zy2x,둘이 케미 미친거아님ㅠㅋㅋㅋㅋㅋㅋㅋㅋㅋ,1,2024-08-12T12:43:55Z
@Lovelymememe,나는 학생도 아니고 선생님인데 왜 이렇게 이분들 웃기고 재밌냐 ... ㅋ 내 시대때는 이분들이 일타 되기전이라서 강의를 못봤는데 내가 어리다면 강의 들을 듯 ... 수포자 인생에 한줄기 빛 ....? ㅋㅋ😅,1,2024-08-12T06:24:11Z
@user-oi4wd8sq1g,학원 선생님들이랑 번호 교환 안하신다던 승제쌤이 정식쌤이랑은 맞팔하는거 보고싶어요,1,2024-08-11T22:59:11Z
@ナズナ,dc ㅋㅋㅋㅋㅋㅋㅋㅋ 빡갤 함 들가줘야되는데,0,2024-08-11T14:59:00Z
@user-et8xq1nj2n,"<a href=""https://www.youtube.com/watch?v=QNSCELZmNl0&amp;t=432"">7:12</a> 삐진 정승제 왤케 귀여워",1,2024-08-11T14:06:26Z
@user-cj7em3fj4x,승제쌤 요즘 MZ단어 모른다고 너무 뭐라하네ㅠ,0,2024-08-11T10:10:36Z
@user-fm9wt4hp3m,시작은 커뮤탐방이었는데 갈수록 정승제커뮤교육 되는거 같은데 ㅋㅋㅋㅋ,2,2024-08-11T04:17:12Z
@user-xw3ul6bj1z,정승제 넘 귀여움...^^~~,0,2024-08-10T19:44:08Z
@user-pl5bs3ic5q,ㅋㅋㅋㅋㅋㅋㅋㅋㅋㅋㅋㅋ 아 개웃겨ㅠ,0,2024-08-10T17:58:06Z
@user-il1eb4el5h,"<a href=""https://www.youtube.com/watch?v=QNSCELZmNl0&amp;t=430"">7:10</a> 웰시코기랑 샴 고양이 같다ㅋㅋㅋㅋㅋㅋㅋㅋ",4,2024-08-10T17:52:27Z
@user-nv7cq8ek7q,뭐야 정승제선생님이 우리 엄마랑 동갑이시고 조정식 선생님이 어리시네..? 나이 해명 해주시죠,0,2024-08-10T16:12:49Z
@hanseohui543,"<a href=""https://www.youtube.com/watch?v=QNSCELZmNl0&amp;t=270"">4:30</a>  근데 이건 아무리 봐도 닮았...😂",2,2024-08-10T14:56:37Z
@user-wk4zh7ss7s,조정식 선생님 수업 들어본적도 없고 언뜻 봤을땐 비호감에 가까웠는데<br>이 영상보고 참인간 이구나 싶었습니다.<br>본 받겠습니다.,0,2024-08-10T13:42:14Z
@glassesssssssss,진짜 개웃기네,0,2024-08-10T12:47:20Z
@oopscro9770,"<a href=""https://www.youtube.com/watch?v=QNSCELZmNl0&amp;t=330"">5:30</a> 의외로 많아요 그런부모들;; 자기가 안겪어봤다고 일반화는 하지마세요",0,2024-08-10T11:18:42Z
@SCMA_poyo,정승제 ㅈ도 없는데는..ㅋㅎㅋㅎㅋㅎㅋ 편집 너무 심한거 아니냐 ㅋㅋ ㅠ,0,2024-08-10T10:16:46Z
@fox_5839,"<a href=""https://www.youtube.com/watch?v=QNSCELZmNl0&amp;t=359"">5:59</a> 이해 못하는게 ㅋㅋㅋㅋㅋ ㄹㅇ 웃기네 ㅜㅋㅋㅋ",0,2024-08-10T10:11:03Z
@용감한제리,자녀가 있냐 없냐로 약간 요즘유행 언저리라도 아는거와 모르는거에 차이랄까,0,2024-08-10T09:38:41Z
@b_avocado,진짜 빵빵 터짐 ㅋㅋㅋㅋㅋㅋㅋㅋㅋㅋㅋㅋㅋㅋㅋㅋㅋ,0,2024-08-10T09:38:30Z
@The.doha.,난 요새 이둘이 젤욱김ㅋㅋㅋㅋㅋㅋㅋ,0,2024-08-09T20:48:33Z
@isegyeidollilpa,둘이 나이 차이가 좀 나시는 건가요…?뭔가 대화에서 세대차이가 느껴지는 듯한 ㅋㅋㅋㅋㅋ,0,2024-08-09T15:11:11Z
@Uwall_han,바프 찍자니까 조롱하는거야ㅋㅋㅋㅋㅋㅋㅋㅋㅋㅋㅋㅋㅋㅋㅋㅋㅋㅋㅋㅋㅋㅋㅋㅋㅋㅋㅋㅋㅋㅋㅋㅋㅋㅋㅋㅋㅋㅋ,0,2024-08-09T08:46:48Z
@dotorii_,하 보다보니 너무 재밌다 ㅋㅋㅋㅋㅋㅋㅋㅋㅋㅋㅋㅋ ㅠㅠㅠ,0,2024-08-09T01:32:24Z
@dotorii_,조정식쌤 옷 너무 예뿌다…,0,2024-08-09T01:29:21Z
@20notateenag2,확실히 트렌드 못따라가는건 나이 문제가 아니구나 .... 나이차이는 얼마 안나는데 정승제가 훨신 아재같음,1,2024-08-09T00:03:20Z
@20notateenag2,디씨 ? 정승제 가끔씩 좀 선넘네 사상 이상한가 쟤도,0,2024-08-08T23:40:18Z
@searchbenny,귀여웟😂,0,2024-08-08T18:16:00Z
@2young553,"<a href=""https://www.youtube.com/watch?v=QNSCELZmNl0&amp;t=535"">8:55</a>ㅋㅋㅋㅋㅋㅋㅋㅋㅋㅋㅋㅋㅋ",0,2024-08-08T12:50:56Z
@2young553,"<a href=""https://www.youtube.com/watch?v=QNSCELZmNl0&amp;t=483"">8:03</a> 앜ㅋㅋㅋㅋㅋㅋㅋ센터 뜻 아냐고 무시당해서 속상한 정승제쌤 귀여우세요",0,2024-08-08T12:48:28Z
@Ryuo_The_Imperial_Dragon,나는 그래도 커뮤를 다른 용도로 사용해서....(진짜로 똥글 싸지를라고 씁니다.),1,2024-08-08T11:44:45Z
@user-qo9bo4eh6t,문찐이 뭐지. ㅋㅋ,1,2024-08-08T04:42:59Z
@UBW_UL,ㅋㅋㅋㅋㅋㅋㅋㅋㅋㅋㅋ 케미 좋으시네요 ㅎㅎ😊😊,0,2024-08-08T03:42:06Z
@user-hm7kh9mg2o,아니 근데 정승제 바프 만약 한다면 수학책 들고 하는거 아니겠지..,0,2024-08-07T14:26:13Z
@08-wo4sf,"<a href=""https://www.youtube.com/watch?v=QNSCELZmNl0&amp;t=245"">4:05</a> 미쳤나봐 ㅋㅋㅋㅋㅋ😂",1,2024-08-07T09:46:58Z
@lje836,"혹시 정승제 쌤하고,조정식쌤 가족이신가요?",0,2024-08-07T05:37:21Z
@느금마따묵기,빡갤은 안들어가노?,3,2024-08-07T04:02:50Z
@user-tc3jy7nb8e,조정식  정승제 겁나 킹받어,0,2024-08-06T08:39:26Z
@user-nn1ge8dp5w,ㅋㅋㅋㅋㅋㅋㅋㅋㅋㅋ이런거 또 해주세요 ㅋㅋㅋㅋㅋㅋㅋㅋㅋㅋㅋㅋㅋㅋㅋㅋㅋㅋㅋㅋㅋㅋ,0,2024-08-06T08:05:15Z
@TheDuckiez,인사이드 아웃 2: 승제쌤 (버럭이) &amp; 정식쌤 (당황이) 듀오…😂,1,2024-08-06T04:56:43Z
@user-ky3fz8is6m,두분팬되었어요😅,0,2024-08-06T00:36:23Z
@user-vp3yh1gn6j,"<a href=""https://www.youtube.com/watch?v=QNSCELZmNl0&amp;t=899"">14:59</a>",0,2024-08-05T17:26:27Z
@김현정-j8x,"티처스를 매주 챙겨보는 일개 고딩입니당. 혹시 티처스가 전 세계로 뻗어나갈 상황에 대비하여 영어 자막에 힘을 보태고 싶은데요, 이번 동영상의 시청자 자막 달기 기능을 열어주실 수 있으신가요? AI 친구가 꽤 잘 듣고 번역해놓았지만 아무래도 아쉬운 부분이 많아서요!!<br>외고생으로서 혹시 기능 열어주시면 시간 쪼개서 자막 번역에 힘써보겠습니닷<br>항상 재미있게 보고 있어요!!",2,2024-08-05T14:26:36Z
@user-dz6pm8lh9t,아니 이러다간 승제쌤이 디질거같은데요 너무 갈궈지잖아ㅠㅠㅠㅠㅠㅋㅋㅋㅋ큐ㅠ,1,2024-08-05T14:21:50Z
@user-rv4mu3wz5k,문찐 정승제..,0,2024-08-05T10:52:46Z
@dol12354,아 왜케 웃기냐,0,2024-08-05T09:41:08Z
@user-np5hy5of6b,ㅋㅋㅋ졸라웃기네,0,2024-08-05T06:48:28Z
@youjh1351,그냥 웃긴당<br>ㅋㅋㅋㅋㅋㅋㅋ,0,2024-08-04T17:28:30Z
@youjh1351,응원합니다ㅋㅋ,3,2024-08-04T17:19:05Z
@user-pn1iq9vu9q,"<a href=""https://www.youtube.com/watch?v=QNSCELZmNl0&amp;t=96"">1:36</a> 데요가 아니라 대요",1,2024-08-04T13:50:25Z
@user-vy5gu5we5x,존나ㅜ웃기네ㅋㅋㅋㅋㅋㅋㄱㅋㄱㅋㄱㅋㄱㄱㅋㄱㅋㄱㅋㄱㄱㅋㄱㅋㄱㅋ,0,2024-08-04T12:15:52Z
@user-zk9ds6je8d,"<a href=""https://www.youtube.com/watch?v=QNSCELZmNl0&amp;t=815"">13:35</a> 개념글 추천입니다",0,2024-08-04T09:59:41Z
@이예은-v9l,아니 정승제쌤 미쳤냐구여ㅋㅋㅋㅋㅋㅋㅋ,0,2024-08-04T05:55:52Z
@klyleve7099,아 조정식 쌤 개웃시넼ㅋㅋㅋㅋㅋ 이 예능 자꾸 보니까 다시 학창시절 돌아가고 싶닼ㅋㅋㅋ 공부 재밌게 할 수 있었을텐데 ㅋㅋㅋ,0,2024-08-03T18:25:25Z
@user-db4zz2wg3j,아 진짜 개웃곀ㅋㅋㅋㅋ큐ㅜㅜㅠㅜㅜㅠㅠ제발 계속 해줘요 티처스...,0,2024-08-03T16:10:42Z
@user-gw8co1kz7p,수갤 안들어가서 다행이네 ㅋㅋㅋㅋㅋㅋㅋㅋㅋ,0,2024-08-03T13:38:16Z
@ekuk4251,선생님들 왜케 웃김,0,2024-08-03T12:34:02Z
@user-rx9pt4tb3o,생선님 홍대좀 데려가보면 바로 지칠거같음ㅋㅋㅋ,1,2024-08-03T07:49:15Z
@user-gl8ml5dr2s,디져스가 웃겨 디져스 인건갑,2,2024-08-03T01:33:26Z
@pianogirl_0812,ㅋㅋㅋㅋㅋㅋㅋㅌㅋ,0,2024-08-02T23:20:48Z
@user-du2cq6pj2p,아빠와 아들같아요,0,2024-08-02T19:35:01Z
@user-cv8kk2oe5b,아니 둘이 케미 너무 좋아요ㅋㅋㅋㅋㅋ,1,2024-08-02T14:20:03Z
@user-tw7to8vj2g,아 진짜 이런거 마니 올려주세욬ㅋㅋㅋㅋㅋㅋㅋㅋㅋ개웃김,1,2024-08-02T14:16:16Z
@user-ddddddddddddd,빡갤을 봐야지 ㅋㅋㅋㅋ,1,2024-08-02T10:46:34Z
@NOHSEN,생선님 아재 그 잡채 ㅋㅋ,1,2024-08-02T06:19:53Z
@user-yd8xr2ye4b,정식 쌤 힘내세요..,1,2024-08-02T03:11:40Z
@user-vd4jw5cr3m,"<a href=""https://www.youtube.com/watch?v=QNSCELZmNl0&amp;t=96"">1:36</a> 많데요 -&gt; 많대요",0,2024-08-02T03:11:33Z
@user-br1mx5dm7w,썸넬 무슨 영화개봉한줄,0,2024-08-02T00:38:22Z
@user-mv1xz8wr8y,그거 못알아드실 부모는 꽤 있을거 같은데,0,2024-08-01T16:12:07Z
@24gg-r3b,조정식이 다 아네ㅋㅋㅋㅋㅋㅋㅋㅋㅋㅋㅋㅋㅋㅋㅋㅋㅋㅋㅋㅋ,1,2024-08-01T14:15:43Z
@user-ic2bg7kj9p,자해 ㅋㅋㅋ😊ㅋㅋㅋㅋㅋㅋㅋ,0,2024-08-01T11:51:28Z
@user-wv5sr5ng8o,이건 그냥 조장식의 정승제 유행 알려주기잖아,5,2024-08-01T08:57:19Z
@user-ns8vq8rb9s,"ㅋㅋㅋㅋㅋㅋㅋㅋㅋㅋ 이과생들 다그런건 아니지만 애니매이션, 요즘 유행, 줄임말, 해리포터나 현실성없는영화 관심 진짜 없음 ㅋㅋㅋㅋㅋㅋㅋㅋㅋ 나랑 내주변사람들 같아 정샘 너무 공감됨 ㅋㅋㅋㅋ",0,2024-08-01T06:24:15Z
@user-ko8bw2tq3m,𝙅𝙊𝙉𝙉𝘼 우ㅛ겨,1,2024-08-01T04:38:07Z
@zexz1m,ㅋㅋㅋㅋㅋㅋ 유행 모르는 승제님 너무 귀엽다 정말정말… 칭찬댓글 보면 입꼬리 씰룩씰룩 하는것도 귀여워주겅…,38,2024-08-01T02:33:57Z
@user-xf7jp4rz3v,조정식은 뭔가 찐 똑똑한 게 보여..그에 반해 정승제는...음......ㅋㅋㅋ,1,2024-08-01T02:31:10Z
@On_Marm,어처구니없는 억까를 보고 분노의 반론을 펼치는걸 기대하고 왔는데 살짝 아쉽스...,0,2024-08-01T01:51:32Z
@user-cz2fd3pi4q,개념글 추천입니다 .,3,2024-07-31T23:56:13Z
@cloudgirlshutthemouth,국민 수험생.아빠들의 커무니티 유저들 육아 프로잭트,0,2024-07-31T17:55:44Z
@user-mv3dj9nu2n,아진짜존나웃기네,0,2024-07-31T16:50:59Z
@user-lh4ib2jv9r,"<a href=""https://www.youtube.com/watch?v=QNSCELZmNl0&amp;t=286"">4:46</a>  이건 학생이 알아서 해도 부모님이 자기가 어디서 주어들은걸 계속 강요하면 정말 피곤하고 지침. 안 그래도 공부로 힘든데 … 걍 내버려두세요 본인이 입시 강사도 아니면서…",12,2024-07-31T14:45:57Z
@슈가코트,"<a href=""https://www.youtube.com/watch?v=QNSCELZmNl0&amp;t=629"">10:29</a> 입이 웃고있잖아ㅋㅋㅋㅋㅋㅋㅋㅋㅋㅋ",1,2024-07-31T14:27:19Z
@user-ds7kd6qy3w,"<a href=""https://www.youtube.com/watch?v=QNSCELZmNl0&amp;t=818"">13:38</a> 조정식도 틀렸으면 개추",1,2024-07-31T12:26:10Z
@user-sp7zs1iy3v,남들이 못하는 수학에선 1타지만 남들이 하는 문화생활에선 9등급인 정승제,0,2024-07-31T12:07:49Z
@junhan__kim,티처스 인스타 공계 또 해킹 당한 건가요 😢,1,2024-07-31T11:50:13Z
@Valuablepriceless,승제쌤….왤케 평소 보던거랑 다르게 너무 문찐이다….,0,2024-07-31T10:44:48Z
@Gimi-one,정성제다이₩ㅓ트파이 ㅣㅇ,0,2024-07-31T05:33:58Z
@깅-z8i,아 오랜만에 소리 내서 웃었네 진짜ㅋㅋㅋㅋㅋㅋㅋ 너무 웃기다,2,2024-07-31T05:00:43Z
@GoodLife5312,아니 정식쌤 디시도 아시면서 개추가 왜 개념추천이 아니야,3,2024-07-31T01:11:58Z
@user-tc5is2tl1j,채널A 폼 개미쳤네 ㅋㅋ,0,2024-07-30T18:25:13Z
@user-rb3tt6xj9i,ㅅㅂ ㅋㅋㅋㅋㅋㅋㅋ 승제F 모든 영상을 수학처럼 분석하려는게 개 웃김 ㅋㅋㅎㅋㅎㅋㅎ,4,2024-07-30T16:25:18Z
@DDung_DDu,조정식 확실히 좀 트렌디 하네 저 나이에도 ㅋㅋㅋ,8,2024-07-30T15:09:48Z
@user-yl2dr9uj6q,"성공적인 수험생활을 하고 싶은가?<br>그렇다면<br>혀르비, ㅈ만한은 걸러라",0,2024-07-30T14:48:38Z
@glajddl,ㅋㅋㅋㅋㅋㅋㅋㅋ,0,2024-07-30T13:59:00Z
@lsy8796,무척 잼있다. ㅎㅎ 티격태격 티키타카,0,2024-07-30T13:26:04Z
@seoyoungg,아닠ㅋㅋ 하 너무 재밌ㅅ어욯ㅎㅎ,0,2024-07-30T11:51:45Z
@user-rb9xk5cq2r,"<a href=""https://www.youtube.com/watch?v=QNSCELZmNl0&amp;t=507"">8:27</a> 승제생선님 왜이렇게 박동금 여사님 같냐,,,",4,2024-07-30T09:45:16Z
@user-cc6ri4jm9c,티처스 계정이 안떠서 어제 엄청 놀랐어요..ㅠㅠ 해킹의심은 했는데 진짜 일줄은 몰랐네요 얼른 복구되면 좋겠네요..😢티처스 인스타 보는게 유일한 낙인데ㅠㅠㅜㅜㅜㅜㅜㅜ,6,2024-07-30T09:03:32Z
@user-fg4nu2cr7h,"아니,,,, 조정식쌤 초반에는 너무 무서웠는데 이제는 욕해도 너무 귀여워요,,,,❤ 조며들었다…",37,2024-07-30T08:03:50Z
@scy9449,"<a href=""https://www.youtube.com/watch?v=QNSCELZmNl0&amp;t=546"">9:06</a> 정승제 사생팬한테 달라고 하면 본인에게 요청했을때보다 더 양질의 자료 수급가능ㅋㅋㅋㅋㅋㅋㅋㄱㅋ",143,2024-07-30T07:10:08Z
@user-xc6il3gf3p,기엽당,0,2024-07-30T05:28:22Z
@오타줍는할머니,거에요X 거예요O <br>감사합니다 👵🏻,1,2024-07-30T05:24:02Z
@spoemsjh0229,이거 보니까 예능 맞네 ㅋㅋ<br>존나 웃기네 ㅋㅋㅋㅋㅋㅋㅋㅋ,0,2024-07-30T04:46:55Z
@Korea_laiTV,바프하장ㅋㅋㅋㅋ,0,2024-07-30T04:16:54Z
@chochocho-bw8ve,조정식 잘생겻다,1,2024-07-30T04:01:20Z
@user-ex2dj6vo5x,2편도 해주세요,1,2024-07-30T03:53:22Z
@user-co8lx9ug9m,근데 난 커뮤니티 순기능 같은데 고2때부터 알았던 옆반 쌤 잊어버린지 꽤 됐다가 근황을 포만한에서 알아서 작년에 4년만에 만남ㅎㅎㅎㅎ,0,2024-07-30T01:20:16Z
@user-py8lw5vr8n,"<a href=""https://www.youtube.com/watch?v=QNSCELZmNl0&amp;t=635"">10:35</a> 이거는 자학개그인가요?",4,2024-07-30T00:10:01Z
@Anoano1122,"그냥 선 넘은 작은 바램인데. 이렇게 뛰어난 선생님들 특히 돈을 이미 많이 벌어 성공한 선생님들이. 우리나라 발전을 위해 <br>엘리트이고 똑똑하지만 가정형편이 어려운  친구들을 위한 좋은 프로그램같은 것을 운영해주면 너무 좋을거같습니다.  <br>알고리즘으로 본 프로그램인데. 이미 태어난 환경은 어쩔수 없지만. 피를 깎는 노력으로도 그저 돈 때문에 꿈을 이루지 못하고 이렇게 기죽어 살아야 하는 청년들이 있다는 것이 너무 안타깝네요. 그런 환경에서 또 굳건히 더 강하게 이겨 성공하시는 분들도 계시겠지만<br>사교육이 어쩔수 없이 필요한 우리나라 입시제도에서...  젊은 친구들, 학생들 모두들 몸도 무엇도 마음도 건강하게 잘지켜내시면서 공부 열심히 하시길 바래요.! <br><a href=""https://www.youtube.com/watch?v=MIjGt5JB9ac"">https://youtu.be/MIjGt5JB9ac?si=-eaFbMm5J4x9w1bA</a>",0,2024-07-29T23:50:37Z
@TV-uu5xq,인스티 계정이 사라졌어요..,2,2024-07-29T23:17:10Z
@user-lw7hw9cl4h,"<a href=""https://www.youtube.com/watch?v=QNSCELZmNl0&amp;t=162"">2:42</a>  아니이게 개웃김 ㅋㅋㅋㅋㅋㅋㅋㅋㅋㅋㅋㅋㅋㅋㅋㅋㅋㅋㅋㅋㅋㅋㅋㅋㅋㅋㅋㅋㅋㅋㅋㅋㅋㅋ",0,2024-07-29T19:53:57Z
@white._.star_,티쳐스 인스타 없어졌나요??? <br>검색해도 안나오고 설명란 링크들어가도 안들어가지네요...????,0,2024-07-29T19:35:18Z
@김예은-y3c,"<a href=""https://www.youtube.com/watch?v=QNSCELZmNl0&amp;t=495"">8:15</a> 너무 웃겨서 빵터졌어요ㅋㅋㅋ",1,2024-07-29T18:16:30Z
@user-bo6bb1ev4p,티쳐스 인스타 없어짐?? 찾아봐도 안나오던데 사라졌나요???😢😢,0,2024-07-29T16:47:06Z
@user-te4sc8wp2i,저기 정식쌤.... 개추는 개처럼 달려와서.... 이런게 아니라 &quot;개념글 추천&quot;이라는 말입니다..,1,2024-07-29T15:10:28Z
@wishgoinguplikenasa,선생님들!!! 티처스 인스타 없어졌어요!!!!,3,2024-07-29T14:20:43Z
@skawkskmsm,조정식님 말포이보다 영국 드라마 셜록에 나오는 모리아티랑 똑 닮았어요 진짜 말투도 닮아서 깜짝 놀람,2,2024-07-29T13:44:09Z
@retrybitch,조정식선생님 진짜 엠지시네<br>요즘 밈 걍 들어주는 아버지랑 설명해주는 아들같다,0,2024-07-29T13:29:53Z
@DD_TV,오늘도 육아 피로 녹이고 갑니다ㅎㅎㅎ 두분 정말 좋아요❤,0,2024-07-29T13:22:20Z
@BenchaeVLOG,티처스 인스타계정 삭제된건가요??ㅠㅠㅠ 요즘 최애 계정이였는데 ㅠ,2,2024-07-29T13:16:59Z
@느눙,아 진짜 개웃김ㅋㅋㅋㅋㅋㅋㅋ,0,2024-07-29T12:38:55Z
@TV-qc9og,처음부터 끝까지 배 부여잡고 웃음 ㅜㅜㅜㅜ 이런ㄱㅓ 자주 해줘여 티쳐스 너무 좋아ㅜㅜㅜㅋㅋㅋㅋ,0,2024-07-29T12:07:52Z
@user-yv8dt3eu8d,제작진들 리액션 따스워 😢,0,2024-07-29T11:37:33Z
@user-yc8lv9xn8u,진짜 겁나 친해보이고 개웃기넼ㅋㅋㅋㅋㅋㅋㅋㅋㅋㅋㅋㅋ,0,2024-07-29T11:20:02Z
@Addi_708,와..개재밌다 진심 맨날 연속재생해놔야지,0,2024-07-29T11:10:22Z
@parksjeong,티쳐스 인스ㅏㅌ 왜 사라졌나요??😢😢😢,7,2024-07-29T10:51:21Z
@with.yrix0,ㅋㅋㅋㅋㅋㅋ진짜 케미 너무 좋닼ㅋㅋㅋㅋㅋㅋ,0,2024-07-29T10:32:42Z
@user-hu9yt9zd1z,"<a href=""https://www.youtube.com/watch?v=QNSCELZmNl0&amp;t=552"">09:12</a> ㅋㅋㅋㅋㅋ영어강사라서 바로 말의 핵심 피악하는거 봐",7,2024-07-29T10:31:48Z
@user-hu9yt9zd1z,디져스ㅋㅋㅋㅋㅋ,0,2024-07-29T10:28:54Z
@user-br1vt1gq3x,"<a href=""https://www.youtube.com/watch?v=QNSCELZmNl0&amp;t=596"">9:56</a> 와 이거 만든 사람은 진짜 ㅋㅋㅋㅋㅋ😂😂 왤케 잘 만들었냐 ㅋㅋㅋㅋㅋ",8,2024-07-29T09:39:21Z
@09.sodaeun,티처스 인스타 삭제됐나여...?,5,2024-07-29T07:45:23Z
@user-xn9ys4er3s,승제쌤 진짜 수학만 잘하시군요…,12,2024-07-29T07:38:38Z
@air_health,"<a href=""https://www.youtube.com/watch?v=QNSCELZmNl0&amp;t=223"">3:43</a> 아 ㅈㄴ웃기네 ㅋㅋㅋㅋㅋ",2,2024-07-29T07:00:52Z
@user-tb9df8ot8v,정승제 약간 원식이형 닮았음 ㅋㅋㅋ,0,2024-07-29T06:39:06Z
@user-gr5re4wv9y,진찌 수험생 커뮤니티 하지마세요..공부시간 너무 뺏김 나중에 후회한다 진짜,2,2024-07-29T06:25:41Z
@spring-of-history,아니 근데 정승제는 약간 답답할 정도로 현대 문화를 잘 이해 못하긴 한다...,1,2024-07-29T05:56:28Z
@user-ml4yx9ee3w,겅적을 부탁해 디저스 더 해주세요,0,2024-07-29T05:55:32Z
@play-channelA,"💗티처스 인스타그램 놀러오세요💗 <br><a href=""https://www.instagram.com/iltastudy/"">https://www.instagram.com/iltastudy/</a>",240,2024-07-29T04:35:44Z
@Goodtoseeyou11,너무좋아 ㅋㅋㅋㅋ 😂,0,2024-07-29T04:20:31Z
@StayAARTW,아니 실장님ㅋㅋㅋㅋㅋㅋㅋㅋㅋㅋ 개웃긴다 진짜 티쳐스보다 이게 훨씬 재밌는데 어카죸ㅋㅋㅋㅋㅋㅋㅋㅋㅋ,0,2024-07-29T04:06:09Z
@StayAARTW,아니 두분 나이차이가 많이 나나요?ㅋㅋㅋㅋㅋㅋㅋㅋ 왤케 최신 문화 알려주는 삼촌 조카같냐곸ㅋㅋㅋㅋㅋ,1,2024-07-29T04:03:51Z
@user-cu1sh5ow4o,"<a href=""https://www.youtube.com/watch?v=QNSCELZmNl0&amp;t=848"">14:08</a> 다빈이한테 보내줘야지~",4,2024-07-29T03:37:53Z
@user-qu3lu4tc2y,승재쌤 두 손 머리 옆에 올리고 흔든적이 없나 가슴에 손을 얹고 다시 생각해 보심이..,0,2024-07-29T03:25:30Z
@10_sipran49,정승제 생선님 다이어트 한다고 하던데 그게 바디프로필 때문이었어ㅋㅋㅋㅋㅋㅋㅋㅋㅋㅋㅋㅋㅋㅋㅋㅋㅋ,0,2024-07-29T02:57:46Z
@user-xk6ow1ne6y,정식T랑 승제F 둘이 케미가 진짜 대박박 ㅋㅋㅋㅋㅋㅋㅋㅋㅋㅋㅋㅋㅋㅋㅋ,0,2024-07-29T02:28:41Z
@user-ex2dj6vo5x,"<a href=""https://www.youtube.com/watch?v=QNSCELZmNl0&amp;t=135"">2:15</a> 헐 진짜 만났네 ㅋㅋㅋㅋㅋㅋㅋㅋ 차은우가 왜 여기서...",0,2024-07-29T02:13:26Z
@user-ex2dj6vo5x,티처스가 아니라 디져스???? ㅋㅋㅋ 이것도 이제 봐야지욬ㅋㅋ,0,2024-07-29T02:11:11Z
@user-om6tg4hk1f,와 둘이 존나 귀엽넹,0,2024-07-29T01:54:02Z
@KATARINA393,👍,0,2024-07-29T01:22:48Z
@norangjoy,정승제 문화생활좀 시키자..,0,2024-07-29T01:22:00Z
@Romantic-vacalist,콩트하는거 같다 ㅋㅋㅋㅋㅋㅋ,0,2024-07-28T23:56:47Z
@Hobyjv,다빈ㅋㅋㅋㅋㅋㅋ,0,2024-07-28T22:37:11Z
@CharlotteAyshaVlogs,Even tho I don’t fully understand Korean but you two are funny 😂😂😂. Been watching Teachers on YouTube since episode 9 came out but watched all episodes till now. It’s interesting seeing the progress of every student with Jeongsik ssaem and Seungjae ssaem.,4,2024-07-28T22:14:05Z
@user-cl3we8ss2f,조정식T 뭐만 하면 실장님! 이러는 거 너무 웃겨요😂,0,2024-07-28T21:11:34Z
@decoo7676,디져스 작명센스 미친건가 ㅋㅋㅋㅋ 기획도 그렇고 대단한 사람들이네,73,2024-07-28T20:30:37Z
@user-vn8pp2hu8w,둘이 진짜 다른데 그런 점이 진짜 웃김ㅋㅋㅋㅋㅋ,0,2024-07-28T16:46:01Z
@user-ec1ln9gb9m,겁나웃기네 ㅋㅋㅋㅋㅋㅋ,0,2024-07-28T16:19:14Z
@DukiDaki,둘이 너무 잘어울림. 꿀잼.,1,2024-07-28T14:41:18Z
@hiskslspqrjs,"<a href=""https://www.youtube.com/watch?v=QNSCELZmNl0&amp;t=142"">2:22</a> 자해ㅋㅋㅋㅋㅋㅋㅋㅋㅋㅋ",0,2024-07-28T14:22:05Z
@user-qo2um3hn8i,정승제 조정식 대성 이적<br><br>넷 중에 누가 노래 잘 부름?,2,2024-07-28T14:09:42Z
@user-vr7yn8zo9n,귀여워요❤,0,2024-07-28T13:41:34Z
@user-yd9lf8nb3r,헐 근데 개추 뜻 다들 모르고 대충 알고 쓴다는데 진짜구나… 개추=개념글추천 줄임말인데 요즘은 다들 모르고 그냥 정식쌤처럼 알고 쓰는 듯,1,2024-07-28T13:38:31Z
@일렁-t7q,티처스 제작진 감너무좋다 커뮤진입이라니 수험생의 니즈를 정확히아시네 ㅋㅋㅋㅋㅋ,6,2024-07-28T13:19:47Z
@ABCD-sc8hs,티쳐스에 현우진 데려오면 팔로워 100만 장담함,0,2024-07-28T13:18:26Z
@user-hh5bf4vy8y,진짜 서로 맞팔안하시는거 너무웃김ㅋㅋㅋㅋ,1,2024-07-28T13:13:09Z
@user-jm1kt5ze9o,정승제가 진짜 너드남이지,3,2024-07-28T12:45:44Z
@jihongkim81,딱 걸를애들이 알아서 나와주네 ㅋ,0,2024-07-28T12:43:57Z
@Xcesojko-28zaiw,디져스 ㅇㅈㄹㅋㅋㅋㅋ,0,2024-07-28T12:37:04Z
@user-10915,조정식 정승제 너무 좋음ㅋㅋㅋㅋ,0,2024-07-28T11:28:42Z
@DefeDdefef,커뮤니티는 정보보단 심심할 때 들어가는거지 ㅋㅋㅋ,0,2024-07-28T11:19:24Z
@melonbooger1902,ㅋㅋㅋㅋㅋㅋㅋㅋㅋㅋㅋㅋㅋㅋㅋㅋㅋㅋㅋㅋㅋㅋㅋㅋㅋㅋㅋㅋㅋㅋㅋㅋㅋㅋㅋㅋ,1,2024-07-28T10:16:16Z
@Da0.ri_Uz,"두분 케미 미치겠다 ㅠㅠ 어떡해.... 매주마다 본방사수 하고 있어요 ㅋㅋㅋㅋㅋ 아니 승제쌤이랑 정식쌤 초반보다 훨씬 더 친해지신 거 같아요 😆 진짜 두분 너무 좋아 ㅋㅋㅋㅋ 나중에 티처스가 종영이 되도 두분의 우정은 영원하셨으면.... 🌸📩 진짜 오래 보고 싶읍니다 ㅎㅎ 승제쌤이 잘 모르시는 것들 다 정식쌤이 알려주시는데 알려주시면서도 답답해하시면서 ㅋㅋㅋㅋㅋㅋ 정식쌤 모르시는 게 없으셔 ㅋㅋㅋ 역시 mz~ 승제쌤도 귀여우시고 정식쌤도 귀여우세요,,, 오늘도 본방사수 할게요!! 💖",11,2024-07-28T10:07:34Z
@user-di5iw9wp3q,"<a href=""https://www.youtube.com/watch?v=QNSCELZmNl0&amp;t=301"">5:01</a> 이거 엄마가 봐야한다",5,2024-07-28T09:20:12Z
@youve07,"<a href=""https://www.youtube.com/watch?v=QNSCELZmNl0&amp;t=455"">7:35</a> 승제쌤 안뚱뚱하게 나와서 좋다는거 개웃기네 ㅡㅋㅋㅋㅋㅋㅋ",10,2024-07-28T09:09:33Z
@vyycvyvyvu,"커뮤니티 얘들 다 어차피 현우진, 정승제, 조정식 보다 공부 못함 ㅋㅋㅋㅋㅋㅋㅋㅋㅋㅋㅋㅋㅋㅋㅋㅋ서울대의대라도",0,2024-07-28T09:04:46Z
@최고은최고,개재미있다,1,2024-07-28T08:50:23Z
@subak0117,"<a href=""https://www.youtube.com/watch?v=QNSCELZmNl0&amp;t=164"">2:44</a> 개웃김ㅋㅋㅋㅋㅋㅋㅋㅋㅋ",3,2024-07-28T08:40:20Z
@IanKal712,너무 호감인다,0,2024-07-28T08:31:21Z
@Han-lq4np,본방보다 더 재밋자나ㅎㅎㅎ😂😂,2,2024-07-28T08:19:07Z
@egeeseoerowa,한석원 갤러리 안간거 아쉽,5,2024-07-28T08:18:33Z
@user-tv9zc2ff8t,승제 쌤 갈구지 마,1,2024-07-28T08:13:46Z
@user-hw6kw8jx9n,정보) 두분은 아직도 언팔상태😂,0,2024-07-28T08:01:41Z
@하이루-g1v,겁나웃곀ㅋㅋㅋㅋㅋㅋ넘조아,1,2024-07-28T07:57:21Z
@운동좋아하는대학생,6년차이 5년차이 13년 차이 ㅋㅋㅋㅋ,1,2024-07-28T07:22:58Z
@rismfla,승제쌤은 진짜 문화쪽으로 순수한거 같아서 귀엽고 정식쌤은 나이가 있는데도 빠싹하게 다 알고 있는게 넘 신기하다 ㅋㅋㅋㅋ,0,2024-07-28T07:17:17Z
@freesia7672,두 쌤 너무 재미있어요~~항상 잘 보고 있습니다~^^🤭🤭🤭🥰,0,2024-07-28T06:55:03Z
@rkdvudtnwns,조온나웃기네 ㅋㅋㅋ,0,2024-07-28T06:49:48Z
@kolkata5945,rimbaud..&lt;----이거 누군지 알면 개추 ㅋㅋ,0,2024-07-28T06:21:57Z
@user-jo2wo1lm3x,승제쌤 넘 귀엽. 학부모입니다. ㅋㅋ,0,2024-07-28T06:09:56Z
@gd6157,티라미수 케이크 기다릴게용 정식쌤,0,2024-07-28T06:08:19Z
@sy3on7,ㅋㅋㄱㅋㅋㄱㅋㅋ 아니 정식쌤이 승제쌤한테 므슨말하고 승제쌤 이해 못하셔서 못웃는거 내가 엄마한테 재밌는거 있다고 보여줄때랑 똑같아ㅠㅜㅜㅋㅋㅋㄱㅋㄱㅋㅋㅋㄱㅋㄱ,1,2024-07-28T06:08:14Z
@ipadair-n7o,"이거 궁금한사람들 많을까봐 올리면<br>현우진vs정승제<br>현우진 장점<br>4,5이상등급 학생한테 추천<br>개념있어야 듣기쉽다<br>가끔씩 재밌음<br>정승제 장점<br>8,9등급도 들을수있고<br>모든 등급학생들한테 좋음<br>엄청재밌음<br><br><br>현우진 단점<br>기본 개념이 있어야됨<br>집중안하면 놓침<br><br>정승제 단점<br>집중안하면 시끄러워서 놀람<br>귀여움❤",0,2024-07-28T06:05:33Z
@Han_nam,정식게이야 개추가 뭔 개같이 어쩌구 드립이야 개념글 추천이지,2,2024-07-28T05:57:59Z
@vmdmdmdmdmd,이런 컨텐츠 넘 재밌음ㅠㅠ 많이해주세요,0,2024-07-28T05:57:25Z
@user-wt8go7hd5w,"<a href=""https://www.youtube.com/watch?v=QNSCELZmNl0&amp;t=702"">11:42</a> 둘이 여섯살차이밖에 안나는게 ㄹㅈㄷㅋㅋㅋㅋ",71,2024-07-28T05:55:08Z
@user-xp1fj1bf7w,정승제쌤.. 진지해서 죄송합니다만 좀 심각하시네요.. 이렇게까지 문맹이신거면 진짜 반성하셔야합니다.. 아직 50도 안되셨는데 60먹은 저희 아버지 보다도 문맹이시면 어떡합니까..,0,2024-07-28T05:44:41Z
@user-uo1zx1hw4u,넘 좋은 방송 입니다,0,2024-07-28T05:32:38Z
@CO-2-06,ㅋㅋㅋㅋㅋㅋㅋㅋㅋㅋㅋㅋ개웃김ㅜㅜ 정식쌤이 답답해하는게 ㄹㅇ 웃김,0,2024-07-28T05:17:14Z
@user-ki5ll3qg8v,진짜 20분 내내 웃음ㅋㅋㅋㅋㅋㅋㅋㅋㅋㅋ,0,2024-07-28T05:12:35Z
@랄노,정보) 개추는 개념글 추천이다,1,2024-07-28T04:40:17Z
@Dmdp_3-20,인스타 팔로워 3만명 넘었어요! 축하해요 🎉,2,2024-07-28T04:34:50Z
@khiair38,"ㅋㅋㅋ 이런 케미 너무 좋아요 .,❤❤ 많이 부탁드려요 ….   인스타로 봤는데 벌써 2만명 됐어요 !! 축하드려요",8,2024-07-28T04:25:34Z
@habi8330,아 ㅋㅋㅋㅋ 티라 미숙해 ㅋㅋㅋㅋ,0,2024-07-28T04:24:36Z
@Heheheheheheh_,재밋더 ㅋㅋㅋㅋㅋㅋ,0,2024-07-28T04:13:43Z
@bts_v9995,요새 본방 사수하는 예능이엥ᆢ<br>선생님들 사랑합니다,0,2024-07-28T04:09:55Z
@bts_v9995,두분 너무 좋아ㅋㅋ,1,2024-07-28T04:05:34Z
@user-ep8de5qh9e,디져스 개 웃기네 ㅋㅋㅋㄱㄱㄱㄲㄱㄱㅋㄱㅋ,0,2024-07-28T04:05:30Z
@user-nk2vz7bf8k,아 dc아니니까 살짝 재미없긴하다,0,2024-07-28T03:50:14Z
@Son-ni4zw,둘이 너무 귀여워 😊,5,2024-07-28T03:35:10Z
@user-kv1mb3kx8y,"<a href=""https://www.youtube.com/watch?v=QNSCELZmNl0&amp;t=149"">2:29</a> ㅇㅈㄹ ㅋㅋㅋㅋㅋㅋ",3,2024-07-28T03:27:55Z
@yeonxzzn,이조합 너무 좋닼ㅋㅋㅋㅋㅋ,0,2024-07-28T03:17:42Z
@user-dh3og6zw8y,됐어요 승재쌤은 릴스를 본적이 없는거에요,0,2024-07-28T03:06:06Z
@송주현-v9g,고3이라 그런지 존니 재밌다 ㅋㅋㅋㅋㅋㅋㅋㅋㅋ,0,2024-07-28T02:58:04Z
@user-ep6hi5qg7r,재밌네... 재밌어,3,2024-07-28T02:53:38Z
@user-ye6tp2rn6t,개추는 개념글 추천이라는뜻 입니다.,0,2024-07-28T02:51:17Z
@Js-sj9ff,진짜 귀여워죽겠어요,0,2024-07-28T02:51:05Z
@umbrella04,아 진짜 심각하게 귀여우세요 진짜 ㅋㅋㅋㅋㅋ 아 너무 좋다 진짜😂❤,0,2024-07-28T02:48:17Z
@user-hm4rt5fm1h,디져스 아니여도 슬슬 정식T한테 많이 긁히는 승제Tㅋㅋㅋ 예고편보니까 밤양갱으로 정식T 전현무한테 제대로 뚜까맞던데ㅋㅋㅋㅋ,0,2024-07-28T02:42:46Z
@꽃진-k5e,ㅋㅋㅋ겁나 재밌다,0,2024-07-28T02:31:02Z
@user-it8lp2xz8d,원래도 1타였지만 이제는 독보적 1타느낌 ㅌㅋㅋㅋㅋ 그아무도 이제 넘을수없는 벽이되버림 인기까지 얻었으니<br>요즘 인강판은 가르치는실력+스타성 느낌 <br>배우랑 다를게 없음 ㄹㅇ,61,2024-07-28T02:29:38Z
@user-lr7iz7en8m,"<a href=""https://www.youtube.com/watch?v=QNSCELZmNl0&amp;t=126"">2:06</a> 이거 개웃김",3,2024-07-28T02:25:56Z
@harinnim22,진짜 웃긴다 ㅋㅋㅋ,0,2024-07-28T02:09:39Z
@user-vs2ie8zs8x,이정도면 이제 물화생지도 총 출동 시키시죠 오백배고,0,2024-07-28T01:37:04Z
@루비02,아닠ㅋㅋㅋㅋㅋㅋ디져스 뭔뎈ㅋㅋㅋㅋㅋ,0,2024-07-28T01:33:12Z
@Who_0106,진짜 생선님 사랑해요..,3,2024-07-28T01:31:42Z
@user-rv5sk6hv6r,너무너무 웃김 ㅜㅜ,0,2024-07-28T01:31:34Z
@user-xx9td3ol9r,역시 T라미숙한 조정식 T,1,2024-07-28T01:16:04Z
@user-tm5ff3xl8j,정식쌤ㅋㅋㅋㅋㅋㅋㅋㅋㅋㅋㅋ 살살 놀리는 스킬짱ㅋㅋㅋㅋㅋ,0,2024-07-28T00:39:02Z
@성수-t6z,"<a href=""https://www.youtube.com/watch?v=QNSCELZmNl0&amp;t=196"">3:16</a> 이거 찾니?",5,2024-07-28T00:20:28Z
@user-bd6ei6tp1s,아니 두분 케미 ㅈㄴ 웃기넼ㅋㅋㅋㅋㅋㅋㅋㅋ 개꿀잼,0,2024-07-28T00:15:32Z
@user-ux6zb4vn3e,조정식 쌤 점점 학생 설명하는것처럼 ㅎㅎ,1,2024-07-27T23:51:53Z
@benny5939,"<a href=""https://www.youtube.com/watch?v=QNSCELZmNl0&amp;t=330"">5:30</a> 쌤… 보통 이런 미디어 보고 <br>그대로 아이한테 카피하게 하는 <br>부모는 본인이 공부를 안해봤거나 <br>그냥 멍청한 사람이라 답이 없어요.. <br>애가 부모보다 더 똑똑한 케이스인데 <br>부모가 직위로 찍어 누르니 <br>애가 논리로 타파하려해도 말이 <br>안통해서 울화통 터져 죽을라 <br>하는거에요…<br>우리 쌤들 화목한 가정에서 자라셨네<br>이성이 있는 부모고 성숙한 부모면<br>미디어에서 보여주는 것들을<br>애한테 그대로 강요하기 전에<br>이게 우리 상황에 도움이 될까?를<br>먼저 고려하겠죠 ㅠㅠㅠ…<br>그런 부모들이 있습니다.. 꽤 많아요…<br>해본 적도 없는 인간들이 <br>지 말이 다 맞고 지가 나이 많으니 <br>옳고 부모니 지 말 따라야하고..<br>그러다 자식이 논리와 팩트로 <br>그 주장 부셔버리면 개 염병 <br>후두려까는 부모가 있답니다..<br>저는 그래서 정신병 걸리고 <br>걍 부모라는 존재를 제 인생에서<br>지워버렸어요..",7,2024-07-27T23:18:22Z
@user-fm8ig5kg6z,와 다빈이 개부럽다,0,2024-07-27T22:51:28Z
@lenakang4022,ㅋㅋㅋㅋㅋㄹㅋㅋㅋㅋㄹㅋㅋㅋㅋ미치것넼ㅋㅋㅋ개웃기닼ㅋㅋ,0,2024-07-27T22:29:52Z
@carwash3933,ㅋㅋㅋㅋㅋㅋㅋㅋ 개욱기네 진짜,0,2024-07-27T22:16:16Z
@jjs7301,개쳐웃기네ㅜㅋㅋㅋㅋㅋ,0,2024-07-27T21:45:55Z
@youngcho7998,😂😂😂😂 you two are so funny!,0,2024-07-27T20:45:19Z
@user-ve8cg8kz3k,정식님 디시인사이드는 안들어가시나요? ㅎㅎ,6,2024-07-27T20:29:47Z
@user-jb9lk9rv4m,극F극T넘 재밌다😊,1,2024-07-27T20:17:53Z
@nakng17,제발 또 해주세요<br>두분 붙여만놔도 너무 웃김<br>플러스 여기에 미미미누까지 오면 더 웃긴 조합됨,0,2024-07-27T20:17:14Z
@annjo330,디저스?에?<br>ㅋㅋㅋㅋㅋㅋㅋ<br>댓글창이다~~~~~,0,2024-07-27T20:05:05Z
@Dnscsnas,웬만한 예능보다 전나 재밌네 ㅋㅋㅋㅋ,22,2024-07-27T19:59:16Z
@최상원-h3c,말포이 개닮았다,0,2024-07-27T19:49:37Z
@AlwaysOne123,티쳐스보다 훨씬 재밌네 ㅅㅂㅋㅋㅋㅋㅋ<br>요새 티쳐스 제작진들 폼 미쳤음ㅋㅋ,1,2024-07-27T19:04:33Z
@Bettie_hello,그래서 디저스02 언제 올라와요?ㅋㅋ,2,2024-07-27T18:34:17Z
@Bettie_hello,ㅋㅋㅋㅋㅋㅋㅋㅋ톰과 제리 실사판 ㅋㅋㅋ,1,2024-07-27T18:33:56Z
@user-zv5uz7hv3n,정승제 사생팬 왜 안 나오냐,1,2024-07-27T18:32:54Z
@user-dr9lm7jr8v,정보: 조정식은 대학 시절 디시 해외야구 갤러리에서 유명한 고정닉이었다.<br>역시 해본 사람이 더 하지말라고 하는 건 국룰인듯 ㅋㅋㅋ,44,2024-07-27T18:28:27Z
@user-hq4ck1eo4r,아니 공계 허락도없이 올리는거였음?,0,2024-07-27T18:23:25Z
@user-hq4ck1eo4r,과고 가려는 여자애.. 어휴..,1,2024-07-27T18:13:30Z
@user-bg6vn3hj4y,ㄹㅇ 커뮤니티 많이 할 수록 선동도 잘 당하고 자기 주관이 좀 사라지는듯,0,2024-07-27T18:06:06Z
@tenran07,"<a href=""https://www.youtube.com/watch?v=QNSCELZmNl0&amp;t=535"">8:55</a> 아 진짜 개웃곀ㅌㅌㅋㅋㅋㅋㅋㅋ 이게 내 리즈랰ㅋㅋㅌㅌㅋㅋㅋㅋ?ㅋㅋㅌㅋ",15,2024-07-27T17:57:29Z
@tenran07,"<a href=""https://www.youtube.com/watch?v=QNSCELZmNl0&amp;t=432"">7:12</a> 뭐야 아직도 맞팔 안 하셨네욬ㅋㅋㅋㅋㅋ",14,2024-07-27T17:55:23Z
@whereareyoufrom2,진짜 갈거면 디시나 오르비를 가야지ㅋㅋㅋㅋㅋㅋㅋㅋ,2,2024-07-27T17:49:34Z
@nctzb1ssipduk,정식쌤이 설명해주는 생선님이 못알아먹는게 진심 개웃김 ㅅㅂㅋㅋㅌㅌㅌㅋㅋㅋㅋㅋㅋㅋㅋㅋㅋㅋㅋㅋㅋㅋ,1,2024-07-27T17:43:33Z
@애옹이는나야둘이될수,"<a href=""https://www.youtube.com/watch?v=QNSCELZmNl0&amp;t=471"">7:51</a> 센터드립 웃겨디지겟네",6,2024-07-27T17:24:50Z
@user-em7tc9df3m,조정식 개잘생겼다,2,2024-07-27T17:21:28Z
@l_torch,이런거 많이 해줘요 너무 재밌다 ㅋㅋㅋㅋ,4,2024-07-27T17:16:46Z
@misochunsajiheonnibaek,개정식: 개같이 달려와서 정식쌤을 사랑한다는 뜻,0,2024-07-27T17:07:33Z
@mymelody_71,하..나에 ✮디올왕자✮ mz를 너무 잘알고잇어..짜릿해..♡ 호감도1090000%상승,0,2024-07-27T17:04:37Z
@xeni-kong,디져스 또 해주세요 재밌어요ㅋㄹㅋㄹㅋ,36,2024-07-27T17:03:02Z
@radiant_b9378,빡갤이 없네 ㅋㅋ 진짜 채널 감 다쳐뒤졌농,0,2024-07-27T16:56:55Z
@user-ns9cl4xk3e,승제쌤 메가 이적가자~~,1,2024-07-27T16:54:24Z
@쿠쿠루쿼카,작명 센스가 금쪽이 흑쪽이 생각나면서 댕웃기네 ㅋㅋㅋㅋㅋㅋㅋㅋㅋㅋ😂😂😂,0,2024-07-27T16:43:17Z
@jeeyou66,와 끝까지 이렇게 재밌는 영상 처음봐요<br>ㅋㅋㅋㅋㅋㅋㅋㅋㅋ진짜 개재밌음,15,2024-07-27T16:41:35Z
@user-cw5bt1mk7x,아니 근데 ㅈㄴ 웃긴데 ㄹㅇㅋㅋㅋㅋㅋㅋㅋ,0,2024-07-27T16:37:31Z
@ccccvvvv44,쌤 티라미수 케이크 잘 머글게요,0,2024-07-27T16:37:04Z
@user-uyj,와 진짜 조정식 쌤 완전 MZ 미쳤다,0,2024-07-27T16:36:29Z
@user-fx9fg8ut5m,다행이다 수갤 안들어가서 ㅋㅋㅋㅋㅋㅋㅋㅋㅋㅋㅋㅋㅋㅋㅋ,2,2024-07-27T16:32:01Z
@mogg0503,아 진짜ㅠㅠ큐큐ㅠㅠ 개웃김 ㅋㅋㅋㅋ,0,2024-07-27T16:31:36Z
@user-pw4ou9ur7q,승제쌤 귀여우시다ㅋㅋㅋㅋㅋㅋㅋ,0,2024-07-27T16:29:35Z
@jjmmpower.,ㅋㅋㅋㅋㅋㅋㅋㅋㅋㅋㅋㅋ미치겠닼ㅋㅋㅋㅋㅋ넘웃곀ㅋㅋㅋㅋㅋㅋㅋ,0,2024-07-27T16:27:53Z
@user-pg4hq9sz4g,"<a href=""https://www.youtube.com/watch?v=QNSCELZmNl0&amp;t=448"">7:28</a> MZ용어로 수정하시는거 너무 기여우심",7,2024-07-27T16:14:22Z
@user-je4fu2ld5n,제발 디씨 봐줘 ㅋㅋ,0,2024-07-27T16:13:39Z
@user-bx4xk1ri2t,생선님 이렇게 모르실 줄이야.......,0,2024-07-27T16:11:14Z
@user-im8cc7ww1j,아니 6년차이가 이렇게 큰가?? ㅋㅋㅋ,1,2024-07-27T16:05:41Z
@_ori0613,와 이거 개재밌다 ㅋㅋㅋㅋ 제발 계속 해주세요..!!,34,2024-07-27T16:03:03Z
@ssibalxiaoxue,아니 티쳐스 갤러리를 보여줘야지...,0,2024-07-27T16:02:51Z
@user-kd6by6os1u,조롱하는거예요ㅋ,0,2024-07-27T15:52:52Z
@alle_1222,정식쌤 진짜 핵인싸 ㅋㅋㅋㅋㅋㅋㅋㅋㅋㅋㅋㅋㅋㅋㅋㅋㅋ,0,2024-07-27T15:50:28Z
@user-lf4pn1mn1b,디져스인게 ㅈㄴ웃기네 ㅋㅋㅋㅋ,0,2024-07-27T15:49:00Z
@ceochu00,ㅋㅋㅋㅋㅋㅋㅋㅋㅋㅋㅋㅋㅋㅋㅋㅋㅋ너무 웃기다 아재 vs mz,0,2024-07-27T15:47:56Z
@user-ji8bt9tj2n,조정식님 거의 40대 언저리 아니신가? 진짜 요즘 세대 애들 감성이랑 잘맞는 성격이네 신기하다 답글 다는것만 봐도 센스있고 오글거리는거 싫어하고ㅋㅋㅋㅋㅋ 반면 정승제쌤은 ㄹㅇ우리 엄마같음 ㅋㅋㅋ큐ㅠㅠㅠㅠㅠㅠㅠ,147,2024-07-27T15:47:16Z
@윤쫑쫑내꼬,❤❤❤❤❤❤❤❤❤❤❤❤❤❤❤❤❤❤❤❤❤❤❤❤❤❤❤❤❤❤❤❤,0,2024-07-27T15:45:23Z
@user-zs3co9im2j,조정식T 자꾸 정승제F 맥이는데?ㅋㅋㅋㅋㅋㅋㅋㅋ,1,2024-07-27T15:43:28Z
@chiri372,이벤트 보고 인스타 티쳐스 공계들어가니깐 벌써 2만 ㅋㅋㅋㅋㅋㅋ티라미수케익 잘 먹겠습니다 정식T,9,2024-07-27T15:42:18Z
@user-ko2fj5fx7p,개추는 개념글 추천….,0,2024-07-27T15:40:35Z
@cheolaaa,정식쌤 완전 고양이잔아 귀여워❤,0,2024-07-27T15:39:46Z
@younnaoh9846,아 두분 진짜 캐미가 미쳤네요ㅋㅋㅋ 간만에 진짜 미친듯이 웃었어요ㅋㅋㅋㅋㅋㅋㅋㅋㅋㅋㅋㅋㅋㅋㅋㅋㅋㅋㅋㅋ<br>두분이서 예능 강추🤲🏽🤲🏽🤲🏽,14,2024-07-27T15:39:39Z
@user-jn6xw7kx7q,ㅋㅋㅋㅋㅋㅋㅋㅋㅋㅋㅋㅋㅋㅋ아 개웃기네;;,0,2024-07-27T15:31:58Z
@zxsoo,승제f랑 정식t ㅋㅋㅋㅋㅋ 승제 생선님 정식쌤 이런 의민데 mbti f랑 t로도 됨 ㅋㅋㅋㅋㅋㅋ,0,2024-07-27T15:30:44Z
@zxsoo,올해 본 영상 중에서 제일 웃으면서 봄 ㅋㅋㅋㅋㅋ 아니 승제쌤 개귀여워 진짜 사랑해요 ❤❤,12,2024-07-27T15:28:59Z
@dodoong218,벌써 2만명인데...ㅋㅋㅋ,0,2024-07-27T15:27:21Z
@카페인,"all empty -&gt; 모두(다 , 전부) 빈  -&gt; 다빈 와 뭐지",1,2024-07-27T15:20:57Z
@o_o...,앜ㅌㅌㅌㅌㅌㅌ 진짜 너무웃기다<br>그래서 강민철 선생님도 나왔으면,0,2024-07-27T15:18:06Z
@user-pu4py3pj7c,정승제쌤 점점 기빨리심ㅋㅋㅋㅋㅋㅋ,0,2024-07-27T15:15:17Z
@phj_1122,정식쌤 입으신 코트?정보 궁금해요 ㅜㅜㅜㅜ,0,2024-07-27T15:14:34Z
@user-is7ud9wz8p,개추 dc용어 아님ㅋㅋ? 개념글 추천,0,2024-07-27T15:11:53Z
@uoyym,진짜 너무웃겨요ㅠㅠㅠ 아ㅜㅜㅜㅜㅜㅜㅜㅜㅠㅠㅠ 티쳐스는 엄연한 예능이다,3,2024-07-27T15:09:50Z
@user-pv1mx1fs3d,인스타 팔로워 하루만에 2만 ㄷㄷ,0,2024-07-27T15:09:13Z
@user-gr4yg3mi7h,진짜 ㅈㄴ 재밌네 ㅋㅋㅋㅋ,1,2024-07-27T15:03:29Z
@Luv_killer,아ㅋㅋㅋㅋㅋ진짜 요즘용어 모르는 승제쌤과 mz 빠삭한 정식티의 조합이 넘 웃김ㅋㅋㅋㅋㅋ 승제생선님 계속 혼나ㅜㅠㅜㅜㅠ,10,2024-07-27T15:00:42Z
@user-yt8fl1jt2z,ㅋㅋㅋㅋㅋㅋㅋㅋㅋ보면서 내내 잇몸만개하고 봤어욬ㅋㅋㅋ,5,2024-07-27T14:58:04Z
@user-sj5xo8bi8s,아 낼 출근인데 ㅠㅜ 너무 재미있어서 안자고 보고 있어요 😂,0,2024-07-27T14:57:35Z
@user-ud3kw2oy5k,조정식 선생님의 사진이 주성치 젊었을때 느낌이 있음<br>주성치 젊었을때 모습 닮았다고 생각함,0,2024-07-27T14:55:41Z
@Lethe..,"<a href=""https://www.youtube.com/watch?v=QNSCELZmNl0&amp;t=95"">1:35</a> 대",0,2024-07-27T14:54:12Z
@emilyji4917,아 진짜 너무 좋아ㅋㅋㅋㅋㅋㅋㅋ 이런 거 자주 해줘요ㅠㅠㅠㅠㅠ 문화 모르는 승제 F랑 MZ 문화 너무 잘 아는 정식 T... 조합 미쳤다 진짜ㅋㅋㅋㅋㅋ,905,2024-07-27T14:51:13Z
@user-rk7yq8rc4s,왜 안뜸 개웃긴데,2,2024-07-27T14:45:02Z
@user-iy3us2lm8i,아니 이 둘리 너무 맛도리다..,0,2024-07-27T14:41:05Z
@Carathae_,"<a href=""https://www.youtube.com/watch?v=QNSCELZmNl0&amp;t=497"">08:17</a> 진짜 두분 케미 미쳤다 ㅋㅋㅋㅋㅋㅋㅋ 왕전 웃김",2,2024-07-27T14:37:25Z
@sio2.nh20,아 승제F 정식T 케미 ㅁㅊ겠다,0,2024-07-27T14:36:33Z
@user-vi9um9yb6v,조정식 차은우사진은 봐도봐도 존나 웃기네 ㅋㅋㅋㅋ,0,2024-07-27T14:34:21Z
@user-by2mj9ji1m,그래서 문찐이 뭐예요??,0,2024-07-27T14:33:12Z
@ppaws0,아진짜 너무 웃겨요 웬만한 예능보다 재밌어요 두 분 관계성 맛집,10,2024-07-27T14:29:59Z
@user-mw6ln3vq8x,아진짜 정승제쌤이랑 조정식쌤 티키타카하는거 돈나 웃기네 ㅅㅂㅋㅋㅋㅋㅋㅋㅋㅋㅋ 진짜 ㅅㅈㅋㅋㅋㅋㅋㅋㅋㅋㅋㅋㅋㅋㅋㅋㅋㅋㅋㅋㅋㅋㅋㅋㅌㅌㅌㅌㅌㅋㅋㅋㅋㅋㅋㅌㅋ,1,2024-07-27T14:28:29Z
@user-ev1zf4td3r,아니 공부 같은 건 포기한지 오래라 관심 없는데 이 둘 쌤들이 너무 재밌음ㅋㅎㅋㅎㅋㅋㅎㅋㅎㅋㅎㅋ,0,2024-07-27T14:27:57Z
@wolf1004roy,ㅋㅋㅋㅋㅋㅋㅋㅋ정식쌤 요즘 트렌드 다 아시는데 승제쌤은 문찐도 못알아들으셬ㅋㅋㅋㅋㅋ🤣🤣🤣🤣🤣,0,2024-07-27T14:27:36Z
@yequifeng,디씨본줄알고 기대잔뜩하고 들어왔네,2,2024-07-27T14:26:54Z
@user-nr5wi6ri5u,진짜 정식쌤이 ㅈㄴ 재밋음ㅋㅋㄱㅋㄱㄱㅋㄱㅋㄱㅋㄱㅋㄱㅋㄱㅋㄱㅋㅋ인간미가 보여,1,2024-07-27T14:26:09Z
@SIMSIMHE--91,수능채널 화이팅,1,2024-07-27T14:26:05Z
@user-xd3fr1rr5t,또해줘요!!!!요즘 두분 케미 진짜 너무 재미져옄ㅋㅋㅋㅋㅋ,31,2024-07-27T14:25:36Z
@Moa-My_day,ㅋㅋㅋㅋㅋㅋㅋㅋ 근데 조정식쌤 진짜 나보다 더 MZ같음..,0,2024-07-27T14:25:15Z
@wolf1004roy,"<a href=""https://www.youtube.com/watch?v=QNSCELZmNl0&amp;t=785"">13:05</a> 이 세상의 이다빈은 행복하겠네요🥹",1,2024-07-27T14:24:50Z
@codyrenk2844,ㅋㅋㅋㅋ진짜 공계 관리자 열일함,0,2024-07-27T14:23:42Z
@user-fg8db7ol3h,조정식 의외로 mz스럽네  <br>정승제는 의외로 베이비붐스럽네,2,2024-07-27T14:23:16Z
@user-xl1bo7ct5v,이 조합 찬성일세 ㅋㅋㅋㅋㅌㅌㅌㅌㅌ,0,2024-07-27T14:21:07Z
@wolf1004roy,"<a href=""https://www.youtube.com/watch?v=QNSCELZmNl0&amp;t=483"">8:03</a> 승제쌤 귀여워🥹🥹🥰",1,2024-07-27T14:19:28Z
@panasonic-r9h,"<a href=""https://www.youtube.com/watch?v=QNSCELZmNl0&amp;t=315"">5:15</a> 정승재 강성태 저격",19,2024-07-27T14:15:52Z
@nine_001,바프 ㅋㅋㅋㅋㅋㅋㅋㅋㅋㅋㅋㅋ😂,0,2024-07-27T14:12:57Z
@user-mw6ln3vq8x,양질의 정보를 얻고 싶다면 오르비 가세요 오르비에 이름있는 강사분들은 믿을만 하고 퀄도 좋아요 ~,0,2024-07-27T14:12:37Z
@tottenhamisGOAT,"<a href=""https://www.youtube.com/watch?v=QNSCELZmNl0&amp;t=13"">00:13</a> 아니 저번에 미미미누때도 그렇고 왜자꾸 정승제 ㅈ도 없는데로 적어 ㅋㅋㅋㅋㅋㅋㅋㅋㅋㅋㅋ",52,2024-07-27T14:12:15Z
@user-md6be2rs6o,아 컨텐츠 아이디어 좋다 ㅋㅎㅋㅎㅋㅋㅋㅋ,3,2024-07-27T14:09:58Z
@user-hv1uc1mo2g,둘이 엄청 친해졌는데 조정식 이적하능거 아니야 ? ㅋㅋㅋㅋㅋ,0,2024-07-27T14:07:19Z
@sdurmeianm,진짜 둘이 케미 미쳤음ㅋㅋㅋㅋㅋㅈㄴ 웃기넼ㅋㅋㅋㅋㅋㅋㅋ,2,2024-07-27T14:02:50Z
@user-xs6zl7hr2d,아진짜 너무웃기네ㅜㅠㅜㅜㅠㅋㅋㅋㅋㅋㅋㅋㅋㅋㅋㅋㅋ,0,2024-07-27T14:02:18Z
@user-yv1rr1ct7p,T지만 영어를 가르치는 감성의 정식쌤과 <br>F지만 수학을 가르치는 이성의 승제쌤♥️ 미국에서 아이키우면서 정말 재밌게 도움받으며 보고 있습니다! 아이가 승제쌤의 문제풀이 보면서 자기가 고민하던게 맞았다고 좋아할 때 보면 괜히 울컥해지고 그래요😂😂,76,2024-07-27T14:01:33Z
@UCC36dBYIXbZbFu_Db9HPk0g,"빡갤이 없네…,시무룩 ㅠ",0,2024-07-27T13:59:33Z
@Leeghr,티쳐스는 안봐도 이건 재밌네ㅋ,1,2024-07-27T13:58:42Z
@parksjeong,할머니 신문물 가르쳐주는 손자ㅜ바이브,0,2024-07-27T13:58:26Z
@user-nb9qy1jo5t,"<a href=""https://www.youtube.com/watch?v=QNSCELZmNl0&amp;t=161"">2:41</a> 아 예측이 ㅈㄴ웃기네 ㅋㅋㅋㅋ어케했냐",28,2024-07-27T13:52:12Z
@sacrifice_of_mystic,ㅋㅋㅋ 개웃기네 ㅋㅋㅋ,0,2024-07-27T13:49:19Z
@user-vi4oz9wt2r,재밌네여,0,2024-07-27T13:49:02Z
@user-kr4xd2kn9n,진짜 수학하고 노래 밖에 모르는 남자 생선님,5,2024-07-27T13:48:02Z
@user-vu5tv4dp6r,개존잼,0,2024-07-27T13:46:49Z
@user-wi6tq9pm1k,"<a href=""https://www.youtube.com/watch?v=QNSCELZmNl0&amp;t=252"">4:12</a> 악마의 자막임ㅋㅋ",2,2024-07-27T13:43:00Z
@키치,"<a href=""https://www.youtube.com/watch?v=QNSCELZmNl0&amp;t=725"">12:05</a> 진짜 ㅠ ㅋㅋㅋㅋㅋ 티키타카 뭔데 ㅋㅋㅋㅋ",4,2024-07-27T13:37:45Z
@물고기먹는고양이,이게 스핀오프가 있다고? 개꿀딱딱이,0,2024-07-27T13:37:35Z
@user-du8fx2zf1n,"<a href=""https://www.youtube.com/watch?v=QNSCELZmNl0&amp;t=143"">2:23</a> 자해하는것도 아니고 ㅋㅋㅋㅋㅋㅋㅋ 진짜 개친해진거 같다 ㅋㅋㅋㅋㅋ",2568,2024-07-27T13:36:42Z
@키치,"<a href=""https://www.youtube.com/watch?v=QNSCELZmNl0&amp;t=593"">9:53</a> 개웃겨 ㅋㅋㅋㅋㅋㅋㅋㅋㅋㅋㅋㅋㅋㅋㅋㅋㅋㅋ 이해못해서 정적된 분위기 이해못하는거 한심해하는 정식쌤 ㅋㅋㅋㅋ",1,2024-07-27T13:35:01Z
@iroiro__,그 와중에 귀멸의 칼날 어케 이김ㅋㅋㅋㅋ,0,2024-07-27T13:33:54Z
@키치,와 진짜 티키타카 개재밌어 ㅠ ㅋㅋㅋㅋ,1,2024-07-27T13:33:37Z
@user-ps9pi4td8u,허수 대표픽,0,2024-07-27T13:33:24Z
@user-db1zz2ir7l,진심 개웃기네 ㅋㅋㅋㅋㅋㅋㅋㅋㅋㅋㅋㅋ 이런거 더해주세요….,1,2024-07-27T13:32:03Z
@zerooo29383,티처스가 참 좋은게 제작진들이 트렌드를 잘알아서 여러 콘텐츠를 짜주는게 넘 좋음ㅋㅋㅋㅋㅋㅜㅜ 일타강사들과 가까워지기 ❤❤,68,2024-07-27T13:29:50Z
@Wopl2426,자해하는것도 아니고 ㅋㅋㅋㅋㅋㅋㅋㅋ,0,2024-07-27T13:27:07Z
@user-rj1us6ns1z,오케이 됐어요 정승제는 틀딱인거에요,0,2024-07-27T13:26:39Z
@user-ln4xs8qb4f,이 둘 캐미 완전 찬성입니당,7,2024-07-27T13:25:42Z
@user-fn6yy8dh1w,내가 딱 누르니까 팔로워 2만 됌....,0,2024-07-27T13:25:30Z
@user-nb2ge9oi2j,아 광대뼈 아프네ㅋㅋㅋㅋㅋ 너무 웃기다,0,2024-07-27T13:24:40Z
@user-we7qx1tn7l,이거는 빡갤을 가야 재밌는데,0,2024-07-27T13:22:06Z
@numple2pp697,"<a href=""https://www.youtube.com/watch?v=QNSCELZmNl0&amp;t=817"">13:37</a> 그 뜻이 아닌데 ㅋㅋㅋㅋㅋ",0,2024-07-27T13:21:27Z
@user-yx8jm4hc6k,승제생선님 너무 귀여우세요 ㅋㅋ ㅠ ㅠ 너무 좋아요 생선님😱😱 흔한 주접멘트가 아니라 진짜 좋아요🥹,0,2024-07-27T13:17:11Z
@user-tf7rp7vy7m,아 개재밌다 ㅋㅋㅋㅋㅋㅋㅋㅋ큐ㅠㅠㅠㅠㅜㅜㅠㅠ,0,2024-07-27T13:17:10Z
@user-wx1ge9yx4w,졸라웃기네,0,2024-07-27T13:11:27Z
@Akakskkzksk,커뮤니티는 진짜 부정적인 애들 모인 곳 ㄹㅇ악임 걍 ㅋㅋㅋ 보지마셈,4,2024-07-27T13:10:15Z
@tenran07,디져스 뭐얔ㅋㅋㅋㅋ 너무 웃겨요,6,2024-07-27T13:00:22Z
@user-ec8db8gy9p,4시간 됬는데 1.9만명 ㅋㅋㅋㅋㅋㅋㅋㅋ,0,2024-07-27T12:56:00Z
@moomoo-1027,ㅋㅋㅋ쌤들 왤케 재미찡ㅋㅋㅋㅋ 이런 영상 많이 만들어주세여ㅋㅋ,15,2024-07-27T12:55:25Z
@09junp,아니 왜 계속 정승제 &#39;ㅈ&#39;도없다 왜 이딴식으로 편집하냐고 ㅋㅋㅋㅋ,0,2024-07-27T12:54:34Z
@user-pu9qg1qe7e,진짜 정식쌤ㅇ은 수학만 푸신듯ㅋㅋㅋㅋㅋ,0,2024-07-27T12:45:10Z
@user-ct1eb1ur7y,아 쌤들 인강에서만 보다가 이런 현실적인 모먼트들 보니깐 너무 좋다...ㅎ 디져스 감사합니다 앞으로도 이런영상 많이많이 부탁드려요~,51,2024-07-27T12:44:23Z
@nameno5420,다음번엔 빡갤 잠입수사를 추천드립니다!,12,2024-07-27T12:40:18Z
@user-yo6cz6xn2o,아닠ㅋㅋㅋ 티쳐스다음디져스 ㅋㅋ,2,2024-07-27T12:31:49Z
@이나-c2c,와 진짜 개재밌놐ㅋㅋ,2,2024-07-27T12:31:10Z
@user-iq1de2yf7u,선생님들께 특히 정식 티처님께 질문이 있는데 인스타와 메가스터디로는 되지않아 소통할 방법이 없고 간~절한 목표가 있는 대학생이지만 대학도 늦게 왔고 인서울 입시를 고려하고 있다만 성적보다는 실력이 훨씬 더~ 부족해 고민걱정이 산더미인데 토익과 편입 둘다 해야겠지만 토익 500도 안나오고 모의고사 할 상태는 아닌데 편입은 고난도라 거의 완벽수준으로 해야된다는데 꽤한다는 학생들도 문턱이 꽤있다는데 가능성이 있을까 싶은데도 꼬~~옥 이루어야 겠는데 자신 확신은 없고 두 티처랑 하면 목표에 가까워지지 않을까 생각은 하는데 어떻게 하면 좋을까요~?,0,2024-07-27T12:30:43Z
@exponential167,디저스 ㅋㅋㅋㅋ,0,2024-07-27T12:24:52Z
@saro6628,30살 먹었는데도 유튭에 티처스 2일간 다봤다 밥친구인가 뭐라 뜨길래 그냥 봤는데 수능하고 연관도 없는데 다봄 그냥 졸라재밋더라 <br>제일 좋았던 편은 학생 이름은 생각안나는데 엉덩이로 앉아있는 시간도 길고 야밤에 뛰어서라도 잠깨고 공부하는데 성적은 안나오는 남학생 ...울면서 정승제님한테 고맙다하는데 나도 찔끔 흘렸다,108,2024-07-27T12:24:13Z
@melodysheep2651,빡갤 패싱 뭐지다노;;,2,2024-07-27T12:09:01Z
@user-tf5nb9yp2f,옆에 스태프들 웃는게 너무 웃김ㅋㅋㅋㅋㅋㅋㅋ,0,2024-07-27T12:07:09Z
@user-vo6wq4zg5z,띠동갑 커플 같아영<br>어린 여친이 재밌는 밈 보여줬는데 이해 못하는 연상 남친,2,2024-07-27T12:06:53Z
@kmcmegastudy,조정식은 08~09년에 해야갤에서 젖통 사진을 올리며 놀았던 진성 디시인이다.,4,2024-07-27T12:04:09Z
@rgst617,다 빈 ㅋㅋㅋㅋㅋㅋㅋ,0,2024-07-27T12:02:39Z
@user-xg2zi2rc5z,이런거 자주 해즈세여 ㅜㅜㅜ 진짜 개웃겨서ㅜ처음부터 끝까지 웃었내.. ㅜ,8,2024-07-27T11:58:43Z
@user-hi3op4rj9h,티처스 공계 저렇게 재밌는지 몰랐넼ㅋㅋㅋㅋ,1,2024-07-27T11:56:03Z
@user-ct8qv3do1t,첨부터 끝까지 빈틈이 없네 ㅋㅋㅋ 쌤들 왜케 웃겨😂,21,2024-07-27T11:56:02Z
@user-uy1xj7yd4s,커뮤니티 개재밌는데 어떡해요!!!!!!!!  dc가 ㄹㅇ 개꿀잼,2,2024-07-27T11:46:51Z
@pamhani0001,디시들어갔다가 할카스같은거 걸렸으면 볼만하겠노 ㅋㅋㅋㅋ,1,2024-07-27T11:45:32Z
@pro-jobduckler,"<a href=""https://www.youtube.com/watch?v=QNSCELZmNl0&amp;t=682"">11:22</a> 아닠ㅋㅋㅋㅋㅋㅋㅋㅋㅋㅋㅋㅋ진짜 귀멸의 칼날을 예능이라고 얘기하는 사람은 승제쌤이 처음이에요ㅜㅜㅜࠅヲㅋ̆̈𐨛𐌅 그걸 듣고나서 정식쌤 반응도 너무 웃겨요ㅜㅜㅜ 승제 쌤 정식쌤 케미 너무 좋습니다!!!!",54,2024-07-27T11:36:47Z
@KongBaB0805,이런거 너무 좋아 더해줘 더 더,20,2024-07-27T11:35:53Z
@user-ku2si7rp6v,"<a href=""https://www.youtube.com/watch?v=QNSCELZmNl0&amp;t=141"">2:21</a> 자해 ㅅㅂㅋㅋㅋㅋㅋㅋ",5,2024-07-27T11:33:34Z
@가나다-t7y,아 영상 진짜 웃기네 ㅋㅋㅋㅋㅋㅋ,0,2024-07-27T11:32:45Z
@user-pf2xz5xl3e,ㅋㅋㅋㅋㅋㅋㅋㅋㅋㅋㅋㅋㅋㅋㅋㅋㅋㅋㅋㅋㅋ왤케웃김,0,2024-07-27T11:32:14Z
@user-qr5324,"<a href=""https://www.youtube.com/watch?v=QNSCELZmNl0&amp;t=623"">10:23</a> 미쳣냐곸ㅋㅋㅋㅋㅋ왜 샘한텤ㅋㅋㅋㅋㅋ기원써먹엌ㅋㅋㅋㅋ",22,2024-07-27T11:32:12Z
@Evening_0226,아 진짜 개잼있다ㅠㅠ,2,2024-07-27T11:31:57Z
@negumaqutls,개념글 추천..,0,2024-07-27T11:30:16Z
@Na-U77,이거 계속하자 개재밌다ㅋㅋㅋㅋㅋ,23,2024-07-27T11:29:49Z
@user-vv7ld7vp8q,아 개웃기네 ㅋㅋㅋㅋㅋㅋㅋ,0,2024-07-27T11:29:07Z
@user-fx4oy5fe2l,아니 진짜 케미먼데 ㅋㅋㅋㅋㅋㅋㅋㅋㅋㅋㅋㅋ 톰과제리냐고 개웃기네 진짜 패트와매트에 더 가깝나 일주일치 웃고갑네다,0,2024-07-27T11:29:04Z
@user-iv4se9yz2x,티처스가 아니라 디져스넼ㅋㅋㅋㅋㅋ,0,2024-07-27T11:28:39Z
@KS-fz9iq,빡갤 안나와서 아쉬우면 개추 ㅋㅋㅋㅋ,2,2024-07-27T11:27:09Z
@dabeen8394,이 둘 조합이 너무 읏김<br>정식쌤의 답답한 표정이 개웃김,5,2024-07-27T11:23:58Z
@dabeen8394,원래 티처스 팔은 안하면서 봤는데 이기회에 팔함ㅋㅋㅋ,0,2024-07-27T11:23:29Z
@user-rv1qg2xz4k,강아지랑 고양이 (톰과 제리 같음 ) ㅋㅋㅋㅋㅋㅋㅋㅋㅋㅋ,0,2024-07-27T11:22:56Z
@user-ec6ks9ub5p,두뷰 케미 미쳤음요~넘 재밌어요~😂,67,2024-07-27T11:21:26Z
@user-ud7tb9ub5l,"<a href=""https://www.youtube.com/watch?v=QNSCELZmNl0&amp;t=94"">1:34</a> 많데요… 많대요",7,2024-07-27T11:19:30Z
@user-rj4uc7yz4i,빡갤을 왜안가,0,2024-07-27T11:18:19Z
@dj_thedok,티처스 아니고 디져스 ㅋㅋㅋㅋㅋㅋㅋㅋㅋ,0,2024-07-27T11:17:49Z
@jungsoonjeon8392,두 분 귀여우시네요 ㅎㅎㅎ,1,2024-07-27T11:16:21Z
@nuri607,별걸다하넼ㅋㅋㅋㅋㅋㅋ,0,2024-07-27T11:15:16Z
@user-bo4ml8ur3s,아 진짜 ㅋㅋㅎㅎㅋㅋㅋㅋㅋㅋㅋㅋㅋㅋㅋㅋㅋ 이렇게 서로 티키 타카 하면서 하는게 너무 재밌다 ㅋㅋㅎㅋㅋ 2탄도 만들어 주세요!!,28,2024-07-27T11:11:57Z
@JM-pr1vi,ㅋㅋ,0,2024-07-27T11:08:21Z
@user-cc6ri4jm9c,아니 이겋ㅎ 2탄 만들어주세요 제발요 개웃김ㅋㅋㅋㅋㅋㅋㄴㅋ,84,2024-07-27T11:03:36Z
@user-do4rh8bn8v,"<a href=""https://www.youtube.com/watch?v=QNSCELZmNl0&amp;t=335"">5:35</a> 말 안통하고 자기 뜻대로 자식 통제하려는 부모 많아요... 꼭 말이 통하지 않습니다",17,2024-07-27T11:02:43Z
@user-ql5zg8pl4s,둘이 진짜 잘어울린다......정승제(아빠) 조정식(엄마) ㄹㅇ 쀼 포지션이네,259,2024-07-27T11:01:44Z
@user-su2rx9su7g,아 진짜 너무 좋다 큨큨ㅋㅋㅋㅋㅋ,0,2024-07-27T11:01:29Z
@user-cx8df5og8y,군침 싹 도노?????<br>노무현 대통령의 죽음을 희화화 하나요?,1,2024-07-27T11:01:08Z
@김한별-k1h,조정식 답답해 하는게 눈에 보여서 넘 웃김ㅋㅋ쿠ㅜㅜ 정승제 쌤 공부 합시다.. 수학만 하지 말공,37,2024-07-27T11:01:06Z
@user-zo9lw4hw3n,"<a href=""https://www.youtube.com/watch?v=QNSCELZmNl0&amp;t=11"">0:11</a> 조정식 : 정승제 ㅈ도 없다",2,2024-07-27T10:58:49Z
@김한별-k1h,조정식 개티다 ㅋㅋㅋㅋㅌ,1,2024-07-27T10:56:37Z
@user-bq6xz9dl6u,ㅋㅋㅋㅋ 재목 디져스라고 바뀐거 개웃기네,2,2024-07-27T10:56:33Z
@user-ko7ze9pn6w,ㅋㄱㅋㅋㄱㅋㄱㅋㄱㅋㄱㅋㄱㅋㄱㅋㅋㅋ,0,2024-07-27T10:55:01Z
@user-sx4sh1nh4e,ㅋㄹㅋㄹㄹㅋㄹㅋ아니 무슨 일타강사들 티키타카 개쩌네 진짜로ㅋㅋㅋㅋㅋㅋㅋㅋㅋ,2,2024-07-27T10:54:41Z
@user-rq5yv2cc3m,이런 영상 많이 올려주세요 너무 재밌습니다ㅋㅋㅋㅋㅋ,42,2024-07-27T10:53:27Z
@user-hz4oo1rz8c,디시로 하면 유튜브 검열 먹을것같아서 안한듯 ㅋㅋㅋㅋ,1,2024-07-27T10:53:18Z
@user-ko7ze9pn6w,넘 재밌다진찌❤❤❤,5,2024-07-27T10:51:32Z
@user-wq4us8zf2n,ㅋㅋㅋㅋㅋ너무재밌는데,3,2024-07-27T10:50:25Z
@user-pi2ep3ps5d,6살 차인데 생각보다 세대차이 개크네,0,2024-07-27T10:48:35Z
@user-pi2yn7mc5s,ㅇㅈㅋㅋㅋ,0,2024-07-27T10:46:30Z
@user-qt8bg9tl9q,ㅋㅋㅋㅋㅋㅋㅋㅋㅋㅋ둘 조합 너무 재밌어요 자주 찍어주세요 ㅋㅋㅋㅋㅋ,149,2024-07-27T10:46:10Z
@user-tl2el6zj2p,"<a href=""https://www.youtube.com/watch?v=QNSCELZmNl0&amp;t=700"">11:40</a> 오오 승제쌤 울 아빠랑 동갑이야 우와 우와 안녕하세요",1,2024-07-27T10:45:26Z
@illuminantw,Dc 끝까지 가는거 기대한다ㅋㄲㅋㅋ,0,2024-07-27T10:44:45Z
@jakankim2183,"조정식쌤이 옆에서 계속 정승제 쌤이 모르는거, 이해 못 하는거 설명해주는게 개웃기네 ㅋㅋㅋㅋㅋㅋ",0,2024-07-27T10:40:35Z
@user-jn1vi3fy9h,ㅋㅋㅋㅋㅋ😊,0,2024-07-27T10:39:39Z
@nyahahaha77,어떡해 정 쌤 밈 하나도 몰라😂 <br>ㅋㅋㅋㅋㅋㅋㅋㅋㅋㅋㅋ,7,2024-07-27T10:36:53Z
@user-jc5mn6ms5d,ㅋㅋㅋㅋㅋㅋㅋㅋㅋㅋㅋㅋㅋ성격 극과 극인거 개웃기네 그냥 아저씨와 mz가면쓴 아저씨..,325,2024-07-27T10:33:53Z
@user-bg6gi7pi1f,정식 승제 케미 개잘맞네,34,2024-07-27T10:33:37Z
@user-oo6uh3fl9g,1.7만...,0,2024-07-27T10:30:59Z
@qkd4808,왜 수갤은 없나요??,0,2024-07-27T10:28:50Z
@김민수-n7t,선생님 유빈 아카이브에 대해 어떻게 생각하시나요? ㅋㅋ,0,2024-07-27T10:27:12Z
@user-xr2ld3fm4m,"보지마세여 쌤들 ㅠㅠ 괜히 이런거 먹이주면 호기심에라도 쓰레기통 뒤져보는 애들 나오는데,, 그냥 아예 관심을 안줘야함..",8,2024-07-27T10:19:35Z
@sleepy_infp_030,조정식 ㄹㅇ 한국식 말포이임…,3,2024-07-27T10:17:22Z
@Wonwoowife1107,이다빈 씨 아이디가 제일 웃김ㅋㅋㅋㅋㅋㅋ all empty ㅇㅈㄹㅋㅋㅋㅋㅋㅋㅋㅋ,553,2024-07-27T10:16:53Z
@user-or1gl5ol8o,ㅋㅋㅋㅋㅋ 승제쌤 톰 정식쌤 제리 ㅋㅋㅋㅋ 진짜.톰과제리시네욬ㅋㅋㅋㅋㅋ,306,2024-07-27T10:16:04Z
@러시루,"<a href=""https://www.youtube.com/watch?v=QNSCELZmNl0&amp;t=484"">8:04</a> 옹알이ㅋㅋㅋㅋㅋ",6,2024-07-27T10:14:58Z
@ssip_SUNBI,개추가 하도 많이 쓰이다보니 뜻 모르는 사람이 많네 ㅋㅋ<br>디시인사이드 용어임,5,2024-07-27T10:13:08Z
@user-we1fh7ff4l,진짜 개쳐웃김ㅋㅋㅋㅋㅋㅋㅋㅋㅋㅋ내 도파민들🤩😍😍😍,6,2024-07-27T10:11:04Z
@user-kg7el7bx6o,디져스 개웃기네...ㅋㅋㅋㅋㅋㅋㅋㅋㅋㅋㅋㅋㅋ,80,2024-07-27T10:09:26Z
@user-ee1gm7ub3q,편집맛깔나네ㅋㅋㅋㄱㅋ,78,2024-07-27T10:09:14Z
@user-sw9to5dc6j,"<a href=""https://www.youtube.com/watch?v=QNSCELZmNl0&amp;t=258"">4:18</a> 심지어 정승제 ㅈ도 없는데 사건의 전말에서 조정식이 정승제의 ㅈ도 없는데라고 말한게 아니라 정승제 진짜 없는데라고 말했음",4,2024-07-27T10:07:53Z
@user-gt4id4lz6h,"<a href=""https://www.youtube.com/watch?v=QNSCELZmNl0&amp;t=636"">10:36</a> 잡아서..감금을.....",13,2024-07-27T10:04:10Z
@Byina06,너무 웃김 ㅋㅎㅋㅎㅋㅎㅋㅎㅋㅎㅋㅎㅋㅎㅋㅎㅎㅋㅋㅎㅎㅋㅎㅋㅎㅋㅎㅋㅎ,1,2024-07-27T10:02:09Z
@user-gp6pf5zd4y,아거 정식 승제 방송 아니고 관계자 리액션 방송인가요? ㅋㅋㅋㅋ 카메라 뒤에서 웃는게 다들 대박이네 ㅋㅋㅋㅋ 설마 정식쌤 조교는 아니겠죠 ㅋㅋㅋㅋㅋㅋㅋ 보통 저 리액션은 정식쌤 현강 리액션인데 ㅋㅋㅋ,461,2024-07-27T10:01:21Z
@stryper444,확실히 사회문화 관련 영어지문도 다뤄야하니까 조T가 아시는 밈이 더 많고 유행에 민감하시네ㅋㅋ,0,2024-07-27T10:01:05Z
@sex581,디씨 빡갤 시대갤 이런곳을 가야지ㅋㅋ 포만한은 너무 약하지않노 ㅋㅋㅋㅋ,2,2024-07-27T09:57:26Z
@user-rh9fv3tb3q,아 승제쌤 다 몰라 큐ㅠㅋ큐큐큐ㅠㅋㅋㅋㅋㅋㅋㅋㅋㅋㅋㅋ 아 귀여워 죽겠네,3,2024-07-27T09:55:30Z
@user-du9gz2lb8d,"<a href=""https://www.youtube.com/watch?v=QNSCELZmNl0&amp;t=732"">12:12</a> 정식쌤이 더 많이 벌지않나요 ㅋㅋㅋ",7,2024-07-27T09:48:28Z
@user-gi7er8sg4j,조정식 뻐큐함 ㅋㅎㅋㅋㅎㅋㅋㅋ,0,2024-07-27T09:48:24Z
@mirmir2074,그래도 심연은 안들어갔네..,6,2024-07-27T09:46:11Z
@user-ds8lg9ew7o,흑화하는 말포잌ㅋㅋㅋㅋㅋㅋㅋㅋㅋㅋㅋㅋㅋㅋㅋㅋㅋㅋㅋㅋㅋㅋㅋㅋㅋㅋㅋㅋㅋㅋㅋㅋㅋㅋㅋㅋㅋㅋㅋㅋㅋㅋ,0,2024-07-27T09:45:41Z
@danya_blissful,정식쌤 그거 알아요 …? 이미 공계 구독자수 1.7만,3,2024-07-27T09:42:37Z
@dada-el2st,인스타 주소 댓글에  적어주세요 ㅎ ㅎ,0,2024-07-27T09:42:17Z
@user-hr2xh1fv7h,정식 개호감,7,2024-07-27T09:39:17Z
@user-ue6hb2il8k,아저씨가 이과라면 저렇구나 ㅎ,4,2024-07-27T09:39:06Z
@user-qm2lk3cl1v,티키타카 귀여워용,33,2024-07-27T09:39:06Z
@yeonny_sy,정식쌤 빡치는게 너무 웃김 ㅋㅋㅋㅋ,0,2024-07-27T09:38:38Z
@홑화살괄호,"<a href=""https://www.youtube.com/watch?v=QNSCELZmNl0&amp;t=892"">14:52</a> 정승제 쌤 강황 사는 소리가 다시금 들리게 되나",1,2024-07-27T09:37:05Z
@user-hy1te8ps9r,이런 영상 너무 좋아,43,2024-07-27T09:36:02Z
@user-di1vy9uf1l,조정식 왜 다 아냐 ㅋㅋㅋㅋㅋㅋㅋㅋㅋ,31,2024-07-27T09:35:19Z
@GGARGURI,팔로워 2만 넘으면 승제쌤은 바프 정식쌤은 홍대입구역에서 티라미수케잌 3시간,3,2024-07-27T09:34:28Z
@user-mb3py5vh5j,빡갤하고 윤통시는 안들어가노 ㅋㅋ,5,2024-07-27T09:32:36Z
@user-df1ns3ne8u,왜 모든 영상에 댓글 닫혀있는지 알겠네 진짜 역겹다,6,2024-07-27T09:29:49Z
@user-uc8qr9wp9x,알바 천국임 ㅋㅋ,0,2024-07-27T09:29:41Z
@jinnnnn978,둘이개웃기네 ㅋㅋㅋㅋㅋㅋㅋㅋㅋ,11,2024-07-27T09:27:24Z
@user-ge6tk5gb4v,바프 상상해버렸다 ㅋㅋ,0,2024-07-27T09:26:51Z
@user-gl5ol9mo1o,"<a href=""https://www.youtube.com/watch?v=QNSCELZmNl0&amp;t=140"">2:20</a> ㅋㅋㅋㅋㅋㅋㅋㅋㅋㅋ",2,2024-07-27T09:26:45Z
@user-de1em2sx1m,빡갤 왜 안갔음?,0,2024-07-27T09:24:29Z
@user-sx9qx8mw9i,개추했다,0,2024-07-27T09:23:17Z
@KWAN-fo4sp,요즘 티처스에 빠져서 정주행중인데 저 두선생님들 너무 호감임,462,2024-07-27T09:23:01Z
@ticktock4975,왜웃기냐 ㅋㅋㅋㅋㅋㅋㅋㅋㅋㅋㅋㅋㅋㅋ,3,2024-07-27T09:21:44Z
@user-jm9cc5ng6s,"<a href=""https://www.youtube.com/watch?v=QNSCELZmNl0&amp;t=32"">00:32</a> 진짜 디씨 1번만 제발….",17,2024-07-27T09:19:08Z
@user-jm9cc5ng6s,내심 커뮤니티에서 현우진 정승제 이명학 조정식 수위 쎈것도 해줬으면 좋겠으면 개추,5,2024-07-27T09:18:40Z
@user-fh34jnwec,휴 디시인사이드라 살았다.,4,2024-07-27T09:16:36Z
@shimminho1219,강아지랑 고양이랑 귀엽게 노는 것 같음,3039,2024-07-27T09:11:04Z
@user-zt2bg5tg1x,진짜 이런게 뭔가 대리만족인가 ㅋㅋㅋㅋㅋㅋㅋㅋㅋ,82,2024-07-27T09:09:43Z
@AKKADEMY_원트일조,요즘 문화를 이해를 못하시는 정승제쌤과.. 이해를 시키려는 조정식쌤.. 진짜 둘 다 너무 귀엽다 진짜 조정식쌤이랑 결혼하고 싶다 진짜 하,61,2024-07-27T09:07:13Z
@user-cs7wz3sp5n,저랑 결혼해요,5,2024-07-27T09:04:53Z
@chung_seungje_cuteeee,쌤...별로에요<br><br><br><br><br><br><br><br><br><br><br><br><br><br><br><br><br><br><br><br><br><br><br><br>제맘속에별로ㅎㅎㅎㅎㅎㅎ<br>정승제쌤미치도록귀여우십니다.<br>너무잘생기셨어요현재중2인데저쌤진짜좋아해요ㅠㅠㅠㅠㅠㅠㅠ하ㅠ너무귀여우심미쳐버릴것같아요ㅜㅜㅜㅜㅠㅠㅠㅠ,5,2024-07-27T09:04:51Z
@user-bz4ko5dm1h,ㅋㅋㅋㅋㅋㅋㅋㅋㅋㅋㅋㅋㅋㅋㅋㅋㅋㅋㅋㅋ아 너무 재밌어요,30,2024-07-27T09:02:10Z
@Lazer5000,아무것도 모르는 승제쌤 폼 미쳤다 ㄷㄷ,29,2024-07-27T09:01:46Z
@LOGO___STAR,정식쌤 점점 호감이 된다,8,2024-07-27T09:01:05Z
@rw0970,첨엔 정식쌤이 승제쌤 맘에 안들어하는 거 같았는데ㅋㅋㅋ 이젠ㅋㅋㅋㅋㅋㅋ,5,2024-07-27T08:59:02Z
@inyu10,조정식쌤 승제쌤 문화생활 시켜주세요 ㅋㅋㅋㅋㅋㅋ,23,2024-07-27T08:56:26Z
@__-ze2ji,승제쌤은 젋고 잘생겼으면 완전 너드남이네,5,2024-07-27T08:55:13Z
@girigiriberse,티처스 분위기 왜캐좋음,662,2024-07-27T08:53:37Z
@ivedive973,어 잘생겻누,0,2024-07-27T08:53:21Z
@girigiriberse,졸라재밋네,34,2024-07-27T08:53:07Z
@user-ph9vt7in8L,"<a href=""https://www.youtube.com/watch?v=QNSCELZmNl0&amp;t=75"">1:15</a> ㅋㅋㅋㅋㅋ",4,2024-07-27T08:53:06Z
@ZELATINPUTON,티처스가 예능인 이유가 여깄었냐 ㅋㅋㅋㅋㅋㅋㅋㅋㅋ,1492,2024-07-27T08:52:58Z
@Devil_mega_kmc,참고로 조정식은 해야갤 고닉이었음,3,2024-07-27T08:52:16Z
@user-np7nc8gh3d,조정식 여기서 보면 MZ같은데 그 이유가 정승제가 있어서인데 다른데 가면 아재 같아 보임 이유는 자기보다 말을 자기보다 잘 하고 더 잘 아니깐ㅋㅋ,0,2024-07-27T08:50:10Z
@수이용,난 재밌짜나! 자0박으면 꼬ㅓㅁ짝도 못해,0,2024-07-27T08:50:02Z
@user-pr9ng7rk6t,개추-&gt;개념글 추천,0,2024-07-27T08:46:19Z
@user-rw2zq7ij2n,[ 개추 ] :  개념글 추천이란 뜻.<br>  디시인사이드 발 용어이며 <br>어떤 게시글이 개념글로 갈만하지않냐는 의미로 쓰이며 공감유도를 위한 관용어이다.<br><br><br>감사합니다,269,2024-07-27T08:44:03Z
@user-op5yc2yd2s,정식쌤 요즘 세대 연구하는게 느껴짐 감동😂,58,2024-07-27T08:43:37Z
@user-wy8bk4qn6v,둘의 케미가 정말 좋네요,5,2024-07-27T08:43:01Z
@또또라스,앜ㅋㅋㅋㅋ 진짜 처음부터 끝까지 재밌다ㅋㅋㅋㅋㅋㅋ정식쌤이 승제쌤한테 뭐 알려주실때마다 승제쌤은 뭔지 모르시고 정식쌤은 답답해하시는ㅋㅋㅋㅋㅋ 정식쌤&amp;승제쌤 조합 너무 좋은거같아요ㅋㅋㅋㅋㅋㅋ,2134,2024-07-27T08:42:25Z
@mesqunclub2104,정식게이야 개추뜻은 개같이 달려와서 추천이 아니라<br>개념글 추천이다,18,2024-07-27T08:39:14Z
@flyharia,"<a href=""https://www.youtube.com/watch?v=QNSCELZmNl0&amp;t=177"">2:57</a> 쌤 넘 귀여우심..",18,2024-07-27T08:38:14Z
@user-de1317,개추를 개같이 추천이라 하네ㅋㅋㅋㅋ,0,2024-07-27T08:37:48Z
@user-se3jx9vz6q,"76년생이면 우리 엄마아빠 나이대 이신데, 귀멸의 칼날이랑 티라미숙해를 어케 아심;; 자꾸 10살 어린놈이 저렇게 무시하면 개빡침;; 한 두번해야지 ㅋㅋㅋㅋㅋ 눈치껏하자고 정식썜",7,2024-07-27T08:36:19Z
@uexaqc,디져스ㅇㅈㄹㅋㅋㅋㅋㅋㅋㅋㅋㅋㅋㅋㅋ,5,2024-07-27T08:35:51Z
@Pra_seodymium,"<a href=""https://www.youtube.com/watch?v=QNSCELZmNl0&amp;t=816"">13:36</a> 개추 = 개념글(인기글) 추천",411,2024-07-27T08:33:01Z
@user-se3jx9vz6q,"네이버카페가 아니라 수만휘, 오르비 같은데로 가야지 ㅋㅋㅋ",70,2024-07-27T08:29:48Z
@user-fo4ks1xt5y,개추 뜻은 개념글 추천의 줄임말입니다.,31,2024-07-27T08:29:44Z
@서감,조정식 선생님 t라 미숙해  팔로우 수 50만 공략 해주시면 좋겠다,8,2024-07-27T08:28:19Z
@user-dk8rn7sg6b,정승제 ㅈ도없는데 이걸 유투브에 올리네;; 댓글읽기 이런거 성희롱아님?<br>여자였으면 이렇게 유투브에 올릴수 있었을까?;,5,2024-07-27T08:28:16Z
@Pra_seodymium,승제쌤이 보는 현우진 vs 정승제 이걸 어떻게 안 누름 ㅋㅋㅋㅋㅋ,2766,2024-07-27T08:27:55Z
@Yeekkong28,ㅋㅋㅋㅋㅋ너무재밌어요 ㅋㅋㅋㅋㅋㅋㅋㅋㅋㅋㅋㅋㅋ,29,2024-07-27T08:25:33Z
@rebe2559,정말 수학말고는 아무것도 모르셔 ㅋㅋ,4,2024-07-27T08:19:41Z
@user-ii3dp6um8o,헤으으응,3,2024-07-27T08:19:04Z
@user-nc4iu8yh5q,뭐 저런 남자들 가지고...,11,2024-07-27T08:18:40Z
@user-qx2lc1gc6z,빡갤도 봐주세요,3,2024-07-27T08:18:08Z
@rhkrhdmltptkd5290,현우진 정승제,2,2024-07-27T08:18:07Z
@sm._.vlog_09,오늘도 잘생기신 정식쌤 💕💕,7,2024-07-27T08:17:44Z
@user-eq5vm8wb2y,댓글 너무 심하네요.....<br><br><br><br><br><br><br><br><br><br><br><br>헤으응....❤,3,2024-07-27T08:15:01Z
@YJ_GAY,조정식: 차라리 디시인사이드를 해ㅡㅡ,416,2024-07-27T08:14:39Z
@easy90000_gyum,정승제 현우진 바로누르네ㅋㅋㅋㅋㅋㅋ,27,2024-07-27T08:14:02Z
@user-zo2uo3yl2m,물 들어올 때 노 젓는 티쳐스,4,2024-07-27T08:09:50Z
@hjnam7539,둘이 겁나 친해진 것 같음 ㅌㅋㅋㅋㅋ ㅋㅋㅋㅋㅋ,6156,2024-07-27T08:08:21Z
@스누피-v1j,미쳤다,1,2024-07-27T08:05:28Z
@joonha730,헤으응,0,2024-07-27T08:03:36Z
